Wavelength,MilliQ,MilliQ_2,MilliQ_3,C19nov21_CCT_r1,MilliQ_4_newcuvette,C19nov21_1.5m,C19nov21_21m,C19nov21_SMB,C19nov21_9m,C19nov21_TCT,C19nov21_0.1m,C19nov21_HPB,C19nov21_6m
190,0.022,0.022,0.02,0.838,-0.001,0.345,0.351,0.159,0.329,0.663,0.339,0.209,0.369
191,0.02,0.019,0.018,0.763,-0.003,0.322,0.327,0.149,0.308,0.611,0.318,0.196,0.34
192,0.019,0.019,0.019,0.678,-0.003,0.299,0.303,0.142,0.288,0.561,0.295,0.184,0.313
193,0.017,0.017,0.017,0.59,-0.002,0.276,0.279,0.134,0.266,0.511,0.273,0.172,0.285
194,0.015,0.016,0.015,0.521,-0.003,0.257,0.26,0.128,0.248,0.472,0.256,0.161,0.265
195,0.014,0.015,0.014,0.456,-0.003,0.24,0.242,0.123,0.232,0.437,0.24,0.152,0.246
196,0.014,0.014,0.014,0.403,-0.002,0.226,0.227,0.119,0.219,0.411,0.227,0.147,0.231
197,0.013,0.014,0.014,0.356,-0.002,0.213,0.215,0.115,0.206,0.386,0.214,0.14,0.218
198,0.012,0.012,0.012,0.317,-0.003,0.201,0.203,0.111,0.195,0.366,0.203,0.135,0.205
199,0.011,0.012,0.012,0.284,-0.003,0.192,0.194,0.108,0.186,0.349,0.194,0.132,0.196
200,0.011,0.011,0.011,0.257,-0.002,0.184,0.186,0.106,0.179,0.334,0.186,0.128,0.187
201,0.01,0.01,0.01,0.232,-0.002,0.177,0.178,0.104,0.171,0.321,0.178,0.125,0.179
202,0.01,0.01,0.01,0.212,-0.002,0.17,0.171,0.102,0.165,0.309,0.172,0.122,0.172
203,0.01,0.01,0.01,0.195,-0.001,0.165,0.165,0.1,0.159,0.299,0.166,0.119,0.166
204,0.01,0.01,0.01,0.181,-0.001,0.159,0.159,0.098,0.153,0.289,0.161,0.117,0.161
205,0.009,0.009,0.009,0.169,-0.001,0.153,0.153,0.095,0.148,0.279,0.155,0.113,0.155
206,0.008,0.009,0.009,0.16,-0.001,0.148,0.148,0.093,0.143,0.27,0.15,0.111,0.15
207,0.008,0.008,0.008,0.152,-0.002,0.144,0.144,0.091,0.138,0.261,0.146,0.109,0.146
208,0.008,0.008,0.008,0.146,-0.002,0.139,0.139,0.089,0.134,0.252,0.141,0.107,0.141
209,0.007,0.007,0.007,0.139,-0.002,0.134,0.134,0.086,0.129,0.242,0.136,0.104,0.136
210,0.007,0.007,0.007,0.133,-0.002,0.129,0.13,0.085,0.125,0.231,0.131,0.102,0.132
211,0.007,0.007,0.006,0.128,-0.002,0.125,0.125,0.083,0.121,0.219,0.127,0.099,0.127
212,0.006,0.006,0.006,0.123,-0.002,0.12,0.12,0.081,0.116,0.208,0.122,0.097,0.123
213,0.006,0.006,0.006,0.118,-0.002,0.116,0.116,0.079,0.112,0.196,0.118,0.095,0.119
214,0.006,0.006,0.006,0.113,-0.003,0.111,0.111,0.077,0.108,0.184,0.113,0.093,0.114
215,0.006,0.006,0.006,0.109,-0.003,0.107,0.107,0.075,0.104,0.172,0.109,0.091,0.11
216,0.005,0.005,0.006,0.105,-0.003,0.102,0.103,0.074,0.1,0.16,0.105,0.089,0.106
217,0.005,0.005,0.005,0.102,-0.003,0.099,0.099,0.072,0.096,0.148,0.101,0.088,0.102
218,0.005,0.005,0.005,0.098,-0.003,0.095,0.095,0.071,0.092,0.136,0.098,0.086,0.099
219,0.005,0.005,0.005,0.096,-0.003,0.092,0.092,0.07,0.089,0.126,0.094,0.085,0.095
220,0.005,0.005,0.005,0.092,-0.003,0.089,0.088,0.069,0.086,0.115,0.091,0.083,0.092
221,0.005,0.005,0.005,0.089,-0.003,0.085,0.085,0.068,0.083,0.105,0.088,0.082,0.089
222,0.005,0.005,0.005,0.086,-0.003,0.083,0.082,0.067,0.08,0.096,0.085,0.081,0.086
223,0.005,0.005,0.005,0.084,-0.003,0.08,0.079,0.066,0.077,0.088,0.082,0.079,0.083
224,0.004,0.005,0.004,0.081,-0.003,0.077,0.077,0.064,0.075,0.08,0.079,0.078,0.08
225,0.004,0.005,0.004,0.078,-0.003,0.075,0.074,0.064,0.072,0.073,0.077,0.077,0.078
226,0.004,0.004,0.004,0.076,-0.003,0.073,0.072,0.062,0.07,0.066,0.075,0.076,0.076
227,0.004,0.004,0.004,0.073,-0.003,0.071,0.07,0.062,0.068,0.061,0.072,0.075,0.073
228,0.004,0.004,0.004,0.071,-0.003,0.069,0.068,0.061,0.066,0.055,0.071,0.074,0.071
229,0.004,0.004,0.004,0.068,-0.003,0.067,0.066,0.06,0.064,0.051,0.069,0.072,0.069
230,0.004,0.004,0.004,0.066,-0.003,0.065,0.064,0.059,0.063,0.047,0.067,0.071,0.068
231,0.004,0.004,0.004,0.064,-0.003,0.064,0.063,0.058,0.061,0.043,0.066,0.07,0.066
232,0.004,0.004,0.004,0.062,-0.003,0.062,0.061,0.057,0.06,0.04,0.064,0.069,0.064
233,0.004,0.004,0.004,0.061,-0.002,0.061,0.06,0.056,0.058,0.037,0.063,0.068,0.063
234,0.004,0.004,0.004,0.059,-0.002,0.06,0.058,0.056,0.057,0.035,0.061,0.067,0.062
235,0.004,0.004,0.004,0.058,-0.002,0.059,0.057,0.054,0.056,0.033,0.06,0.066,0.06
236,0.004,0.004,0.004,0.057,-0.002,0.058,0.056,0.054,0.055,0.032,0.059,0.065,0.059
237,0.004,0.004,0.004,0.056,-0.002,0.057,0.055,0.053,0.054,0.03,0.058,0.064,0.058
238,0.004,0.004,0.004,0.055,-0.002,0.056,0.054,0.052,0.053,0.029,0.057,0.064,0.057
239,0.004,0.004,0.004,0.054,-0.002,0.055,0.053,0.052,0.052,0.029,0.057,0.063,0.057
240,0.004,0.004,0.004,0.054,-0.002,0.055,0.053,0.051,0.052,0.028,0.056,0.062,0.056
241,0.004,0.004,0.004,0.053,-0.002,0.054,0.052,0.05,0.051,0.027,0.055,0.061,0.055
242,0.004,0.004,0.004,0.053,-0.002,0.053,0.051,0.05,0.05,0.026,0.054,0.06,0.054
243,0.004,0.004,0.004,0.052,-0.002,0.053,0.051,0.049,0.05,0.026,0.054,0.06,0.054
244,0.004,0.004,0.004,0.052,-0.002,0.052,0.05,0.048,0.049,0.025,0.053,0.059,0.053
245,0.004,0.004,0.004,0.052,-0.002,0.051,0.049,0.048,0.049,0.024,0.052,0.058,0.053
246,0.004,0.004,0.004,0.051,-0.001,0.051,0.049,0.047,0.048,0.024,0.052,0.057,0.052
247,0.004,0.004,0.004,0.051,-0.001,0.05,0.048,0.047,0.047,0.024,0.051,0.057,0.051
248,0.004,0.004,0.004,0.051,-0.002,0.049,0.047,0.046,0.047,0.023,0.05,0.056,0.051
249,0.004,0.004,0.003,0.051,-0.002,0.049,0.047,0.046,0.046,0.023,0.05,0.055,0.05
250,0.004,0.004,0.003,0.051,-0.002,0.048,0.047,0.045,0.046,0.022,0.05,0.055,0.05
251,0.004,0.004,0.003,0.051,-0.001,0.048,0.046,0.045,0.045,0.022,0.049,0.054,0.05
252,0.004,0.004,0.004,0.051,-0.001,0.047,0.046,0.044,0.045,0.022,0.049,0.054,0.049
253,0.003,0.003,0.003,0.051,-0.002,0.047,0.045,0.044,0.044,0.022,0.048,0.053,0.049
254,0.003,0.003,0.003,0.051,-0.002,0.047,0.045,0.043,0.044,0.021,0.048,0.053,0.048
255,0.003,0.003,0.003,0.051,-0.002,0.046,0.044,0.043,0.044,0.021,0.047,0.052,0.048
256,0.003,0.003,0.003,0.051,-0.002,0.046,0.044,0.042,0.043,0.021,0.047,0.052,0.047
257,0.003,0.003,0.003,0.052,-0.002,0.045,0.043,0.042,0.043,0.021,0.046,0.051,0.047
258,0.003,0.003,0.003,0.052,-0.001,0.045,0.043,0.042,0.043,0.021,0.046,0.051,0.047
259,0.003,0.003,0.003,0.052,-0.001,0.045,0.043,0.042,0.042,0.02,0.046,0.051,0.046
260,0.003,0.003,0.003,0.053,-0.001,0.044,0.042,0.041,0.042,0.02,0.045,0.05,0.046
261,0.003,0.003,0.003,0.053,-0.001,0.044,0.042,0.041,0.042,0.02,0.045,0.05,0.045
262,0.003,0.003,0.003,0.053,-0.001,0.043,0.042,0.041,0.041,0.02,0.044,0.049,0.045
263,0.003,0.003,0.003,0.053,-0.002,0.043,0.041,0.04,0.041,0.02,0.044,0.049,0.045
264,0.003,0.003,0.003,0.054,-0.001,0.043,0.041,0.04,0.04,0.02,0.043,0.049,0.044
265,0.003,0.003,0.003,0.054,-0.001,0.042,0.04,0.04,0.04,0.02,0.043,0.048,0.044
266,0.003,0.003,0.003,0.054,-0.001,0.042,0.04,0.039,0.039,0.019,0.042,0.048,0.043
267,0.003,0.003,0.003,0.054,-0.001,0.041,0.039,0.039,0.039,0.019,0.042,0.047,0.043
268,0.003,0.003,0.003,0.054,-0.001,0.041,0.039,0.039,0.038,0.019,0.041,0.047,0.042
269,0.003,0.003,0.003,0.055,-0.001,0.04,0.038,0.038,0.038,0.019,0.041,0.047,0.041
270,0.003,0.003,0.003,0.055,-0.001,0.039,0.037,0.038,0.037,0.019,0.04,0.046,0.041
271,0.003,0.003,0.003,0.055,-0.001,0.039,0.037,0.037,0.037,0.019,0.04,0.046,0.04
272,0.003,0.003,0.003,0.055,-0.001,0.039,0.037,0.037,0.036,0.019,0.039,0.046,0.04
273,0.003,0.003,0.003,0.055,-0.001,0.038,0.036,0.037,0.036,0.018,0.039,0.045,0.039
274,0.003,0.003,0.003,0.055,-0.001,0.037,0.035,0.037,0.035,0.018,0.038,0.045,0.039
275,0.003,0.003,0.003,0.055,-0.001,0.037,0.035,0.036,0.034,0.018,0.038,0.044,0.038
276,0.003,0.003,0.003,0.055,-0.001,0.036,0.034,0.036,0.034,0.018,0.037,0.044,0.037
277,0.003,0.003,0.003,0.054,-0.001,0.035,0.033,0.035,0.033,0.018,0.036,0.043,0.037
278,0.003,0.003,0.003,0.054,-0.001,0.035,0.033,0.035,0.032,0.018,0.035,0.043,0.036
279,0.003,0.003,0.003,0.053,-0.002,0.034,0.032,0.034,0.032,0.017,0.035,0.042,0.035
280,0.003,0.003,0.003,0.053,-0.001,0.033,0.031,0.034,0.031,0.017,0.034,0.042,0.035
281,0.003,0.003,0.003,0.053,-0.001,0.033,0.031,0.034,0.031,0.017,0.034,0.042,0.034
282,0.003,0.003,0.003,0.052,-0.001,0.033,0.031,0.034,0.03,0.017,0.033,0.042,0.034
283,0.003,0.003,0.003,0.051,-0.001,0.032,0.03,0.033,0.03,0.017,0.032,0.041,0.033
284,0.003,0.003,0.003,0.051,-0.001,0.031,0.029,0.033,0.029,0.017,0.032,0.04,0.032
285,0.003,0.003,0.003,0.05,-0.001,0.031,0.028,0.032,0.028,0.017,0.031,0.04,0.032
286,0.003,0.003,0.003,0.049,-0.001,0.03,0.028,0.032,0.028,0.016,0.031,0.04,0.031
287,0.003,0.003,0.003,0.049,-0.001,0.03,0.028,0.032,0.028,0.016,0.03,0.039,0.031
288,0.003,0.003,0.003,0.048,-0.001,0.029,0.027,0.031,0.027,0.016,0.03,0.039,0.03
289,0.003,0.003,0.003,0.047,-0.001,0.029,0.026,0.031,0.026,0.016,0.029,0.038,0.029
290,0.003,0.003,0.003,0.046,-0.001,0.028,0.026,0.03,0.026,0.016,0.028,0.038,0.029
291,0.003,0.003,0.003,0.045,-0.001,0.028,0.025,0.03,0.025,0.015,0.028,0.037,0.028
292,0.003,0.003,0.003,0.044,-0.001,0.027,0.025,0.03,0.025,0.015,0.027,0.037,0.028
293,0.003,0.003,0.003,0.043,-0.001,0.027,0.024,0.029,0.024,0.015,0.027,0.036,0.027
294,0.003,0.002,0.002,0.042,-0.001,0.026,0.023,0.028,0.023,0.015,0.026,0.036,0.026
295,0.003,0.003,0.003,0.041,-0.001,0.026,0.023,0.028,0.023,0.015,0.026,0.036,0.026
296,0.003,0.003,0.003,0.041,-0.001,0.025,0.023,0.028,0.023,0.015,0.025,0.035,0.026
297,0.003,0.003,0.003,0.04,-0.001,0.025,0.022,0.028,0.022,0.015,0.025,0.035,0.025
298,0.003,0.003,0.003,0.039,-0.001,0.025,0.022,0.027,0.022,0.015,0.024,0.035,0.025
299,0.003,0.003,0.003,0.038,-0.001,0.024,0.021,0.027,0.021,0.014,0.024,0.034,0.024
300,0.003,0.003,0.002,0.037,-0.001,0.024,0.021,0.027,0.021,0.014,0.024,0.034,0.024
301,0.003,0.003,0.003,0.036,-0.001,0.024,0.02,0.027,0.021,0.014,0.023,0.034,0.024
302,0.003,0.002,0.002,0.035,-0.001,0.023,0.02,0.026,0.02,0.014,0.023,0.033,0.023
303,0.002,0.002,0.003,0.034,-0.001,0.023,0.02,0.026,0.02,0.014,0.022,0.033,0.023
304,0.003,0.002,0.002,0.034,-0.001,0.022,0.019,0.026,0.019,0.014,0.022,0.033,0.022
305,0.002,0.002,0.002,0.033,-0.001,0.022,0.019,0.025,0.019,0.013,0.022,0.032,0.022
306,0.002,0.002,0.002,0.032,-0.001,0.021,0.018,0.025,0.019,0.013,0.021,0.033,0.021
307,0.002,0.002,0.002,0.031,-0.001,0.02,0.018,0.025,0.018,0.012,0.021,0.032,0.021
308,0.002,0.002,0.002,0.031,-0.001,0.02,0.018,0.025,0.018,0.012,0.021,0.032,0.02
309,0.002,0.002,0.002,0.03,-0.001,0.02,0.017,0.024,0.018,0.012,0.02,0.031,0.02
310,0.002,0.002,0.002,0.029,-0.001,0.019,0.017,0.024,0.017,0.012,0.02,0.031,0.02
311,0.002,0.002,0.002,0.029,-0.001,0.019,0.017,0.024,0.017,0.012,0.02,0.031,0.019
312,0.002,0.002,0.002,0.028,-0.001,0.019,0.016,0.024,0.016,0.012,0.019,0.03,0.019
313,0.002,0.002,0.002,0.028,-0.001,0.018,0.016,0.023,0.017,0.012,0.019,0.03,0.019
314,0.002,0.002,0.002,0.027,-0.001,0.018,0.016,0.023,0.016,0.012,0.019,0.03,0.018
315,0.002,0.002,0.002,0.027,-0.001,0.018,0.016,0.023,0.016,0.011,0.019,0.03,0.018
316,0.002,0.002,0.002,0.027,-0.001,0.018,0.015,0.022,0.016,0.011,0.018,0.029,0.018
317,0.002,0.002,0.002,0.026,-0.001,0.017,0.015,0.022,0.015,0.011,0.018,0.029,0.018
318,0.002,0.002,0.002,0.026,-0.001,0.017,0.015,0.022,0.015,0.011,0.018,0.029,0.018
319,0.002,0.002,0.002,0.026,-0.001,0.017,0.014,0.022,0.015,0.011,0.017,0.028,0.017
320,0.002,0.002,0.002,0.025,-0.001,0.016,0.014,0.022,0.015,0.011,0.017,0.028,0.017
321,0.002,0.002,0.002,0.025,-0.001,0.016,0.014,0.021,0.015,0.011,0.016,0.028,0.017
322,0.002,0.002,0.002,0.025,-0.001,0.016,0.014,0.021,0.015,0.01,0.016,0.028,0.017
323,0.002,0.002,0.002,0.025,-0.001,0.016,0.014,0.021,0.014,0.011,0.016,0.028,0.017
324,0.002,0.002,0.002,0.025,-0.001,0.016,0.013,0.021,0.014,0.01,0.016,0.027,0.016
325,0.003,0.002,0.002,0.024,-0.001,0.016,0.013,0.02,0.014,0.01,0.016,0.027,0.016
326,0.002,0.002,0.002,0.024,-0.001,0.015,0.013,0.02,0.014,0.01,0.015,0.027,0.016
327,0.002,0.002,0.002,0.024,-0.001,0.015,0.013,0.02,0.013,0.01,0.015,0.026,0.015
328,0.002,0.002,0.002,0.024,-0.001,0.015,0.013,0.02,0.013,0.01,0.015,0.026,0.015
329,0.002,0.002,0.002,0.023,-0.001,0.015,0.012,0.019,0.013,0.01,0.015,0.026,0.015
330,0.002,0.002,0.002,0.023,-0.001,0.014,0.012,0.019,0.013,0.01,0.015,0.025,0.015
331,0.002,0.002,0.002,0.023,-0.001,0.014,0.012,0.019,0.013,0.01,0.015,0.025,0.015
332,0.002,0.002,0.002,0.023,-0.001,0.014,0.012,0.019,0.012,0.01,0.014,0.025,0.014
333,0.002,0.002,0.002,0.023,-0.001,0.014,0.012,0.018,0.012,0.009,0.014,0.025,0.014
334,0.002,0.002,0.002,0.023,-0.001,0.014,0.011,0.018,0.012,0.01,0.014,0.024,0.014
335,0.002,0.002,0.002,0.023,-0.001,0.014,0.011,0.018,0.012,0.01,0.014,0.024,0.014
336,0.002,0.002,0.002,0.022,-0.001,0.014,0.011,0.018,0.012,0.009,0.013,0.024,0.013
337,0.002,0.002,0.002,0.022,0,0.014,0.011,0.018,0.012,0.009,0.013,0.024,0.013
338,0.002,0.002,0.002,0.022,-0.001,0.013,0.01,0.017,0.011,0.009,0.013,0.023,0.013
339,0.003,0.002,0.002,0.022,0,0.013,0.011,0.018,0.012,0.009,0.013,0.023,0.013
340,0.004,0.004,0.004,0.023,0.001,0.015,0.012,0.019,0.013,0.011,0.014,0.025,0.014
341,0.002,0.002,0.003,0.022,-0.001,0.014,0.01,0.017,0.011,0.009,0.013,0.023,0.013
342,0.002,0.002,0.002,0.021,-0.001,0.013,0.01,0.017,0.011,0.009,0.012,0.023,0.012
343,0.002,0.002,0.002,0.021,-0.001,0.013,0.01,0.016,0.011,0.009,0.012,0.022,0.013
344,0.002,0.002,0.002,0.021,-0.001,0.012,0.009,0.016,0.01,0.009,0.012,0.022,0.012
345,0.002,0.002,0.002,0.021,-0.001,0.012,0.009,0.016,0.01,0.008,0.011,0.022,0.012
346,0.002,0.002,0.002,0.021,-0.001,0.012,0.009,0.016,0.01,0.008,0.011,0.022,0.012
347,0.002,0.002,0.002,0.02,-0.001,0.012,0.009,0.016,0.01,0.008,0.011,0.021,0.012
348,0.002,0.002,0.002,0.021,0,0.012,0.009,0.015,0.01,0.008,0.011,0.021,0.012
349,0.002,0.002,0.002,0.02,-0.001,0.012,0.009,0.015,0.01,0.008,0.011,0.021,0.012
350,0.002,0.002,0.002,0.02,-0.001,0.012,0.009,0.015,0.01,0.009,0.011,0.021,0.012
351,0.002,0.002,0.002,0.02,-0.001,0.012,0.008,0.015,0.009,0.008,0.011,0.02,0.011
352,0.002,0.002,0.002,0.02,-0.001,0.012,0.008,0.015,0.009,0.008,0.011,0.02,0.011
353,0.002,0.002,0.002,0.02,-0.001,0.011,0.008,0.015,0.009,0.008,0.01,0.02,0.011
354,0.002,0.001,0.002,0.02,-0.001,0.011,0.008,0.014,0.009,0.008,0.01,0.019,0.011
355,0.002,0.002,0.002,0.02,-0.001,0.011,0.008,0.014,0.009,0.008,0.01,0.019,0.011
356,0.002,0.001,0.002,0.02,-0.001,0.011,0.008,0.014,0.009,0.008,0.01,0.019,0.01
357,0.001,0.002,0.001,0.02,-0.001,0.011,0.008,0.014,0.008,0.008,0.01,0.019,0.01
358,0.001,0.001,0.002,0.02,-0.001,0.011,0.008,0.014,0.008,0.007,0.01,0.019,0.01
359,0.001,0.001,0.001,0.019,-0.001,0.011,0.007,0.013,0.008,0.007,0.01,0.019,0.01
360,0.002,0.002,0.001,0.019,-0.001,0.011,0.007,0.013,0.008,0.007,0.009,0.019,0.01
361,0.001,0.002,0.001,0.019,-0.001,0.011,0.007,0.013,0.008,0.007,0.009,0.018,0.01
362,0.001,0.001,0.001,0.019,-0.001,0.01,0.007,0.013,0.008,0.007,0.009,0.018,0.009
363,0.001,0.001,0.001,0.019,-0.001,0.01,0.007,0.013,0.008,0.007,0.009,0.018,0.009
364,0.001,0.001,0.001,0.019,-0.001,0.01,0.007,0.012,0.007,0.007,0.009,0.018,0.009
365,0.001,0.001,0.001,0.019,-0.001,0.01,0.006,0.013,0.007,0.007,0.008,0.017,0.009
366,0.001,0.001,0.001,0.019,-0.001,0.01,0.006,0.012,0.007,0.007,0.008,0.017,0.009
367,0.001,0.001,0.001,0.018,-0.001,0.01,0.006,0.012,0.007,0.007,0.008,0.017,0.009
368,0.001,0.001,0.001,0.018,-0.001,0.01,0.006,0.012,0.007,0.007,0.008,0.017,0.009
369,0.001,0.001,0.001,0.018,-0.001,0.009,0.006,0.012,0.007,0.007,0.008,0.017,0.009
370,0.001,0.001,0.001,0.018,-0.001,0.009,0.006,0.012,0.007,0.007,0.008,0.017,0.008
371,0.001,0.001,0.001,0.018,-0.001,0.009,0.005,0.012,0.006,0.006,0.008,0.017,0.008
372,0.001,0.001,0.001,0.018,-0.001,0.009,0.005,0.012,0.006,0.007,0.008,0.016,0.008
373,0.001,0.001,0.001,0.018,-0.001,0.009,0.005,0.011,0.006,0.006,0.007,0.016,0.008
374,0.001,0.001,0.001,0.018,-0.001,0.009,0.005,0.011,0.006,0.006,0.007,0.016,0.008
375,0.001,0.001,0.001,0.018,-0.001,0.009,0.005,0.011,0.006,0.006,0.007,0.016,0.008
376,0.001,0.001,0.001,0.018,-0.001,0.009,0.005,0.011,0.006,0.006,0.007,0.016,0.008
377,0.001,0.001,0.001,0.018,-0.001,0.009,0.005,0.011,0.006,0.006,0.007,0.016,0.008
378,0.001,0.001,0.001,0.018,-0.001,0.009,0.005,0.011,0.006,0.006,0.007,0.016,0.008
379,0.001,0.001,0.001,0.017,-0.001,0.009,0.005,0.011,0.006,0.006,0.007,0.015,0.008
380,0.001,0.001,0.001,0.017,-0.001,0.009,0.005,0.01,0.006,0.006,0.007,0.015,0.007
381,0.001,0.001,0.001,0.017,-0.001,0.009,0.005,0.01,0.006,0.006,0.007,0.015,0.007
382,0.001,0.001,0.001,0.017,-0.001,0.008,0.005,0.01,0.005,0.006,0.006,0.015,0.007
383,0.001,0.001,0.001,0.017,-0.001,0.009,0.005,0.01,0.005,0.006,0.006,0.015,0.007
384,0.001,0.001,0.001,0.017,-0.001,0.008,0.004,0.01,0.005,0.006,0.006,0.015,0.007
385,0.001,0.001,0.001,0.017,-0.001,0.008,0.004,0.01,0.005,0.006,0.006,0.014,0.007
386,0.001,0.001,0.001,0.017,-0.001,0.008,0.004,0.01,0.005,0.006,0.006,0.014,0.007
387,0.001,0.001,0.001,0.016,-0.001,0.008,0.004,0.01,0.005,0.006,0.006,0.014,0.007
388,0,0.001,0.001,0.016,-0.001,0.008,0.004,0.01,0.005,0.006,0.006,0.014,0.006
389,0.001,0.001,0.001,0.016,-0.001,0.008,0.004,0.01,0.005,0.006,0.006,0.014,0.006
390,0.001,0.001,0.001,0.017,-0.001,0.008,0.004,0.009,0.005,0.006,0.006,0.014,0.006
391,0.001,0.001,0.001,0.017,-0.001,0.008,0.004,0.009,0.005,0.006,0.006,0.014,0.006
392,0.001,0.001,0.001,0.016,-0.001,0.008,0.004,0.009,0.005,0.006,0.006,0.014,0.006
393,0.001,0.001,0.001,0.016,-0.001,0.008,0.004,0.009,0.004,0.005,0.005,0.014,0.006
394,0.001,0.001,0.001,0.016,-0.001,0.008,0.004,0.009,0.004,0.005,0.005,0.013,0.006
395,0.001,0.001,0.001,0.016,-0.001,0.008,0.003,0.009,0.004,0.005,0.005,0.013,0.006
396,0.001,0.001,0,0.016,-0.001,0.008,0.003,0.009,0.004,0.005,0.005,0.013,0.006
397,0.001,0,0.001,0.016,-0.001,0.008,0.003,0.009,0.004,0.005,0.005,0.013,0.006
398,0,0.001,0.001,0.016,-0.001,0.008,0.003,0.009,0.004,0.005,0.005,0.013,0.006
399,0.001,0.001,0.001,0.016,-0.001,0.008,0.003,0.009,0.004,0.005,0.005,0.013,0.006
400,0,0,0,0.016,-0.001,0.008,0.003,0.008,0.004,0.005,0.005,0.013,0.005
401,0,0.001,0.001,0.016,-0.001,0.008,0.003,0.008,0.004,0.005,0.005,0.013,0.005
402,0.001,0.001,0.001,0.016,-0.001,0.007,0.003,0.008,0.004,0.005,0.005,0.013,0.005
403,0.001,0,0,0.016,-0.001,0.007,0.003,0.008,0.004,0.005,0.005,0.012,0.005
404,0,0,0,0.016,-0.001,0.007,0.003,0.008,0.004,0.005,0.005,0.012,0.005
405,0,0,0,0.015,-0.001,0.007,0.003,0.008,0.004,0.005,0.004,0.012,0.005
406,0,0,0,0.015,-0.001,0.007,0.003,0.008,0.004,0.005,0.004,0.012,0.005
407,0,0,0,0.015,-0.001,0.007,0.003,0.008,0.004,0.005,0.004,0.012,0.005
408,0,0,0,0.015,-0.001,0.007,0.003,0.008,0.004,0.005,0.004,0.012,0.005
409,0,0,0,0.015,-0.001,0.007,0.003,0.008,0.004,0.005,0.004,0.012,0.005
410,0,0,0,0.015,-0.001,0.007,0.003,0.008,0.004,0.005,0.004,0.012,0.005
411,0,0,0,0.015,-0.001,0.007,0.002,0.008,0.003,0.005,0.004,0.012,0.005
412,0,0,0,0.015,-0.001,0.007,0.002,0.008,0.003,0.005,0.004,0.012,0.005
413,0,0,0,0.015,-0.001,0.007,0.002,0.008,0.003,0.005,0.004,0.012,0.005
414,0,0,0,0.015,-0.001,0.007,0.002,0.007,0.003,0.005,0.004,0.011,0.005
415,0,0,0,0.015,-0.001,0.007,0.002,0.007,0.003,0.005,0.004,0.011,0.005
416,0,0,0,0.015,-0.001,0.007,0.002,0.007,0.003,0.005,0.004,0.011,0.004
417,0,0,0,0.015,-0.001,0.007,0.002,0.007,0.003,0.005,0.004,0.011,0.004
418,0,0,0,0.015,-0.001,0.007,0.002,0.007,0.003,0.005,0.004,0.011,0.004
419,0,0,0,0.015,-0.001,0.007,0.002,0.007,0.003,0.005,0.003,0.011,0.004
420,0,0,0,0.015,-0.001,0.007,0.002,0.007,0.003,0.005,0.003,0.011,0.004
421,0,0,0,0.015,-0.001,0.007,0.002,0.007,0.003,0.004,0.003,0.011,0.004
422,0,0,0,0.015,-0.001,0.006,0.002,0.007,0.003,0.004,0.003,0.011,0.004
423,0,0,0,0.015,-0.001,0.006,0.002,0.007,0.003,0.004,0.003,0.011,0.004
424,0,0,0,0.015,-0.001,0.006,0.002,0.007,0.003,0.004,0.003,0.011,0.004
425,0,0,0,0.015,-0.001,0.006,0.002,0.007,0.003,0.004,0.003,0.01,0.004
426,0,0,0,0.015,-0.001,0.006,0.002,0.007,0.003,0.004,0.003,0.01,0.004
427,0,0,0,0.015,-0.001,0.006,0.002,0.007,0.003,0.004,0.003,0.01,0.004
428,0,0,0,0.015,-0.001,0.006,0.002,0.007,0.003,0.004,0.003,0.01,0.004
429,0,0,0,0.014,-0.001,0.006,0.002,0.007,0.003,0.004,0.003,0.01,0.004
430,0,0,0,0.014,-0.001,0.006,0.002,0.006,0.003,0.004,0.003,0.01,0.004
431,0,0,0,0.014,-0.001,0.006,0.002,0.006,0.003,0.004,0.003,0.01,0.004
432,0,0,0,0.015,-0.001,0.006,0.002,0.006,0.003,0.004,0.003,0.01,0.004
433,0,0,0,0.015,-0.001,0.006,0.002,0.006,0.003,0.004,0.003,0.01,0.004
434,0,0,0,0.014,-0.001,0.006,0.002,0.006,0.003,0.004,0.003,0.01,0.004
435,0,0,0,0.014,-0.001,0.006,0.001,0.006,0.003,0.004,0.003,0.01,0.004
436,0,0,0,0.014,-0.001,0.006,0.001,0.006,0.003,0.004,0.003,0.01,0.004
437,0,0,0,0.014,-0.001,0.006,0.001,0.006,0.002,0.004,0.003,0.01,0.004
438,0,0,0,0.014,-0.001,0.006,0.002,0.006,0.002,0.004,0.003,0.01,0.004
439,0,0,0,0.014,-0.001,0.006,0.001,0.006,0.002,0.004,0.003,0.01,0.003
440,0,0,0,0.014,-0.001,0.006,0.001,0.006,0.002,0.004,0.003,0.01,0.003
441,0,0,0,0.014,-0.001,0.006,0.001,0.006,0.002,0.004,0.003,0.01,0.003
442,0,0,0,0.014,-0.001,0.006,0.001,0.006,0.002,0.004,0.003,0.01,0.003
443,0,0,0,0.014,-0.001,0.006,0.001,0.006,0.002,0.004,0.003,0.009,0.003
444,0,0,0,0.014,-0.001,0.006,0.001,0.006,0.002,0.004,0.003,0.009,0.003
445,0,0,0,0.014,-0.001,0.006,0.001,0.006,0.002,0.004,0.002,0.009,0.003
446,0,0,0,0.014,-0.001,0.006,0.001,0.006,0.002,0.004,0.002,0.009,0.003
447,0,0,0,0.014,-0.001,0.006,0.001,0.006,0.002,0.004,0.002,0.009,0.003
448,0,0,0,0.014,-0.001,0.006,0.001,0.006,0.002,0.004,0.002,0.009,0.003
449,0,0,0,0.014,0,0.006,0.001,0.006,0.002,0.004,0.002,0.009,0.003
450,0,0,0,0.014,0,0.006,0.001,0.006,0.002,0.004,0.002,0.009,0.003
451,0,0,0,0.014,0,0.006,0.001,0.006,0.002,0.004,0.002,0.009,0.003
452,0,0,0,0.014,-0.001,0.006,0.001,0.006,0.002,0.004,0.002,0.009,0.003
453,0,0,0,0.014,-0.001,0.006,0.001,0.006,0.002,0.004,0.002,0.009,0.003
454,0,0,0,0.014,0,0.006,0.001,0.006,0.002,0.004,0.002,0.009,0.003
455,0,0,0,0.014,-0.001,0.006,0.001,0.006,0.002,0.004,0.002,0.009,0.003
456,0,0,0,0.014,-0.001,0.006,0.001,0.006,0.002,0.004,0.002,0.009,0.003
457,0,0,0,0.014,0,0.006,0.001,0.005,0.002,0.004,0.002,0.009,0.003
458,0,0,0,0.014,-0.001,0.006,0.001,0.005,0.002,0.004,0.002,0.009,0.003
459,0,0,0,0.014,-0.001,0.006,0.001,0.005,0.002,0.004,0.002,0.009,0.003
460,0,0,0,0.014,-0.001,0.006,0.001,0.005,0.002,0.004,0.002,0.009,0.003
461,0,0,0,0.014,0,0.006,0.001,0.005,0.002,0.004,0.002,0.009,0.003
462,0,0,0,0.014,0,0.006,0.001,0.005,0.002,0.004,0.002,0.009,0.003
463,0,0,0,0.014,0,0.006,0.001,0.005,0.002,0.004,0.002,0.009,0.003
464,0,0,0,0.014,0,0.006,0.001,0.005,0.002,0.004,0.002,0.009,0.003
465,0,0,0,0.014,0,0.006,0.001,0.005,0.002,0.004,0.002,0.009,0.003
466,0,0,0,0.014,0,0.006,0.001,0.005,0.002,0.004,0.002,0.009,0.003
467,0,0,0,0.014,0,0.006,0.001,0.005,0.002,0.004,0.002,0.008,0.003
468,0,0,0,0.014,0,0.006,0.001,0.005,0.002,0.004,0.002,0.008,0.003
469,0,0,0,0.014,0,0.006,0.001,0.005,0.002,0.004,0.002,0.008,0.003
470,0,0,0,0.014,0,0.006,0.001,0.005,0.002,0.004,0.002,0.008,0.003
471,0,0,0,0.014,0,0.006,0.001,0.005,0.002,0.004,0.002,0.008,0.003
472,0,0,0,0.014,0,0.006,0.001,0.005,0.002,0.004,0.002,0.008,0.003
473,0,0,0,0.014,0,0.006,0.001,0.005,0.002,0.004,0.002,0.008,0.003
474,0,0,0,0.014,0,0.006,0.001,0.005,0.002,0.004,0.002,0.008,0.003
475,0,0,0,0.014,0,0.006,0.001,0.005,0.002,0.004,0.002,0.008,0.003
476,0,0,0,0.014,0,0.006,0.001,0.005,0.002,0.004,0.002,0.008,0.003
477,0,0,0,0.014,0,0.006,0.001,0.005,0.001,0.004,0.002,0.008,0.003
478,0,0,0,0.014,0,0.006,0.001,0.005,0.002,0.004,0.002,0.008,0.003
479,0,0,0,0.014,0,0.006,0.001,0.005,0.002,0.004,0.002,0.008,0.003
480,0,0,0,0.014,0,0.006,0.001,0.005,0.002,0.004,0.002,0.008,0.003
481,0,0,0,0.014,0,0.006,0.001,0.005,0.001,0.004,0.002,0.008,0.003
482,0,0,0,0.013,0,0.006,0.001,0.005,0.001,0.004,0.002,0.008,0.003
483,0,0,0,0.013,0,0.005,0,0.005,0.001,0.004,0.002,0.008,0.003
484,0,0,0,0.013,0,0.005,0,0.005,0.001,0.004,0.001,0.008,0.002
485,0,0,0,0.013,0,0.005,0,0.005,0.001,0.004,0.001,0.008,0.002
486,0,0,0,0.013,0,0.005,0,0.005,0.001,0.004,0.002,0.008,0.003
487,0,0,0,0.013,0,0.005,0,0.005,0.001,0.004,0.002,0.008,0.003
488,0,0,0,0.013,-0.001,0.005,0,0.004,0.001,0.004,0.001,0.008,0.002
489,0,0,0,0.013,-0.001,0.005,0,0.004,0.001,0.003,0.001,0.008,0.002
490,0,0,0,0.013,-0.001,0.005,0,0.005,0.001,0.003,0.001,0.008,0.002
491,0,0,0,0.013,-0.001,0.005,0,0.004,0.001,0.004,0.001,0.008,0.002
492,0,0,0,0.013,-0.001,0.005,0,0.004,0.001,0.004,0.001,0.008,0.002
493,0,0,0,0.013,0,0.005,0,0.004,0.001,0.004,0.001,0.008,0.002
494,0,0,0,0.013,0,0.005,0,0.004,0.001,0.004,0.001,0.008,0.002
495,0,0,0,0.013,0,0.005,0,0.004,0.001,0.004,0.001,0.008,0.002
496,0,0,0,0.013,0,0.005,0,0.004,0.001,0.004,0.001,0.008,0.002
497,0,0,0,0.013,0,0.005,0,0.004,0.001,0.004,0.001,0.008,0.002
498,0,0,0,0.013,0,0.005,0,0.004,0.001,0.004,0.001,0.007,0.002
499,0,0,0,0.013,0,0.005,0,0.004,0.001,0.004,0.001,0.007,0.002
500,0,0,0,0.013,0,0.005,0,0.004,0.001,0.004,0.001,0.007,0.002
501,0,0,0,0.013,0,0.005,0,0.004,0.001,0.004,0.001,0.007,0.002
502,0,0,0,0.013,0,0.005,0,0.004,0.001,0.004,0.001,0.007,0.002
503,0,0,0,0.013,0,0.005,0,0.004,0.001,0.004,0.001,0.007,0.002
504,0,0,0,0.013,0,0.005,0,0.004,0.001,0.004,0.001,0.007,0.002
505,0,0,0,0.013,0,0.005,0,0.004,0.001,0.004,0.001,0.007,0.002
506,0,0,0,0.013,0,0.005,0,0.004,0.001,0.004,0.001,0.007,0.002
507,0,0,0,0.013,0,0.005,0,0.004,0.001,0.003,0.001,0.007,0.002
508,0,0,0,0.013,0,0.005,0,0.004,0.001,0.003,0.001,0.007,0.002
509,0,0,0,0.013,0,0.005,0,0.004,0.001,0.003,0.001,0.007,0.002
510,0,0,0,0.013,-0.001,0.005,0,0.004,0.001,0.003,0.001,0.007,0.002
511,0,0,0,0.013,-0.001,0.005,0,0.004,0.001,0.003,0.001,0.007,0.002
512,0,0,0,0.013,-0.001,0.005,0,0.004,0.001,0.003,0.001,0.007,0.002
513,0,0,0,0.013,0,0.005,0,0.004,0.001,0.003,0.001,0.007,0.002
514,0,0,0,0.013,-0.001,0.005,0,0.004,0.001,0.003,0.001,0.007,0.002
515,0,0,0,0.013,0,0.005,0,0.004,0.001,0.003,0.001,0.007,0.002
516,0,0,0,0.013,0,0.005,0,0.004,0.001,0.003,0.001,0.007,0.002
517,0,0,0,0.013,0,0.005,0,0.004,0.001,0.003,0.001,0.007,0.002
518,0,0,0,0.013,0,0.005,0,0.004,0.001,0.003,0.001,0.007,0.002
519,0,0,0,0.013,-0.001,0.005,0,0.004,0.001,0.003,0.001,0.007,0.002
520,0,0,0,0.013,-0.001,0.005,0,0.004,0.001,0.003,0.001,0.007,0.002
521,0,0,0,0.013,0,0.005,0,0.004,0.001,0.003,0.001,0.007,0.002
522,0,0,0,0.013,0,0.005,0,0.004,0.001,0.003,0.001,0.007,0.002
523,0,0,0,0.013,0,0.005,0,0.004,0.001,0.003,0.001,0.007,0.002
524,0,0,0,0.013,-0.001,0.005,0,0.004,0.001,0.003,0.001,0.007,0.002
525,0,0,0,0.013,-0.001,0.005,0,0.004,0.001,0.003,0.001,0.007,0.002
526,0,0,0,0.013,0,0.005,0,0.004,0.001,0.003,0.001,0.007,0.002
527,0,0,0,0.013,0,0.005,0,0.004,0.001,0.003,0.001,0.007,0.002
528,0,0,0,0.013,-0.001,0.005,0,0.004,0.001,0.003,0.001,0.007,0.002
529,0,0,-0.001,0.013,-0.001,0.005,0,0.004,0.001,0.003,0.001,0.007,0.002
530,0,0,0,0.013,0,0.005,0,0.004,0.001,0.003,0.001,0.007,0.002
531,0,0,0,0.013,0,0.005,0,0.004,0.001,0.003,0.001,0.007,0.002
532,0,0,0,0.013,0,0.005,0,0.004,0.001,0.003,0.001,0.007,0.002
533,0,0,0,0.013,0,0.005,0,0.004,0.001,0.003,0.001,0.007,0.002
534,0,0,0,0.013,0,0.005,0,0.004,0.001,0.003,0.001,0.007,0.002
535,0,0,0,0.013,0,0.005,0,0.004,0.001,0.004,0.001,0.007,0.002
536,0.001,0.001,0.001,0.014,0.001,0.006,0.001,0.005,0.002,0.004,0.002,0.008,0.003
537,0,0,0,0.013,0,0.006,0,0.004,0.001,0.004,0.001,0.007,0.002
538,0,0,0,0.013,0,0.005,0,0.004,0.001,0.004,0.001,0.007,0.002
539,0,0,0,0.013,0,0.005,0,0.004,0.001,0.003,0.001,0.007,0.002
540,0,0,0,0.013,0,0.005,0,0.004,0.001,0.003,0.001,0.007,0.002
541,0,0,0,0.013,0,0.005,0,0.004,0.001,0.004,0.001,0.007,0.002
542,0,0,0,0.013,0,0.005,0,0.004,0.001,0.004,0.001,0.007,0.002
543,0,0,0,0.013,0,0.005,0,0.004,0.001,0.004,0.001,0.007,0.002
544,0,0,0,0.013,0,0.005,0,0.004,0.001,0.004,0.001,0.007,0.002
545,0,0,0,0.013,0,0.005,0,0.004,0.001,0.004,0.001,0.007,0.002
546,0,0,0,0.013,0,0.005,0,0.004,0.001,0.004,0.001,0.007,0.002
547,0,0,0,0.013,0,0.005,0,0.004,0.001,0.004,0.001,0.007,0.002
548,0,0,0,0.013,0,0.005,0,0.004,0.001,0.004,0.001,0.007,0.002
549,0,0,0,0.013,0,0.005,0,0.004,0.001,0.004,0.001,0.007,0.002
550,0,0,0,0.013,0,0.005,0,0.004,0.001,0.004,0.001,0.007,0.002
551,0,0,0,0.013,0,0.005,0,0.004,0.001,0.003,0.001,0.007,0.002
552,0,0,0,0.013,0,0.005,0,0.004,0.001,0.004,0.001,0.007,0.002
553,0,0,0,0.013,0,0.005,0,0.004,0.001,0.004,0.001,0.007,0.002
554,0,0,0,0.013,0,0.005,0,0.004,0.001,0.004,0.001,0.007,0.002
555,0,0,0,0.013,0,0.005,0,0.004,0.001,0.004,0.001,0.007,0.002
556,0,0,0,0.013,0,0.005,0,0.004,0.001,0.004,0.001,0.007,0.002
557,0,0,0,0.013,0,0.005,0,0.004,0.001,0.004,0.001,0.007,0.002
558,0,0,0,0.013,0,0.005,0,0.004,0.001,0.004,0.001,0.007,0.002
559,0,0,0,0.013,0,0.005,0,0.004,0.001,0.004,0.001,0.007,0.002
560,0,0,0,0.013,0,0.005,0,0.004,0.001,0.004,0.001,0.007,0.002
561,0,0,0,0.013,0,0.005,0,0.004,0.001,0.004,0.001,0.007,0.002
562,0,0,0,0.013,0,0.005,0,0.004,0.001,0.004,0.001,0.007,0.002
563,0,0,0,0.013,0,0.005,0,0.004,0.001,0.004,0.001,0.007,0.002
564,0,0,0,0.013,0,0.005,0,0.004,0.001,0.004,0.001,0.007,0.002
565,0,0,0,0.013,0,0.005,0,0.004,0.001,0.004,0.001,0.007,0.002
566,0,0,0,0.013,0,0.005,0,0.004,0.001,0.004,0.001,0.007,0.002
567,0,0,0,0.013,0,0.005,0,0.004,0.001,0.004,0.001,0.007,0.002
568,0,0,0,0.013,0,0.005,0,0.004,0.001,0.004,0.001,0.007,0.002
569,0,0,0,0.013,0,0.005,0,0.004,0.001,0.004,0.001,0.007,0.002
570,0,0,0,0.013,0,0.005,0,0.004,0.001,0.004,0.001,0.007,0.002
571,0,0,0,0.014,0,0.005,0,0.004,0.001,0.004,0.001,0.007,0.002
572,0,0,0,0.014,0,0.005,0,0.004,0.001,0.004,0.001,0.007,0.002
573,0,0,0,0.013,0,0.005,0,0.003,0.001,0.004,0.001,0.007,0.002
574,0,0,0,0.013,0,0.005,0,0.003,0.001,0.004,0.001,0.006,0.002
575,0,0,0,0.013,0,0.005,0,0.003,0.001,0.004,0.001,0.007,0.002
576,0,0,0,0.013,0,0.005,0,0.004,0.001,0.004,0.001,0.007,0.002
577,0,0,0,0.014,0,0.005,0,0.004,0.001,0.004,0.001,0.007,0.002
578,0,0,0,0.014,0,0.005,0,0.003,0.001,0.004,0.001,0.006,0.002
579,0,0,0,0.014,0,0.005,0,0.004,0.001,0.004,0.001,0.007,0.002
580,0,0,0,0.013,0,0.006,0,0.004,0.001,0.004,0.001,0.007,0.002
581,0,0,0,0.013,0,0.005,0,0.004,0.001,0.004,0.001,0.007,0.002
582,0,0,0,0.014,0,0.005,0,0.003,0.001,0.004,0.001,0.007,0.002
583,0,0,0,0.014,0,0.006,0,0.003,0.001,0.004,0.001,0.007,0.002
584,0,0,0,0.014,0,0.006,0,0.003,0.001,0.004,0.001,0.007,0.002
585,0,0,0,0.014,0,0.006,0,0.003,0.001,0.004,0.001,0.007,0.002
586,0,0,0,0.014,0,0.006,0,0.003,0.001,0.004,0.001,0.007,0.002
587,0,0,0,0.014,0,0.006,0,0.003,0.001,0.004,0.001,0.007,0.002
588,0,0,0,0.014,0,0.006,0,0.003,0.001,0.004,0.001,0.007,0.002
589,0,0,0,0.013,0,0.006,0,0.003,0.001,0.004,0.001,0.007,0.002
590,0,0,0,0.013,0,0.006,0,0.003,0.001,0.004,0.001,0.007,0.002
591,0,0,0,0.014,0,0.006,0,0.003,0.001,0.004,0.001,0.007,0.002
592,0,0,0,0.013,0,0.005,0,0.003,0.001,0.004,0.001,0.006,0.002
593,0,0,0,0.014,0,0.005,0,0.003,0.001,0.004,0.001,0.006,0.002
594,0,0,0,0.014,0,0.006,0,0.003,0.001,0.004,0.001,0.006,0.002
595,0,0,0,0.014,0,0.006,0,0.003,0.001,0.004,0.001,0.007,0.002
596,0,0,0,0.013,0,0.005,0,0.003,0.001,0.004,0.001,0.006,0.002
597,0,0,0,0.014,0,0.006,0,0.003,0.001,0.004,0.001,0.006,0.002
598,0,0,0,0.014,0,0.006,0,0.003,0.001,0.004,0.001,0.006,0.002
599,0,0,0,0.014,0,0.006,0,0.003,0.001,0.004,0.001,0.006,0.002
600,0,0,0,0.014,0,0.006,0,0.003,0.001,0.004,0.001,0.006,0.002
601,0,0,0,0.014,0,0.006,0,0.003,0.001,0.004,0.001,0.006,0.002
602,0,0,0,0.014,0,0.006,0,0.003,0.001,0.004,0.001,0.006,0.002
603,0,0,0,0.014,0,0.006,0,0.003,0.001,0.004,0.001,0.006,0.002
604,0,0,0,0.014,0,0.006,0,0.003,0.001,0.004,0.001,0.006,0.002
605,0,0,0,0.013,0,0.005,0,0.003,0.001,0.004,0.001,0.006,0.002
606,0,0,0,0.014,0,0.006,0,0.003,0.001,0.004,0.001,0.006,0.002
607,0,0,0,0.014,0,0.006,0,0.003,0.001,0.004,0.001,0.006,0.002
608,0,0,0,0.014,0,0.005,0,0.003,0.001,0.004,0.001,0.006,0.002
609,0,0,0,0.013,0,0.005,0,0.003,0.001,0.004,0.001,0.006,0.002
610,0,0,0,0.014,0,0.005,0,0.003,0.001,0.004,0.001,0.006,0.002
611,0,0,0,0.014,0,0.006,0,0.003,0.001,0.004,0.001,0.006,0.002
612,0,0,0,0.014,0,0.005,0,0.003,0.001,0.004,0.001,0.006,0.002
613,0,0,0,0.014,0,0.006,0,0.003,0.001,0.004,0.001,0.006,0.002
614,0,0,0,0.014,0,0.005,0,0.003,0.001,0.004,0.001,0.006,0.002
615,0,0,0,0.013,0,0.005,0,0.003,0.001,0.004,0.001,0.006,0.002
616,0,0,0,0.013,0,0.005,0,0.003,0.001,0.004,0.001,0.006,0.002
617,0,0,0,0.013,0,0.005,0,0.003,0.001,0.004,0.001,0.006,0.002
618,0,0,0,0.014,0,0.005,0,0.003,0.001,0.004,0.001,0.006,0.002
619,0,0,0,0.014,0,0.005,0,0.003,0.001,0.004,0.001,0.006,0.002
620,0,0,0,0.014,0,0.005,0,0.003,0.001,0.004,0.001,0.006,0.002
621,0,0,0,0.013,0,0.005,0,0.003,0.001,0.004,0.001,0.006,0.002
622,0,0,0,0.013,0,0.005,0,0.003,0.001,0.003,0.001,0.006,0.002
623,0,0,0,0.014,0,0.005,0,0.003,0.001,0.004,0.001,0.006,0.002
624,0,0,0,0.014,0,0.005,0,0.003,0.001,0.004,0.001,0.006,0.002
625,0,0,0,0.014,0,0.005,0,0.003,0.001,0.004,0.001,0.006,0.002
626,0,0,0,0.013,0,0.005,0,0.003,0.001,0.004,0.001,0.006,0.002
627,0,0,0,0.013,0,0.005,0,0.003,0.001,0.004,0.001,0.006,0.002
628,0,0,0,0.013,0,0.005,0,0.003,0.001,0.004,0.001,0.006,0.002
629,0,0,0,0.013,0,0.005,0,0.003,0.001,0.003,0.001,0.006,0.002
630,0,0,0,0.013,0,0.005,0,0.003,0.001,0.003,0.001,0.006,0.002
631,0,0,0,0.014,0,0.005,0,0.003,0.001,0.003,0.001,0.006,0.002
632,0,0,0,0.013,0,0.005,0,0.003,0.001,0.003,0.001,0.006,0.002
633,0,0,0,0.013,0,0.005,0,0.003,0.001,0.003,0.001,0.006,0.002
634,0,0,0,0.013,0,0.005,0,0.003,0.001,0.004,0.001,0.006,0.002
635,0,0,0,0.013,0,0.005,0,0.003,0.001,0.003,0.001,0.006,0.002
636,0,0,0,0.013,0,0.005,0,0.003,0.001,0.003,0.001,0.006,0.002
637,0,0,0,0.013,0,0.005,0,0.003,0.001,0.003,0.001,0.006,0.002
638,0,0,0,0.013,0,0.005,0,0.003,0.001,0.003,0.001,0.006,0.002
639,0,0,0,0.013,0,0.005,0,0.003,0.001,0.003,0.001,0.006,0.002
640,0,0,0,0.013,0,0.005,0,0.003,0,0.003,0,0.006,0.002
641,0,0,0,0.013,0,0.005,0,0.002,0.001,0.003,0,0.006,0.002
642,0,0,0,0.013,0,0.005,0,0.002,0.001,0.003,0,0.006,0.002
643,0,0,0,0.013,0,0.005,0,0.002,0,0.003,0,0.006,0.002
644,0,0,0,0.013,0,0.005,0,0.003,0.001,0.003,0.001,0.006,0.002
645,0,0,0,0.013,0,0.005,0,0.003,0.001,0.003,0,0.006,0.002
646,0,0,0,0.013,0,0.005,0,0.003,0.001,0.003,0.001,0.006,0.002
647,0,0,0,0.013,0,0.005,0,0.003,0.001,0.003,0.001,0.006,0.002
648,0,0,0,0.013,0,0.005,0,0.003,0.001,0.003,0.001,0.006,0.002
649,0,0,0,0.013,0,0.005,0,0.003,0,0.003,0.001,0.006,0.002
650,0,0,0,0.013,0,0.005,0,0.003,0.001,0.003,0.001,0.006,0.002
651,0,0,0,0.013,0,0.005,0,0.003,0.001,0.003,0.001,0.006,0.002
652,0,0,0,0.013,0,0.005,0,0.003,0.001,0.003,0.001,0.006,0.002
653,0,0,0,0.013,0,0.005,0,0.003,0.001,0.003,0.001,0.006,0.002
654,0,0,0,0.013,0,0.005,0,0.003,0.001,0.003,0.001,0.006,0.002
655,0,0,0,0.013,0,0.005,0,0.003,0.001,0.003,0.001,0.006,0.002
656,0,0,0,0.013,0,0.005,0,0.003,0.001,0.004,0.001,0.006,0.002
657,0,0,0,0.013,0,0.005,0,0.003,0.001,0.004,0.001,0.006,0.002
658,0,0,0,0.013,0,0.005,0,0.002,0.001,0.003,0.001,0.006,0.002
659,0,0,0,0.013,0,0.005,0,0.003,0.001,0.004,0.001,0.006,0.002
660,0,0,0,0.013,0,0.005,0,0.002,0.001,0.003,0.001,0.006,0.002
661,0,0,0,0.013,0,0.005,0,0.002,0.001,0.003,0.001,0.006,0.002
662,0,0,0,0.013,0,0.005,0,0.002,0.001,0.003,0.001,0.006,0.002
663,0,0,0,0.013,0,0.005,0,0.002,0.001,0.004,0.001,0.006,0.002
664,0,0,0,0.013,0,0.005,0,0.002,0.001,0.004,0.001,0.006,0.002
665,0,0,0,0.013,0,0.005,0,0.002,0.001,0.004,0.001,0.006,0.002
666,0,0,0,0.013,0,0.005,0,0.002,0.001,0.003,0.001,0.006,0.002
667,0,0,0,0.013,0,0.005,0,0.002,0.001,0.004,0.001,0.006,0.002
668,0,0,0,0.013,0,0.005,0,0.002,0.001,0.004,0.001,0.006,0.002
669,0,0,0,0.013,0,0.005,0,0.002,0.001,0.004,0.001,0.006,0.002
670,0,0,0,0.013,0,0.005,0,0.002,0.001,0.004,0.001,0.006,0.002
671,0,0,0,0.013,0,0.005,0,0.002,0.001,0.004,0.001,0.006,0.002
672,0,0,0,0.013,0,0.005,0,0.002,0.001,0.003,0.001,0.006,0.002
673,0,0,0,0.013,0,0.005,0,0.002,0.001,0.004,0.001,0.006,0.002
674,0,0,0,0.013,0,0.005,0,0.002,0.001,0.004,0.001,0.006,0.002
675,0,0,0,0.013,0,0.005,0,0.002,0.001,0.004,0.001,0.006,0.002
676,0,0,0,0.014,0,0.005,0,0.002,0.001,0.004,0.001,0.006,0.002
677,0,0,0,0.013,0,0.005,0,0.002,0.001,0.003,0.001,0.006,0.002
678,0,0,0,0.013,0,0.005,0,0.002,0.001,0.003,0.001,0.006,0.002
679,0,0,0,0.013,0,0.005,0,0.002,0.001,0.004,0.001,0.006,0.002
680,0,0,0,0.013,0,0.005,0,0.002,0,0.003,0.001,0.006,0.002
681,0,0,0,0.013,0,0.005,0,0.002,0,0.003,0.001,0.006,0.002
682,0,0,0,0.013,0,0.005,0,0.002,0.001,0.004,0.001,0.006,0.002
683,0,0,0,0.013,0,0.005,0,0.002,0.001,0.004,0.001,0.006,0.002
684,0,0,0,0.013,0,0.005,0,0.002,0.001,0.004,0.001,0.006,0.002
685,0,0,0,0.013,0,0.005,0,0.002,0.001,0.004,0.001,0.006,0.002
686,0,0,0,0.014,0,0.005,0,0.002,0.001,0.004,0.001,0.006,0.002
687,0,0,0,0.014,0,0.005,0,0.002,0.001,0.004,0.001,0.006,0.002
688,0,0,0,0.014,0,0.005,0,0.002,0.001,0.004,0.001,0.006,0.002
689,0,0,0,0.014,0,0.005,0,0.002,0.001,0.004,0.001,0.006,0.002
690,0,0,0,0.014,0,0.005,0,0.002,0.001,0.004,0.001,0.006,0.002
691,0,0,0,0.014,0,0.005,0,0.002,0.001,0.003,0.001,0.006,0.002
692,0,0,0,0.013,0,0.005,0,0.002,0.001,0.004,0.001,0.006,0.002
693,0,0,0,0.014,0,0.005,0,0.002,0.001,0.004,0.001,0.006,0.002
694,0,0,0,0.013,0,0.005,0,0.002,0.001,0.003,0.001,0.006,0.002
695,0,0,0,0.014,0,0.005,0,0.002,0.001,0.004,0.001,0.006,0.002
696,0,0,0,0.014,0,0.005,0,0.002,0.001,0.003,0.001,0.006,0.002
697,0,0,0,0.014,0,0.005,0,0.002,0.001,0.004,0.001,0.006,0.002
698,0,0,0,0.014,0,0.005,0,0.002,0.001,0.004,0.001,0.006,0.002
699,0,0,0,0.014,0,0.005,0,0.002,0,0.004,0.001,0.006,0.002
700,0,0,0,0.014,0,0.005,0,0.002,0.001,0.004,0.001,0.006,0.002
701,0,0,0,0.014,0,0.005,0,0.002,0,0.004,0.001,0.006,0.002
702,0,0,0,0.014,0,0.005,0,0.002,0.001,0.004,0.001,0.006,0.002
703,0,0,0,0.014,0,0.005,0,0.002,0.001,0.004,0.001,0.006,0.002
704,0,0,0,0.014,0,0.005,0,0.002,0.001,0.004,0.001,0.006,0.002
705,0,0,0,0.014,0,0.005,0,0.002,0.001,0.004,0.001,0.006,0.002
706,0,0,0,0.014,0,0.005,0,0.002,0.001,0.004,0.001,0.006,0.002
707,0,0,0,0.014,0,0.005,0,0.002,0.001,0.004,0.001,0.006,0.002
708,0,0,0,0.014,0,0.005,0,0.002,0.001,0.004,0.001,0.006,0.002
709,0,0,0,0.014,0,0.005,0,0.002,0.001,0.004,0.001,0.006,0.002
710,0,0,0,0.014,0,0.005,0,0.002,0.001,0.004,0.001,0.006,0.002
711,0,0,0,0.014,0,0.005,0,0.002,0.001,0.004,0.001,0.006,0.002
712,0,0,0,0.014,0,0.005,0,0.002,0.001,0.004,0.001,0.006,0.002
713,0,0,0,0.014,0,0.005,0,0.002,0.001,0.004,0.001,0.006,0.002
714,0,0,0,0.013,0,0.005,0,0.002,0,0.004,0.001,0.006,0.002
715,0,0,0,0.014,0,0.005,0,0.002,0.001,0.004,0.001,0.006,0.002
716,0,0,0,0.014,0,0.005,0,0.002,0.001,0.004,0.001,0.006,0.002
717,0,0,0,0.014,0,0.005,0,0.002,0.001,0.004,0.001,0.006,0.002
718,0,0,0,0.014,0,0.005,0,0.002,0.001,0.004,0.001,0.006,0.002
719,0,0,0,0.014,0,0.005,0,0.002,0.001,0.004,0.001,0.006,0.002
720,0,0,0,0.014,0,0.005,0,0.002,0.001,0.004,0.001,0.006,0.002
721,0,0,0,0.014,0,0.005,0,0.002,0.001,0.004,0.001,0.006,0.002
722,0,0,0,0.014,0,0.005,0,0.002,0.001,0.004,0.001,0.006,0.002
723,0,0,0,0.014,0,0.005,0,0.002,0.001,0.004,0.001,0.006,0.002
724,0,0,0,0.014,0,0.005,0,0.002,0.001,0.004,0.001,0.006,0.002
725,0,0,0,0.014,0,0.005,0,0.002,0.001,0.004,0.001,0.006,0.002
726,0,0,0,0.014,0,0.005,0,0.002,0.001,0.004,0.001,0.006,0.002
727,0,0,0,0.014,0,0.005,0,0.002,0.001,0.004,0.001,0.006,0.002
728,0,0,0,0.014,0,0.005,0,0.002,0.001,0.004,0.001,0.006,0.002
729,0,0,0,0.014,0,0.005,0,0.002,0.001,0.004,0.001,0.006,0.002
730,0,0,0,0.014,0,0.005,0,0.002,0.001,0.004,0.001,0.006,0.002
731,0,0,0,0.014,0,0.005,0,0.002,0.001,0.004,0.001,0.006,0.002
732,0,0,0,0.014,0,0.005,0,0.002,0.001,0.004,0.001,0.006,0.002
733,0,0,0,0.014,0,0.005,0,0.002,0.001,0.004,0.001,0.006,0.002
734,0,0,0,0.014,0,0.005,0,0.002,0.001,0.004,0.001,0.006,0.002
735,0,0,0,0.014,0,0.006,0,0.002,0.001,0.004,0.001,0.006,0.002
736,0,0,0,0.014,0,0.006,0,0.002,0.001,0.004,0.001,0.006,0.002
737,0,0,0,0.014,0,0.006,0,0.002,0.001,0.004,0.001,0.006,0.002
738,0,0,0,0.014,0,0.005,0,0.002,0.001,0.004,0.001,0.006,0.002
739,0,0,0,0.014,0,0.005,0,0.002,0,0.004,0.001,0.006,0.002
740,0,0,0,0.014,0,0.005,0,0.002,0,0.004,0.001,0.006,0.002
741,0,0,0,0.014,0,0.005,0,0.002,0,0.004,0.001,0.006,0.002
742,0,0,0,0.014,0,0.006,0,0.002,0.001,0.004,0.001,0.006,0.002
743,0,0,0,0.014,0,0.006,0,0.002,0.001,0.004,0.001,0.006,0.002
744,0,0,0,0.014,0,0.006,0,0.002,0.001,0.004,0.001,0.006,0.002
745,0,0,0,0.014,0,0.006,0,0.002,0.001,0.004,0.001,0.006,0.002
746,0,0,0,0.014,0,0.005,0,0.002,0,0.004,0.001,0.006,0.002
747,0,0,0,0.014,0,0.005,0,0.002,0,0.004,0.001,0.006,0.002
748,0,0,0,0.014,0,0.006,0,0.002,0.001,0.004,0.001,0.006,0.002
749,0,0,0,0.014,0,0.005,0,0.002,0.001,0.004,0.001,0.006,0.002
750,0,0,0,0.014,0,0.005,0,0.002,0.001,0.004,0.001,0.006,0.002
751,0,0,0,0.014,0,0.005,0,0.002,0.001,0.004,0.001,0.006,0.002
752,0,0,0,0.014,0,0.006,0,0.002,0.001,0.004,0.001,0.006,0.002
753,0,0,0,0.014,0,0.006,0,0.002,0.001,0.004,0.001,0.006,0.002
754,0,0,0,0.014,0,0.005,0,0.002,0.001,0.004,0.001,0.006,0.002
755,0,0,0,0.014,0,0.006,0,0.002,0.001,0.004,0.001,0.006,0.002
756,0,0,0,0.014,0,0.005,0,0.002,0.001,0.004,0.001,0.006,0.002
757,0,0,0,0.014,0,0.005,0,0.002,0.001,0.004,0.001,0.006,0.002
758,0,0,0,0.014,0,0.006,0,0.002,0.001,0.004,0.001,0.006,0.002
759,0,0,0,0.014,0,0.006,0,0.002,0.001,0.004,0.001,0.006,0.002
760,0.001,0.001,0.001,0.015,0.001,0.007,0.001,0.003,0.002,0.005,0.002,0.007,0.003
761,0,0,0,0.014,0,0.006,0,0.002,0.001,0.004,0.001,0.006,0.002
762,0,0,0,0.014,0,0.005,0,0.002,0,0.004,0.001,0.006,0.002
763,0,0,0,0.014,0,0.005,0,0.002,0.001,0.004,0.001,0.006,0.002
764,0,0,0,0.014,0,0.005,0,0.002,0.001,0.004,0.001,0.006,0.002
765,0,0,0,0.014,0,0.005,0,0.002,0.001,0.004,0.001,0.006,0.002
766,0,0,0,0.014,0,0.005,0,0.002,0.001,0.004,0.001,0.006,0.002
767,0,0,0,0.014,0,0.005,0,0.002,0.001,0.004,0.001,0.006,0.002
768,0,0,0,0.014,0,0.005,0,0.002,0.001,0.004,0.001,0.006,0.002
769,0,0,0,0.014,0,0.005,0,0.002,0.001,0.004,0.001,0.006,0.002
770,0,0,0,0.014,0,0.005,0,0.002,0.001,0.004,0.001,0.006,0.002
771,0,0,0,0.014,0,0.005,0,0.002,0.001,0.004,0.001,0.006,0.002
772,0,0,0,0.014,0,0.005,0,0.002,0.001,0.004,0.001,0.006,0.002
773,0,0,0,0.014,0,0.005,0,0.002,0.001,0.004,0.001,0.006,0.002
774,0,0,0,0.014,0,0.005,0,0.002,0.001,0.004,0.001,0.006,0.002
775,0,0,0,0.014,0,0.005,0,0.002,0.001,0.004,0.001,0.006,0.002
776,0,0,0,0.014,0,0.005,0,0.002,0.001,0.004,0.001,0.006,0.002
777,0,0,0,0.014,0,0.005,0,0.002,0.001,0.004,0.001,0.006,0.002
778,0,0,0,0.014,0,0.005,0,0.002,0.001,0.004,0.001,0.006,0.002
779,0,0,0,0.014,0,0.005,0,0.002,0.001,0.004,0.001,0.006,0.002
780,0,0,0,0.014,0,0.005,0,0.002,0.001,0.004,0.001,0.006,0.002
781,0,0,0,0.014,0,0.005,0,0.002,0,0.004,0.001,0.006,0.002
782,0,0,0,0.014,0,0.005,0,0.002,0,0.003,0.001,0.006,0.002
783,0,0,0,0.014,0,0.005,0,0.002,0.001,0.004,0.001,0.006,0.002
784,0,0,0,0.014,0,0.005,0,0.002,0.001,0.004,0.001,0.006,0.002
785,0,0,0,0.014,0,0.005,0,0.002,0.001,0.004,0.001,0.006,0.002
786,0,0,0,0.014,0,0.005,0,0.002,0.001,0.004,0.001,0.006,0.002
787,0,0,0,0.014,0,0.005,0,0.002,0.001,0.004,0.001,0.006,0.002
788,0,0,0,0.014,0,0.005,0,0.002,0.001,0.004,0.001,0.006,0.002
789,0,0,0,0.014,0,0.005,0,0.002,0.001,0.004,0.001,0.006,0.002
790,0,0,0,0.014,0,0.005,0,0.002,0.001,0.004,0.001,0.006,0.002
791,0,0,0,0.014,0,0.005,0,0.002,0.001,0.004,0.001,0.006,0.002
792,0,0,0,0.014,0,0.005,0,0.002,0.001,0.004,0.001,0.006,0.002
793,0,0,0,0.014,0,0.005,0,0.002,0.001,0.004,0.001,0.006,0.002
794,0,0,0,0.014,0,0.005,0,0.002,0.001,0.004,0.001,0.006,0.002
795,0,0,0,0.014,0,0.006,0,0.002,0.001,0.004,0.001,0.006,0.002
796,0,0,0,0.014,0,0.006,0,0.002,0.001,0.004,0.001,0.006,0.002
797,0,0,0,0.014,0,0.006,0,0.002,0.001,0.004,0.001,0.006,0.002
798,0,0,0,0.014,0,0.006,0,0.002,0.001,0.004,0.001,0.006,0.002
799,0,0,0,0.014,0,0.005,0,0.002,0.001,0.004,0.001,0.006,0.002
800,0,0,0,0.014,0,0.005,0,0.002,0.001,0.004,0.001,0.006,0.002
801,0,0,0,0.014,0,0.005,0,0.002,0.001,0.004,0.001,0.006,0.002
802,0,0,0,0.014,0,0.006,0,0.002,0.001,0.004,0.001,0.006,0.002
803,0,0,0,0.014,0,0.006,0,0.002,0.001,0.004,0.001,0.006,0.002
804,0,0,0,0.014,0,0.006,0,0.002,0.001,0.004,0.001,0.006,0.002
805,0,0,0,0.014,0,0.005,0,0.002,0.001,0.004,0.001,0.006,0.002
806,0,0,0,0.014,0,0.005,0,0.002,0.001,0.004,0.001,0.006,0.002
807,0,0,0,0.014,0,0.005,0,0.002,0.001,0.004,0.001,0.006,0.002
808,0,0,0,0.014,0,0.005,0,0.002,0.001,0.004,0.001,0.006,0.002
809,0,0,0,0.014,0,0.006,0,0.002,0.001,0.004,0.001,0.006,0.002
810,0,0,0,0.014,0,0.006,0,0.002,0.001,0.004,0.001,0.006,0.002
811,0,0,0,0.014,0,0.006,0,0.002,0.001,0.004,0.001,0.006,0.002
812,0,0,0,0.014,0,0.006,0,0.002,0.001,0.004,0.001,0.006,0.002
813,0,0,0,0.014,0,0.005,0,0.002,0.001,0.004,0.001,0.006,0.002
814,0,0,0,0.014,0,0.005,0,0.002,0.001,0.004,0.001,0.006,0.002
815,0,0,0,0.014,0,0.006,0,0.002,0.001,0.004,0.001,0.006,0.002
816,0,0,0,0.014,0,0.006,0,0.002,0.001,0.004,0.001,0.006,0.002
817,0,0,0,0.014,0,0.006,0,0.002,0.001,0.004,0.001,0.006,0.002
818,0,0,0,0.014,0,0.006,0,0.002,0.001,0.004,0.001,0.006,0.002
819,0,0,0,0.014,0,0.006,0,0.002,0.001,0.004,0.001,0.006,0.002
820,0,0,0,0.014,0,0.006,0,0.002,0.001,0.004,0.001,0.006,0.002
821,0,0,0,0.014,0,0.006,0,0.002,0.001,0.004,0.001,0.006,0.002
822,0,0,0,0.014,0,0.006,0,0.002,0.001,0.004,0.001,0.006,0.002
823,0,0,0,0.014,0,0.006,0,0.002,0.001,0.004,0.001,0.006,0.002
824,0,0,0,0.014,0,0.006,0,0.002,0.001,0.004,0.001,0.006,0.002
825,0,0,0,0.014,0,0.006,0,0.002,0.001,0.004,0.001,0.006,0.002
826,0,0,0,0.014,0,0.006,0,0.002,0.001,0.004,0.001,0.006,0.002
827,0,0,0,0.014,0,0.006,0,0.002,0.001,0.004,0.001,0.006,0.002
828,0,0,0,0.014,0,0.006,0,0.002,0.001,0.004,0.001,0.006,0.002
829,0,0,0,0.014,0,0.006,0,0.002,0.001,0.004,0.001,0.006,0.002
830,0,0,0,0.014,0,0.006,0,0.002,0.001,0.004,0.001,0.006,0.002
831,0,0,0,0.014,0,0.006,0,0.002,0.001,0.004,0.001,0.006,0.002
832,0,0,0,0.014,0,0.006,0,0.002,0.001,0.004,0.001,0.006,0.002
833,0,0,0,0.014,0,0.006,0,0.002,0.001,0.004,0.001,0.006,0.002
834,0,0,0,0.014,0,0.006,0,0.002,0.001,0.004,0.001,0.006,0.002
835,0,0,0,0.014,0,0.006,0,0.002,0.001,0.004,0.001,0.006,0.002
836,0,0,0,0.014,0,0.006,0,0.002,0.001,0.004,0.001,0.006,0.002
837,0,0,0,0.014,0,0.006,0,0.002,0.001,0.004,0.001,0.006,0.002
838,0,0,0,0.014,0,0.006,0,0.002,0.001,0.004,0.001,0.006,0.002
839,0,0,0,0.014,0,0.006,0,0.002,0.001,0.004,0.001,0.006,0.002
840,0,0,0,0.014,0,0.006,0,0.002,0.001,0.004,0.001,0.006,0.002
841,0,0,0,0.014,0,0.006,0,0.002,0.001,0.004,0.001,0.006,0.002
842,0,0,0,0.014,0,0.006,0,0.002,0.001,0.004,0.001,0.006,0.002
843,0,0,0,0.014,0,0.006,0,0.002,0.001,0.004,0.001,0.006,0.002
844,0,0,0,0.014,0,0.006,0,0.002,0.001,0.004,0.001,0.006,0.002
845,0,0,0,0.014,0,0.006,0,0.002,0.001,0.004,0.001,0.006,0.002
846,0,0,0,0.014,0,0.006,0,0.002,0.001,0.004,0.001,0.006,0.002
847,0,0,0,0.014,0,0.006,0,0.002,0.001,0.004,0.001,0.006,0.002
848,0,0,0,0.014,0,0.006,0,0.002,0.001,0.004,0.001,0.006,0.002
849,0,0,0,0.014,0,0.006,0,0.002,0.001,0.004,0.001,0.006,0.002
850,0,0,0,0.014,0,0.006,0,0.002,0.001,0.004,0.001,0.006,0.002
