Wavelength,MilliQ,C9jun22_1_5m_r2,C9jun22_9m_r2,C9jun22_SMB_r1,C9jun22_0_1m_r2,C9jun22_TCT_r2,C9jun22_CCS_r2,C9jun22_CCT_r2,C9jun22_21m_r2,C9jun22_6m_r2,C9jun22_1_5m_r1
190,-0.018,0.352,0.304,0.124,0.341,0.345,0.275,0.568,0.361,0.347,0.366
191,-0.019,0.325,0.278,0.116,0.317,0.319,0.245,0.524,0.333,0.322,0.336
192,-0.018,0.297,0.253,0.108,0.291,0.292,0.217,0.475,0.306,0.297,0.308
193,-0.019,0.27,0.227,0.102,0.266,0.267,0.19,0.423,0.277,0.272,0.279
194,-0.019,0.248,0.207,0.096,0.247,0.246,0.17,0.382,0.254,0.251,0.256
195,-0.018,0.228,0.187,0.092,0.227,0.227,0.151,0.343,0.234,0.231,0.236
196,-0.017,0.212,0.171,0.088,0.211,0.211,0.137,0.31,0.216,0.215,0.219
197,-0.016,0.197,0.157,0.085,0.197,0.198,0.124,0.283,0.201,0.201,0.205
198,-0.016,0.184,0.145,0.082,0.184,0.186,0.114,0.259,0.187,0.188,0.192
199,-0.015,0.173,0.135,0.08,0.173,0.176,0.105,0.24,0.177,0.177,0.18
200,-0.015,0.162,0.127,0.078,0.164,0.166,0.098,0.223,0.167,0.167,0.17
201,-0.015,0.153,0.119,0.076,0.155,0.157,0.092,0.208,0.159,0.157,0.161
202,-0.014,0.145,0.112,0.074,0.147,0.15,0.087,0.195,0.151,0.149,0.153
203,-0.014,0.138,0.107,0.073,0.141,0.143,0.083,0.185,0.145,0.142,0.146
204,-0.013,0.132,0.102,0.072,0.135,0.137,0.08,0.176,0.14,0.135,0.14
205,-0.013,0.126,0.097,0.07,0.13,0.132,0.076,0.169,0.135,0.13,0.135
206,-0.013,0.121,0.093,0.069,0.124,0.127,0.074,0.162,0.13,0.125,0.13
207,-0.012,0.117,0.09,0.068,0.12,0.123,0.072,0.156,0.126,0.121,0.126
208,-0.012,0.114,0.087,0.066,0.116,0.119,0.069,0.151,0.123,0.117,0.122
209,-0.012,0.11,0.084,0.065,0.112,0.115,0.067,0.145,0.119,0.113,0.119
210,-0.012,0.107,0.082,0.064,0.109,0.112,0.065,0.14,0.116,0.11,0.115
211,-0.011,0.104,0.08,0.063,0.106,0.109,0.063,0.134,0.113,0.107,0.112
212,-0.011,0.101,0.077,0.061,0.102,0.105,0.062,0.128,0.11,0.104,0.109
213,-0.01,0.098,0.075,0.06,0.099,0.102,0.06,0.122,0.106,0.101,0.106
214,-0.01,0.096,0.073,0.058,0.096,0.099,0.058,0.117,0.103,0.099,0.104
215,-0.01,0.093,0.072,0.057,0.093,0.097,0.056,0.111,0.1,0.096,0.101
216,-0.009,0.091,0.07,0.056,0.09,0.094,0.055,0.105,0.097,0.094,0.099
217,-0.01,0.089,0.068,0.055,0.087,0.091,0.053,0.099,0.094,0.091,0.096
218,-0.009,0.087,0.066,0.053,0.084,0.088,0.051,0.094,0.091,0.089,0.094
219,-0.009,0.085,0.065,0.052,0.082,0.086,0.05,0.088,0.089,0.087,0.092
220,-0.009,0.083,0.063,0.051,0.08,0.084,0.048,0.083,0.086,0.085,0.09
221,-0.009,0.081,0.062,0.05,0.077,0.082,0.046,0.078,0.083,0.083,0.088
222,-0.009,0.079,0.061,0.049,0.075,0.08,0.045,0.074,0.081,0.081,0.086
223,-0.009,0.078,0.059,0.048,0.073,0.078,0.044,0.07,0.079,0.08,0.085
224,-0.009,0.076,0.058,0.047,0.071,0.076,0.043,0.066,0.077,0.078,0.083
225,-0.008,0.075,0.057,0.046,0.069,0.074,0.042,0.062,0.075,0.076,0.082
226,-0.009,0.073,0.056,0.045,0.067,0.073,0.04,0.059,0.073,0.075,0.08
227,-0.009,0.072,0.054,0.044,0.065,0.071,0.039,0.056,0.071,0.073,0.079
228,-0.008,0.07,0.053,0.044,0.064,0.07,0.038,0.053,0.069,0.072,0.077
229,-0.008,0.069,0.052,0.043,0.062,0.068,0.037,0.05,0.068,0.07,0.076
230,-0.008,0.068,0.051,0.042,0.061,0.067,0.036,0.048,0.066,0.069,0.075
231,-0.008,0.067,0.05,0.041,0.059,0.065,0.035,0.046,0.065,0.068,0.073
232,-0.008,0.065,0.049,0.041,0.058,0.064,0.035,0.044,0.063,0.066,0.072
233,-0.008,0.064,0.048,0.04,0.057,0.063,0.034,0.043,0.062,0.065,0.071
234,-0.008,0.063,0.048,0.039,0.055,0.062,0.033,0.041,0.061,0.064,0.07
235,-0.008,0.062,0.046,0.039,0.054,0.061,0.032,0.04,0.06,0.063,0.068
236,-0.008,0.061,0.046,0.038,0.053,0.059,0.032,0.039,0.059,0.062,0.068
237,-0.008,0.06,0.045,0.037,0.052,0.059,0.031,0.038,0.058,0.061,0.067
238,-0.008,0.059,0.044,0.037,0.051,0.058,0.031,0.037,0.057,0.06,0.066
239,-0.008,0.058,0.044,0.036,0.05,0.057,0.03,0.037,0.056,0.059,0.065
240,-0.008,0.058,0.043,0.036,0.05,0.056,0.03,0.036,0.055,0.058,0.064
241,-0.008,0.057,0.042,0.036,0.049,0.055,0.03,0.035,0.055,0.057,0.064
242,-0.007,0.056,0.042,0.035,0.048,0.055,0.029,0.035,0.054,0.056,0.063
243,-0.007,0.056,0.041,0.035,0.048,0.054,0.029,0.034,0.053,0.056,0.062
244,-0.007,0.055,0.041,0.034,0.047,0.054,0.028,0.034,0.053,0.055,0.062
245,-0.007,0.055,0.041,0.034,0.047,0.053,0.028,0.034,0.052,0.055,0.061
246,-0.007,0.054,0.04,0.033,0.046,0.053,0.028,0.033,0.052,0.054,0.061
247,-0.007,0.054,0.04,0.033,0.046,0.052,0.028,0.033,0.051,0.054,0.06
248,-0.007,0.053,0.039,0.033,0.046,0.052,0.027,0.033,0.051,0.053,0.06
249,-0.007,0.053,0.039,0.033,0.045,0.052,0.027,0.032,0.051,0.053,0.06
250,-0.007,0.053,0.039,0.033,0.045,0.051,0.027,0.032,0.051,0.053,0.059
251,-0.006,0.053,0.039,0.032,0.045,0.051,0.027,0.032,0.05,0.052,0.059
252,-0.007,0.052,0.038,0.032,0.044,0.051,0.027,0.032,0.05,0.052,0.059
253,-0.007,0.052,0.038,0.032,0.044,0.05,0.026,0.031,0.05,0.051,0.058
254,-0.006,0.051,0.038,0.031,0.043,0.05,0.026,0.031,0.049,0.051,0.058
255,-0.006,0.051,0.037,0.031,0.043,0.05,0.026,0.031,0.049,0.051,0.058
256,-0.006,0.051,0.037,0.031,0.043,0.049,0.026,0.031,0.049,0.05,0.057
257,-0.006,0.05,0.037,0.03,0.042,0.049,0.025,0.031,0.048,0.05,0.057
258,-0.006,0.05,0.036,0.03,0.042,0.048,0.025,0.03,0.048,0.049,0.057
259,-0.006,0.05,0.036,0.03,0.042,0.048,0.025,0.03,0.047,0.049,0.056
260,-0.006,0.049,0.036,0.03,0.041,0.047,0.025,0.03,0.047,0.049,0.056
261,-0.006,0.049,0.035,0.029,0.041,0.047,0.024,0.03,0.046,0.048,0.055
262,-0.006,0.048,0.035,0.029,0.04,0.047,0.024,0.029,0.046,0.048,0.055
263,-0.006,0.048,0.035,0.029,0.04,0.046,0.024,0.029,0.046,0.047,0.054
264,-0.006,0.047,0.034,0.028,0.039,0.046,0.023,0.029,0.045,0.047,0.054
265,-0.006,0.047,0.034,0.028,0.039,0.045,0.023,0.029,0.045,0.046,0.054
266,-0.006,0.047,0.034,0.028,0.038,0.044,0.023,0.028,0.044,0.046,0.053
267,-0.006,0.046,0.033,0.027,0.038,0.044,0.023,0.028,0.044,0.045,0.052
268,-0.006,0.045,0.033,0.027,0.037,0.043,0.023,0.028,0.043,0.045,0.052
269,-0.006,0.045,0.032,0.027,0.037,0.043,0.022,0.028,0.043,0.044,0.051
270,-0.006,0.044,0.032,0.027,0.036,0.042,0.022,0.027,0.042,0.044,0.051
271,-0.006,0.043,0.031,0.026,0.036,0.041,0.022,0.027,0.042,0.043,0.05
272,-0.006,0.043,0.031,0.026,0.035,0.041,0.022,0.027,0.041,0.042,0.05
273,-0.006,0.042,0.03,0.026,0.034,0.04,0.021,0.026,0.04,0.042,0.049
274,-0.005,0.042,0.03,0.025,0.034,0.04,0.021,0.026,0.04,0.041,0.048
275,-0.006,0.041,0.029,0.025,0.033,0.039,0.021,0.026,0.039,0.04,0.047
276,-0.006,0.04,0.028,0.025,0.032,0.038,0.02,0.025,0.039,0.04,0.047
277,-0.006,0.039,0.028,0.024,0.032,0.037,0.02,0.025,0.038,0.039,0.046
278,-0.006,0.039,0.028,0.024,0.031,0.037,0.02,0.025,0.037,0.038,0.045
279,-0.006,0.038,0.027,0.024,0.03,0.036,0.019,0.025,0.037,0.038,0.045
280,-0.006,0.037,0.026,0.023,0.029,0.035,0.019,0.024,0.036,0.037,0.044
281,-0.006,0.037,0.026,0.023,0.029,0.035,0.019,0.024,0.036,0.037,0.043
282,-0.005,0.036,0.025,0.023,0.028,0.034,0.019,0.024,0.035,0.036,0.043
283,-0.005,0.035,0.025,0.022,0.027,0.033,0.018,0.023,0.035,0.035,0.042
284,-0.005,0.034,0.024,0.022,0.027,0.033,0.018,0.023,0.034,0.034,0.041
285,-0.005,0.034,0.024,0.022,0.026,0.032,0.018,0.023,0.033,0.034,0.04
286,-0.005,0.033,0.023,0.022,0.025,0.031,0.017,0.022,0.033,0.033,0.04
287,-0.005,0.032,0.023,0.021,0.025,0.031,0.017,0.022,0.032,0.033,0.039
288,-0.005,0.032,0.022,0.021,0.024,0.03,0.017,0.022,0.032,0.032,0.038
289,-0.005,0.031,0.022,0.021,0.023,0.029,0.017,0.022,0.031,0.031,0.038
290,-0.005,0.03,0.021,0.02,0.023,0.029,0.016,0.021,0.031,0.031,0.037
291,-0.005,0.029,0.021,0.02,0.022,0.028,0.016,0.021,0.03,0.03,0.036
292,-0.005,0.029,0.02,0.02,0.022,0.028,0.016,0.021,0.03,0.029,0.036
293,-0.005,0.028,0.019,0.019,0.021,0.027,0.015,0.02,0.029,0.029,0.035
294,-0.005,0.027,0.019,0.019,0.02,0.026,0.015,0.02,0.028,0.028,0.035
295,-0.005,0.027,0.019,0.019,0.02,0.026,0.015,0.02,0.028,0.027,0.034
296,-0.005,0.026,0.018,0.018,0.019,0.025,0.014,0.019,0.027,0.027,0.033
297,-0.005,0.026,0.018,0.018,0.019,0.025,0.014,0.019,0.027,0.026,0.033
298,-0.005,0.025,0.017,0.018,0.018,0.024,0.014,0.019,0.027,0.026,0.032
299,-0.005,0.025,0.017,0.018,0.018,0.023,0.014,0.019,0.026,0.025,0.032
300,-0.005,0.024,0.017,0.017,0.018,0.023,0.014,0.018,0.026,0.025,0.032
301,-0.005,0.024,0.016,0.017,0.017,0.022,0.013,0.018,0.025,0.024,0.031
302,-0.005,0.023,0.016,0.017,0.017,0.022,0.013,0.018,0.025,0.024,0.03
303,-0.005,0.023,0.015,0.017,0.016,0.022,0.013,0.018,0.025,0.023,0.03
304,-0.005,0.023,0.015,0.016,0.016,0.021,0.013,0.017,0.024,0.023,0.029
305,-0.004,0.022,0.015,0.016,0.016,0.021,0.013,0.017,0.024,0.022,0.029
306,-0.005,0.022,0.014,0.016,0.015,0.02,0.012,0.017,0.024,0.022,0.028
307,-0.005,0.022,0.014,0.015,0.015,0.019,0.012,0.017,0.023,0.021,0.028
308,-0.005,0.021,0.014,0.015,0.014,0.019,0.012,0.017,0.023,0.021,0.027
309,-0.005,0.021,0.014,0.015,0.014,0.019,0.012,0.016,0.023,0.021,0.027
310,-0.005,0.021,0.013,0.015,0.014,0.018,0.011,0.016,0.022,0.02,0.026
311,-0.005,0.02,0.013,0.015,0.014,0.018,0.011,0.016,0.022,0.02,0.026
312,-0.005,0.02,0.013,0.015,0.013,0.018,0.011,0.016,0.022,0.02,0.026
313,-0.005,0.02,0.012,0.014,0.013,0.017,0.011,0.015,0.022,0.019,0.026
314,-0.004,0.02,0.012,0.014,0.013,0.017,0.011,0.015,0.021,0.019,0.026
315,-0.004,0.019,0.012,0.014,0.013,0.017,0.011,0.015,0.021,0.019,0.025
316,-0.004,0.019,0.012,0.014,0.012,0.017,0.01,0.015,0.021,0.019,0.025
317,-0.004,0.019,0.011,0.014,0.012,0.016,0.01,0.015,0.021,0.018,0.025
318,-0.004,0.018,0.011,0.013,0.012,0.016,0.01,0.015,0.02,0.018,0.024
319,-0.005,0.018,0.011,0.013,0.011,0.015,0.009,0.014,0.02,0.017,0.023
320,-0.004,0.018,0.011,0.013,0.011,0.015,0.009,0.014,0.02,0.017,0.023
321,-0.004,0.018,0.011,0.013,0.011,0.015,0.009,0.014,0.02,0.017,0.023
322,-0.004,0.017,0.01,0.013,0.011,0.015,0.009,0.014,0.019,0.017,0.023
323,-0.004,0.017,0.01,0.013,0.01,0.014,0.009,0.014,0.019,0.016,0.023
324,-0.004,0.017,0.01,0.012,0.01,0.014,0.009,0.014,0.019,0.016,0.023
325,-0.004,0.016,0.01,0.012,0.01,0.014,0.009,0.014,0.019,0.016,0.022
326,-0.004,0.016,0.01,0.012,0.01,0.013,0.009,0.013,0.018,0.016,0.022
327,-0.004,0.016,0.01,0.012,0.01,0.013,0.008,0.013,0.018,0.015,0.022
328,-0.004,0.016,0.009,0.012,0.009,0.013,0.008,0.013,0.018,0.015,0.022
329,-0.004,0.016,0.009,0.012,0.009,0.013,0.008,0.013,0.018,0.015,0.021
330,-0.004,0.016,0.009,0.011,0.009,0.013,0.008,0.013,0.018,0.015,0.021
331,-0.004,0.015,0.009,0.011,0.009,0.012,0.008,0.013,0.017,0.014,0.021
332,-0.004,0.015,0.009,0.011,0.009,0.012,0.008,0.013,0.017,0.014,0.021
333,-0.004,0.015,0.008,0.011,0.008,0.012,0.008,0.013,0.017,0.014,0.021
334,-0.004,0.014,0.008,0.011,0.008,0.012,0.008,0.013,0.017,0.013,0.02
335,-0.004,0.014,0.008,0.01,0.008,0.012,0.007,0.012,0.017,0.013,0.02
336,-0.004,0.014,0.008,0.011,0.008,0.011,0.008,0.012,0.017,0.013,0.02
337,-0.004,0.014,0.008,0.01,0.008,0.011,0.008,0.012,0.016,0.013,0.02
338,-0.004,0.014,0.008,0.01,0.008,0.011,0.008,0.012,0.016,0.012,0.02
339,-0.003,0.014,0.008,0.01,0.008,0.011,0.008,0.012,0.016,0.012,0.02
340,-0.002,0.015,0.009,0.011,0.009,0.012,0.008,0.013,0.018,0.014,0.021
341,-0.003,0.013,0.008,0.01,0.007,0.01,0.007,0.012,0.016,0.012,0.019
342,-0.004,0.012,0.007,0.009,0.006,0.01,0.006,0.011,0.015,0.011,0.018
343,-0.004,0.012,0.006,0.009,0.006,0.009,0.006,0.011,0.015,0.011,0.018
344,-0.004,0.012,0.006,0.008,0.006,0.01,0.006,0.011,0.015,0.011,0.018
345,-0.004,0.012,0.006,0.009,0.006,0.01,0.006,0.011,0.015,0.011,0.018
346,-0.004,0.012,0.006,0.008,0.006,0.009,0.006,0.011,0.015,0.01,0.018
347,-0.004,0.011,0.006,0.008,0.006,0.009,0.006,0.011,0.014,0.01,0.018
348,-0.004,0.011,0.006,0.008,0.005,0.009,0.006,0.011,0.014,0.01,0.018
349,-0.004,0.011,0.006,0.008,0.006,0.009,0.006,0.011,0.014,0.01,0.018
350,-0.004,0.011,0.006,0.008,0.006,0.009,0.006,0.01,0.014,0.01,0.017
351,-0.003,0.011,0.006,0.008,0.006,0.009,0.006,0.011,0.014,0.01,0.017
352,-0.003,0.011,0.006,0.008,0.006,0.009,0.006,0.01,0.014,0.01,0.017
353,-0.003,0.011,0.005,0.008,0.005,0.008,0.006,0.01,0.014,0.009,0.017
354,-0.003,0.011,0.005,0.007,0.005,0.008,0.005,0.01,0.014,0.009,0.017
355,-0.003,0.011,0.005,0.008,0.005,0.009,0.005,0.01,0.014,0.009,0.017
356,-0.003,0.011,0.005,0.008,0.005,0.008,0.006,0.01,0.014,0.009,0.017
357,-0.003,0.01,0.005,0.007,0.005,0.008,0.005,0.01,0.014,0.009,0.017
358,-0.003,0.011,0.005,0.007,0.005,0.008,0.005,0.01,0.014,0.009,0.017
359,-0.003,0.01,0.005,0.007,0.005,0.008,0.005,0.01,0.013,0.009,0.016
360,-0.003,0.01,0.005,0.007,0.005,0.008,0.005,0.01,0.013,0.009,0.016
361,-0.003,0.01,0.005,0.007,0.005,0.008,0.005,0.01,0.013,0.008,0.016
362,-0.003,0.01,0.005,0.007,0.005,0.008,0.005,0.01,0.013,0.008,0.016
363,-0.003,0.01,0.005,0.007,0.005,0.008,0.005,0.009,0.013,0.008,0.016
364,-0.003,0.01,0.004,0.007,0.005,0.007,0.005,0.01,0.012,0.008,0.016
365,-0.003,0.01,0.005,0.007,0.004,0.007,0.005,0.01,0.013,0.008,0.016
366,-0.003,0.01,0.004,0.007,0.004,0.007,0.005,0.009,0.013,0.008,0.016
367,-0.003,0.01,0.004,0.006,0.004,0.007,0.004,0.009,0.013,0.008,0.015
368,-0.003,0.009,0.004,0.006,0.004,0.007,0.005,0.009,0.012,0.007,0.016
369,-0.003,0.009,0.004,0.006,0.004,0.007,0.004,0.009,0.012,0.007,0.015
370,-0.003,0.009,0.004,0.006,0.004,0.007,0.004,0.009,0.012,0.007,0.015
371,-0.002,0.009,0.004,0.006,0.004,0.007,0.004,0.009,0.012,0.007,0.015
372,-0.003,0.009,0.004,0.006,0.004,0.006,0.004,0.009,0.012,0.007,0.015
373,-0.003,0.009,0.004,0.006,0.004,0.006,0.004,0.009,0.012,0.007,0.015
374,-0.002,0.009,0.004,0.006,0.004,0.006,0.004,0.009,0.012,0.007,0.015
375,-0.003,0.009,0.004,0.006,0.004,0.006,0.004,0.009,0.012,0.007,0.015
376,-0.003,0.009,0.004,0.006,0.004,0.006,0.004,0.009,0.012,0.007,0.015
377,-0.003,0.009,0.004,0.006,0.003,0.006,0.004,0.009,0.012,0.007,0.014
378,-0.002,0.009,0.004,0.006,0.004,0.006,0.004,0.009,0.012,0.006,0.015
379,-0.002,0.009,0.004,0.006,0.003,0.006,0.004,0.009,0.011,0.006,0.014
380,-0.002,0.008,0.004,0.005,0.003,0.006,0.004,0.009,0.011,0.006,0.014
381,-0.003,0.008,0.003,0.005,0.003,0.006,0.004,0.009,0.011,0.006,0.014
382,-0.002,0.008,0.003,0.005,0.003,0.006,0.004,0.009,0.011,0.006,0.014
383,-0.002,0.008,0.004,0.005,0.003,0.006,0.004,0.009,0.011,0.006,0.014
384,-0.002,0.008,0.003,0.005,0.003,0.006,0.004,0.009,0.011,0.006,0.014
385,-0.002,0.008,0.003,0.005,0.003,0.006,0.004,0.009,0.011,0.006,0.014
386,-0.002,0.008,0.004,0.005,0.003,0.006,0.004,0.009,0.011,0.006,0.014
387,-0.002,0.008,0.003,0.005,0.003,0.005,0.004,0.008,0.011,0.006,0.014
388,-0.002,0.008,0.003,0.005,0.003,0.005,0.004,0.008,0.011,0.006,0.014
389,-0.002,0.008,0.003,0.005,0.003,0.005,0.004,0.008,0.011,0.006,0.014
390,-0.002,0.008,0.003,0.005,0.003,0.005,0.004,0.008,0.011,0.005,0.014
391,-0.002,0.008,0.003,0.005,0.003,0.005,0.004,0.008,0.01,0.005,0.014
392,-0.002,0.008,0.003,0.005,0.003,0.005,0.003,0.008,0.01,0.005,0.014
393,-0.002,0.007,0.003,0.005,0.002,0.005,0.003,0.008,0.01,0.005,0.014
394,-0.002,0.008,0.003,0.005,0.003,0.005,0.003,0.008,0.01,0.005,0.014
395,-0.002,0.007,0.003,0.005,0.003,0.005,0.003,0.008,0.01,0.005,0.014
396,-0.002,0.008,0.003,0.005,0.003,0.005,0.003,0.008,0.01,0.005,0.014
397,-0.002,0.007,0.003,0.005,0.002,0.005,0.003,0.008,0.01,0.005,0.013
398,-0.002,0.007,0.003,0.004,0.002,0.005,0.003,0.008,0.01,0.005,0.013
399,-0.002,0.007,0.003,0.004,0.002,0.005,0.003,0.008,0.01,0.005,0.013
400,-0.002,0.007,0.003,0.004,0.002,0.005,0.003,0.008,0.01,0.005,0.013
401,-0.002,0.007,0.003,0.004,0.002,0.005,0.003,0.008,0.01,0.005,0.013
402,-0.002,0.007,0.003,0.004,0.002,0.005,0.003,0.008,0.01,0.005,0.013
403,-0.002,0.007,0.003,0.004,0.002,0.004,0.003,0.008,0.01,0.005,0.013
404,-0.002,0.007,0.003,0.004,0.002,0.004,0.003,0.008,0.01,0.005,0.013
405,-0.002,0.007,0.003,0.004,0.002,0.004,0.003,0.008,0.01,0.004,0.013
406,-0.002,0.007,0.003,0.004,0.002,0.004,0.003,0.008,0.01,0.004,0.013
407,-0.001,0.007,0.003,0.004,0.002,0.004,0.003,0.008,0.01,0.004,0.013
408,-0.001,0.007,0.003,0.004,0.002,0.004,0.003,0.008,0.01,0.004,0.013
409,-0.001,0.007,0.003,0.004,0.002,0.004,0.003,0.008,0.01,0.004,0.013
410,-0.001,0.007,0.003,0.004,0.002,0.004,0.003,0.008,0.01,0.004,0.013
411,-0.002,0.007,0.003,0.004,0.002,0.004,0.003,0.008,0.009,0.004,0.013
412,-0.001,0.007,0.003,0.004,0.002,0.004,0.003,0.008,0.009,0.004,0.013
413,-0.001,0.007,0.003,0.004,0.002,0.004,0.003,0.008,0.009,0.004,0.013
414,-0.001,0.007,0.003,0.004,0.002,0.004,0.003,0.008,0.009,0.004,0.013
415,-0.001,0.007,0.003,0.004,0.002,0.004,0.003,0.008,0.009,0.004,0.013
416,-0.001,0.007,0.002,0.004,0.002,0.004,0.003,0.008,0.009,0.004,0.013
417,-0.001,0.007,0.002,0.004,0.002,0.004,0.003,0.008,0.009,0.004,0.012
418,-0.001,0.007,0.003,0.004,0.002,0.004,0.003,0.008,0.009,0.004,0.012
419,-0.001,0.007,0.002,0.004,0.002,0.004,0.003,0.008,0.009,0.004,0.012
420,-0.001,0.007,0.002,0.004,0.002,0.004,0.003,0.008,0.009,0.004,0.012
421,-0.001,0.007,0.002,0.004,0.002,0.004,0.003,0.008,0.009,0.004,0.012
422,-0.001,0.007,0.002,0.004,0.002,0.004,0.003,0.007,0.009,0.004,0.012
423,-0.001,0.007,0.002,0.004,0.002,0.004,0.003,0.007,0.009,0.004,0.012
424,-0.001,0.007,0.002,0.004,0.002,0.004,0.003,0.008,0.009,0.004,0.012
425,-0.001,0.007,0.002,0.004,0.002,0.004,0.003,0.008,0.009,0.004,0.012
426,-0.001,0.007,0.002,0.004,0.002,0.004,0.003,0.008,0.009,0.004,0.012
427,-0.001,0.007,0.002,0.004,0.002,0.004,0.003,0.007,0.009,0.004,0.012
428,-0.001,0.006,0.002,0.003,0.002,0.004,0.002,0.007,0.009,0.003,0.012
429,-0.001,0.006,0.002,0.003,0.002,0.004,0.002,0.007,0.009,0.003,0.012
430,-0.001,0.006,0.002,0.003,0.002,0.004,0.002,0.007,0.009,0.003,0.012
431,-0.001,0.006,0.002,0.004,0.002,0.004,0.002,0.007,0.009,0.003,0.012
432,-0.001,0.006,0.002,0.004,0.002,0.004,0.003,0.007,0.009,0.003,0.012
433,-0.001,0.006,0.002,0.003,0.002,0.004,0.002,0.007,0.008,0.003,0.012
434,-0.001,0.006,0.002,0.003,0.002,0.004,0.002,0.007,0.008,0.003,0.012
435,-0.001,0.006,0.002,0.003,0.002,0.004,0.002,0.007,0.008,0.003,0.012
436,-0.001,0.006,0.002,0.003,0.002,0.004,0.002,0.007,0.008,0.003,0.012
437,-0.001,0.006,0.002,0.003,0.002,0.003,0.002,0.007,0.008,0.003,0.012
438,-0.001,0.006,0.002,0.003,0.002,0.003,0.002,0.007,0.008,0.003,0.012
439,-0.001,0.006,0.002,0.003,0.002,0.003,0.002,0.007,0.008,0.003,0.012
440,-0.001,0.006,0.002,0.003,0.002,0.003,0.002,0.007,0.008,0.003,0.012
441,-0.001,0.006,0.002,0.003,0.001,0.003,0.002,0.007,0.008,0.003,0.011
442,-0.001,0.006,0.002,0.003,0.002,0.003,0.002,0.007,0.008,0.003,0.012
443,-0.001,0.006,0.002,0.003,0.001,0.003,0.002,0.007,0.008,0.003,0.011
444,-0.001,0.006,0.002,0.003,0.001,0.003,0.002,0.007,0.008,0.003,0.011
445,-0.001,0.006,0.002,0.003,0.001,0.003,0.002,0.007,0.008,0.003,0.011
446,-0.001,0.006,0.002,0.003,0.001,0.003,0.002,0.007,0.008,0.003,0.011
447,-0.001,0.006,0.002,0.003,0.001,0.003,0.002,0.007,0.008,0.003,0.011
448,-0.001,0.006,0.002,0.003,0.001,0.003,0.002,0.007,0.008,0.003,0.011
449,-0.001,0.006,0.002,0.003,0.001,0.003,0.002,0.007,0.008,0.003,0.011
450,-0.001,0.006,0.002,0.003,0.001,0.003,0.002,0.007,0.008,0.003,0.011
451,-0.001,0.006,0.002,0.003,0.001,0.003,0.002,0.007,0.008,0.003,0.011
452,-0.001,0.006,0.002,0.003,0.001,0.003,0.002,0.007,0.008,0.003,0.011
453,-0.001,0.006,0.002,0.003,0.001,0.003,0.002,0.007,0.007,0.003,0.011
454,-0.001,0.006,0.002,0.003,0.001,0.003,0.002,0.007,0.007,0.003,0.011
455,-0.001,0.006,0.002,0.003,0.001,0.003,0.002,0.007,0.007,0.002,0.011
456,-0.001,0.006,0.002,0.003,0.001,0.003,0.002,0.007,0.007,0.002,0.011
457,-0.001,0.006,0.002,0.003,0.001,0.003,0.002,0.007,0.007,0.002,0.011
458,-0.001,0.006,0.002,0.003,0.001,0.003,0.002,0.007,0.007,0.002,0.011
459,-0.001,0.006,0.002,0.003,0.001,0.003,0.002,0.007,0.007,0.002,0.011
460,-0.001,0.006,0.002,0.003,0.001,0.003,0.002,0.007,0.007,0.002,0.011
461,-0.001,0.006,0.002,0.003,0.001,0.003,0.002,0.007,0.007,0.002,0.011
462,-0.001,0.005,0.002,0.003,0.001,0.003,0.002,0.007,0.007,0.002,0.011
463,-0.001,0.005,0.002,0.003,0.001,0.003,0.002,0.007,0.007,0.002,0.011
464,-0.001,0.005,0.002,0.003,0.001,0.002,0.002,0.007,0.007,0.002,0.011
465,-0.001,0.005,0.002,0.003,0.001,0.002,0.002,0.007,0.007,0.002,0.011
466,-0.001,0.005,0.002,0.003,0.001,0.003,0.002,0.007,0.007,0.002,0.011
467,-0.001,0.005,0.002,0.003,0.001,0.002,0.002,0.007,0.007,0.002,0.011
468,-0.001,0.005,0.002,0.003,0.001,0.002,0.002,0.007,0.007,0.002,0.011
469,-0.001,0.005,0.002,0.003,0.001,0.002,0.002,0.007,0.007,0.002,0.011
470,-0.001,0.005,0.002,0.003,0.001,0.002,0.002,0.007,0.007,0.002,0.011
471,-0.001,0.005,0.002,0.003,0.001,0.002,0.002,0.007,0.007,0.002,0.011
472,-0.001,0.005,0.002,0.003,0.001,0.002,0.002,0.007,0.007,0.002,0.011
473,-0.001,0.005,0.002,0.003,0.001,0.003,0.002,0.007,0.007,0.002,0.011
474,-0.001,0.005,0.002,0.003,0.001,0.003,0.002,0.007,0.007,0.002,0.011
475,-0.001,0.005,0.002,0.003,0.001,0.002,0.002,0.007,0.007,0.002,0.011
476,-0.001,0.005,0.002,0.003,0.001,0.002,0.002,0.007,0.007,0.002,0.01
477,-0.001,0.005,0.002,0.003,0.001,0.002,0.002,0.007,0.007,0.002,0.011
478,-0.001,0.005,0.002,0.002,0.001,0.002,0.002,0.007,0.007,0.002,0.01
479,-0.001,0.005,0.002,0.003,0.001,0.002,0.002,0.007,0.007,0.002,0.01
480,-0.001,0.005,0.002,0.002,0.001,0.002,0.002,0.007,0.007,0.002,0.01
481,-0.001,0.005,0.001,0.002,0.001,0.002,0.002,0.007,0.007,0.002,0.01
482,-0.001,0.005,0.001,0.002,0.001,0.002,0.002,0.007,0.007,0.002,0.01
483,-0.001,0.005,0.001,0.002,0.001,0.002,0.002,0.007,0.006,0.002,0.01
484,-0.001,0.005,0.001,0.002,0.001,0.002,0.002,0.007,0.006,0.002,0.01
485,-0.001,0.005,0.002,0.003,0.001,0.002,0.002,0.007,0.006,0.002,0.01
486,-0.001,0.005,0.001,0.002,0.001,0.002,0.002,0.007,0.006,0.002,0.01
487,-0.001,0.005,0.002,0.003,0.001,0.002,0.002,0.007,0.006,0.002,0.01
488,0,0.005,0.001,0.003,0.001,0.002,0.002,0.007,0.006,0.002,0.01
489,-0.001,0.005,0.001,0.002,0.001,0.002,0.002,0.007,0.006,0.002,0.01
490,-0.001,0.005,0.001,0.002,0.001,0.002,0.002,0.007,0.006,0.002,0.01
491,-0.001,0.005,0.001,0.002,0.001,0.002,0.002,0.007,0.006,0.002,0.01
492,-0.001,0.005,0.001,0.002,0.001,0.002,0.002,0.007,0.006,0.002,0.01
493,0,0.005,0.001,0.002,0.001,0.002,0.002,0.007,0.006,0.002,0.01
494,0,0.005,0.001,0.002,0.001,0.002,0.002,0.007,0.006,0.002,0.01
495,0,0.005,0.001,0.002,0.001,0.002,0.002,0.007,0.006,0.002,0.01
496,0,0.005,0.001,0.002,0.001,0.002,0.002,0.007,0.006,0.002,0.01
497,0,0.005,0.001,0.002,0.001,0.002,0.002,0.007,0.006,0.002,0.01
498,0,0.005,0.001,0.002,0.001,0.002,0.002,0.007,0.006,0.002,0.01
499,0,0.005,0.001,0.002,0.001,0.002,0.002,0.007,0.006,0.002,0.01
500,0,0.005,0.001,0.002,0.001,0.002,0.002,0.007,0.006,0.002,0.01
501,0,0.005,0.002,0.002,0.001,0.002,0.002,0.007,0.006,0.002,0.01
502,0,0.005,0.001,0.002,0.001,0.002,0.002,0.007,0.006,0.002,0.01
503,0,0.005,0.001,0.002,0.001,0.002,0.002,0.007,0.006,0.002,0.01
504,0,0.005,0.001,0.002,0.001,0.002,0.002,0.007,0.006,0.002,0.01
505,0,0.005,0.001,0.002,0.001,0.002,0.002,0.007,0.006,0.002,0.01
506,0,0.005,0.002,0.002,0.001,0.002,0.002,0.007,0.006,0.002,0.01
507,0,0.005,0.002,0.002,0.001,0.002,0.002,0.007,0.006,0.002,0.01
508,0,0.005,0.001,0.002,0.001,0.002,0.002,0.007,0.006,0.002,0.01
509,0,0.005,0.001,0.002,0.001,0.002,0.002,0.007,0.006,0.002,0.01
510,0,0.005,0.001,0.002,0.001,0.002,0.002,0.007,0.006,0.002,0.01
511,0,0.005,0.001,0.002,0.001,0.002,0.002,0.007,0.006,0.002,0.01
512,0,0.005,0.001,0.002,0.001,0.002,0.002,0.007,0.006,0.002,0.01
513,0,0.005,0.001,0.002,0.001,0.002,0.002,0.007,0.006,0.002,0.01
514,0,0.005,0.001,0.002,0.001,0.002,0.002,0.007,0.006,0.002,0.01
515,0,0.005,0.001,0.002,0.001,0.002,0.002,0.007,0.006,0.002,0.01
516,0,0.005,0.001,0.002,0.001,0.002,0.002,0.007,0.006,0.002,0.01
517,0,0.005,0.001,0.002,0.001,0.002,0.002,0.007,0.006,0.002,0.01
518,0,0.005,0.001,0.002,0.001,0.002,0.002,0.007,0.006,0.002,0.01
519,0,0.005,0.001,0.002,0.001,0.002,0.002,0.007,0.006,0.002,0.01
520,0,0.005,0.001,0.002,0.001,0.002,0.002,0.007,0.006,0.002,0.01
521,0,0.005,0.001,0.002,0.001,0.002,0.002,0.007,0.006,0.002,0.01
522,0,0.005,0.001,0.002,0.001,0.002,0.002,0.007,0.006,0.002,0.01
523,0,0.005,0.001,0.002,0.001,0.002,0.002,0.007,0.006,0.002,0.01
524,0,0.005,0.001,0.002,0.001,0.002,0.001,0.007,0.006,0.002,0.01
525,0,0.005,0.001,0.002,0.001,0.002,0.001,0.007,0.006,0.002,0.01
526,0,0.005,0.001,0.002,0.001,0.002,0.002,0.007,0.006,0.002,0.01
527,0,0.005,0.001,0.002,0.001,0.002,0.002,0.007,0.006,0.002,0.01
528,0,0.005,0.001,0.002,0.001,0.002,0.002,0.007,0.006,0.002,0.01
529,0,0.005,0.001,0.002,0.001,0.002,0.001,0.007,0.006,0.002,0.01
530,0,0.005,0.001,0.002,0.001,0.002,0.002,0.007,0.006,0.002,0.01
531,0,0.005,0.001,0.002,0.001,0.002,0.001,0.007,0.006,0.002,0.009
532,0,0.005,0.001,0.002,0.001,0.002,0.001,0.007,0.006,0.002,0.009
533,0,0.005,0.001,0.002,0.001,0.002,0.001,0.007,0.006,0.002,0.009
534,0,0.005,0.001,0.002,0.001,0.002,0.001,0.007,0.006,0.002,0.009
535,0,0.005,0.001,0.002,0.001,0.002,0.002,0.007,0.006,0.002,0.01
536,0.001,0.006,0.002,0.003,0.002,0.003,0.003,0.008,0.007,0.003,0.011
537,0,0.005,0.002,0.002,0.001,0.002,0.002,0.007,0.006,0.002,0.01
538,0,0.005,0.001,0.002,0.001,0.002,0.001,0.007,0.006,0.002,0.009
539,0,0.005,0.001,0.002,0.001,0.002,0.002,0.007,0.006,0.002,0.009
540,0,0.005,0.001,0.002,0.001,0.002,0.002,0.007,0.006,0.002,0.009
541,0,0.005,0.001,0.002,0.001,0.002,0.001,0.007,0.006,0.002,0.009
542,0,0.005,0.001,0.002,0.001,0.002,0.001,0.007,0.006,0.002,0.009
543,0,0.005,0.001,0.002,0.001,0.002,0.001,0.007,0.006,0.002,0.009
544,0,0.005,0.001,0.002,0.001,0.002,0.001,0.007,0.006,0.002,0.009
545,0,0.005,0.001,0.002,0.001,0.002,0.001,0.007,0.006,0.002,0.009
546,0,0.005,0.001,0.002,0.001,0.002,0.001,0.007,0.005,0.002,0.009
547,0,0.005,0.001,0.002,0.001,0.002,0.001,0.007,0.005,0.002,0.009
548,0,0.005,0.001,0.002,0.001,0.002,0.001,0.007,0.005,0.001,0.009
549,0,0.005,0.001,0.002,0.001,0.002,0.001,0.007,0.005,0.001,0.009
550,0,0.005,0.001,0.002,0.001,0.002,0.001,0.007,0.005,0.001,0.009
551,0,0.004,0.001,0.002,0,0.002,0.001,0.007,0.005,0.001,0.009
552,0,0.004,0.001,0.002,0.001,0.002,0.001,0.007,0.005,0.001,0.009
553,0,0.004,0.001,0.002,0.001,0.002,0.001,0.007,0.005,0.001,0.009
554,0,0.004,0.001,0.002,0.001,0.002,0.001,0.007,0.005,0.001,0.009
555,0,0.004,0.001,0.002,0.001,0.002,0.001,0.007,0.005,0.001,0.009
556,0,0.004,0.001,0.002,0.001,0.002,0.001,0.007,0.005,0.001,0.009
557,0,0.004,0.001,0.002,0.001,0.002,0.001,0.007,0.005,0.001,0.009
558,0,0.004,0.001,0.002,0.001,0.002,0.001,0.007,0.005,0.001,0.009
559,0,0.004,0.001,0.002,0.001,0.002,0.001,0.007,0.005,0.001,0.009
560,0,0.004,0.001,0.002,0.001,0.002,0.001,0.007,0.005,0.001,0.009
561,0,0.004,0.001,0.002,0.001,0.002,0.001,0.007,0.005,0.001,0.009
562,0,0.004,0.001,0.002,0,0.002,0.001,0.007,0.005,0.001,0.009
563,0,0.004,0.001,0.002,0,0.002,0.001,0.006,0.005,0.001,0.009
564,0,0.004,0.001,0.002,0.001,0.002,0.001,0.007,0.005,0.001,0.009
565,0,0.004,0.001,0.002,0.001,0.002,0.001,0.007,0.005,0.001,0.009
566,0,0.004,0.001,0.002,0.001,0.002,0.001,0.007,0.005,0.001,0.009
567,0,0.004,0.001,0.002,0.001,0.002,0.001,0.007,0.005,0.001,0.009
568,0,0.004,0.001,0.002,0.001,0.002,0.001,0.007,0.005,0.001,0.009
569,0,0.004,0.001,0.002,0.001,0.002,0.001,0.007,0.005,0.001,0.009
570,0,0.004,0.001,0.002,0.001,0.002,0.001,0.007,0.005,0.001,0.009
571,0,0.004,0.001,0.002,0.001,0.002,0.001,0.007,0.005,0.001,0.009
572,0,0.004,0.001,0.002,0,0.002,0.001,0.007,0.005,0.001,0.009
573,0,0.004,0.001,0.002,0,0.002,0.001,0.007,0.005,0.001,0.009
574,0,0.004,0.001,0.002,0,0.002,0.001,0.007,0.005,0.001,0.009
575,0,0.004,0.001,0.002,0,0.002,0.001,0.007,0.005,0.001,0.009
576,0,0.004,0.001,0.002,0,0.002,0.001,0.007,0.005,0.001,0.009
577,0,0.004,0.001,0.002,0,0.002,0.001,0.007,0.005,0.001,0.009
578,0,0.004,0.001,0.002,0,0.002,0.001,0.007,0.005,0.001,0.009
579,0,0.004,0.001,0.002,0,0.002,0.001,0.007,0.005,0.001,0.009
580,0,0.004,0.001,0.002,0.001,0.002,0.001,0.007,0.005,0.001,0.009
581,0,0.004,0.001,0.002,0.001,0.002,0.001,0.007,0.005,0.001,0.009
582,0,0.004,0.001,0.002,0.001,0.002,0.001,0.007,0.005,0.001,0.009
583,0,0.004,0.001,0.002,0,0.001,0.001,0.007,0.005,0.001,0.009
584,0,0.004,0.001,0.002,0,0.001,0.001,0.007,0.005,0.001,0.009
585,0,0.004,0.001,0.002,0,0.002,0.001,0.007,0.005,0.001,0.009
586,0,0.004,0.001,0.002,0,0.001,0.001,0.007,0.005,0.001,0.009
587,0,0.004,0.001,0.002,0,0.001,0.001,0.007,0.005,0.001,0.009
588,0,0.004,0.001,0.002,0,0.001,0.001,0.007,0.005,0.001,0.009
589,0,0.004,0.001,0.002,0,0.002,0.001,0.007,0.005,0.001,0.009
590,0,0.004,0.001,0.002,0,0.001,0.001,0.007,0.005,0.001,0.009
591,0,0.004,0.001,0.002,0,0.001,0.001,0.007,0.005,0.001,0.009
592,0,0.004,0.001,0.002,0,0.001,0.001,0.007,0.005,0.001,0.009
593,0,0.004,0.001,0.002,0,0.001,0.001,0.007,0.005,0.001,0.009
594,0,0.004,0.001,0.002,0,0.001,0.001,0.007,0.005,0.001,0.009
595,0,0.004,0.001,0.002,0,0.001,0.001,0.007,0.005,0.001,0.009
596,0,0.004,0.001,0.002,0.001,0.002,0.001,0.007,0.005,0.001,0.009
597,0,0.004,0.001,0.002,0,0.001,0.001,0.007,0.005,0.001,0.009
598,0,0.004,0.001,0.002,0,0.001,0.001,0.007,0.005,0.001,0.009
599,0,0.004,0.001,0.002,0,0.001,0.001,0.007,0.005,0.001,0.009
600,0,0.004,0.001,0.002,0,0.001,0.001,0.007,0.005,0.001,0.009
601,0,0.004,0.001,0.002,0,0.001,0.001,0.007,0.005,0.001,0.009
602,0,0.004,0.001,0.002,0,0.001,0.001,0.007,0.005,0.001,0.009
603,0,0.004,0.001,0.002,0,0.001,0.001,0.007,0.005,0.001,0.009
604,0,0.004,0.001,0.002,0,0.001,0.001,0.007,0.005,0.001,0.009
605,0,0.004,0.001,0.001,0,0.001,0.001,0.007,0.005,0.001,0.009
606,0,0.004,0.001,0.001,0,0.001,0.001,0.007,0.005,0.001,0.009
607,0,0.004,0.001,0.002,0,0.001,0.001,0.007,0.005,0.001,0.009
608,0,0.004,0.001,0.002,0,0.001,0.001,0.007,0.004,0.001,0.009
609,0,0.004,0.001,0.002,0,0.001,0.001,0.007,0.004,0.001,0.009
610,0,0.004,0.001,0.002,0,0.001,0.001,0.007,0.004,0.001,0.009
611,0,0.004,0.001,0.002,0,0.001,0.001,0.007,0.005,0.001,0.009
612,0,0.004,0.001,0.001,0,0.001,0.001,0.007,0.004,0.001,0.009
613,0,0.004,0.001,0.002,0,0.001,0.001,0.007,0.005,0.001,0.008
614,0,0.004,0.001,0.001,0,0.001,0.001,0.007,0.005,0.001,0.009
615,0,0.004,0.001,0.001,0,0.001,0.001,0.007,0.004,0.001,0.009
616,0,0.004,0.001,0.001,0,0.001,0.001,0.007,0.004,0.001,0.008
617,0,0.004,0.001,0.001,0,0.001,0.001,0.007,0.004,0.001,0.008
618,0,0.004,0.001,0.001,0,0.001,0.001,0.007,0.004,0.001,0.008
619,0,0.004,0.001,0.001,0,0.001,0.001,0.007,0.004,0.001,0.008
620,0,0.004,0.001,0.001,0,0.001,0.001,0.007,0.004,0.001,0.008
621,0,0.004,0.001,0.001,0,0.001,0.001,0.007,0.004,0.001,0.008
622,0,0.004,0.001,0.001,0,0.001,0.001,0.007,0.004,0.001,0.008
623,0,0.004,0.001,0.001,0,0.001,0.001,0.007,0.004,0.001,0.008
624,0,0.004,0.001,0.001,0,0.001,0.001,0.007,0.004,0.001,0.008
625,0,0.004,0.001,0.001,0,0.001,0.001,0.007,0.004,0.001,0.008
626,0,0.004,0.001,0.001,0,0.001,0.001,0.007,0.004,0.001,0.008
627,0,0.004,0.001,0.001,0,0.001,0.001,0.007,0.004,0.001,0.008
628,0,0.004,0.001,0.001,0,0.001,0.001,0.007,0.004,0.001,0.008
629,0,0.004,0.001,0.001,0,0.001,0.001,0.007,0.004,0.001,0.008
630,0,0.004,0.001,0.001,0,0.001,0.001,0.007,0.004,0.001,0.008
631,0,0.004,0.001,0.001,0,0.001,0.001,0.007,0.004,0.001,0.008
632,0,0.004,0.001,0.001,0,0.001,0.001,0.007,0.004,0.001,0.008
633,0,0.004,0.001,0.001,0,0.001,0.001,0.007,0.004,0.001,0.008
634,0,0.004,0.001,0.001,0,0.001,0.001,0.007,0.004,0.001,0.008
635,0,0.004,0.001,0.001,0,0.001,0.001,0.007,0.004,0.001,0.008
636,0,0.004,0.001,0.001,0,0.001,0.001,0.007,0.004,0.001,0.008
637,0,0.004,0.001,0.001,0,0.001,0.001,0.007,0.004,0.001,0.008
638,0,0.004,0.001,0.001,0,0.001,0.001,0.007,0.004,0.001,0.008
639,0,0.004,0.001,0.001,0,0.001,0.001,0.007,0.004,0.001,0.008
640,0,0.004,0.001,0.001,0,0.001,0.001,0.007,0.004,0.001,0.008
641,0,0.004,0.001,0.001,0,0.001,0.001,0.007,0.004,0.001,0.008
642,0,0.004,0.001,0.001,0,0.001,0.001,0.007,0.004,0.001,0.008
643,0,0.004,0.001,0.001,0,0.001,0.001,0.007,0.004,0.001,0.008
644,0,0.004,0.001,0.001,0,0.001,0.001,0.007,0.004,0.001,0.008
645,0,0.004,0.001,0.001,0,0.001,0.001,0.007,0.004,0.001,0.008
646,0,0.004,0.001,0.001,0,0.001,0.001,0.007,0.004,0.001,0.008
647,0,0.004,0.001,0.001,0,0.001,0.001,0.007,0.004,0.001,0.008
648,0,0.004,0.001,0.001,0,0.001,0.001,0.007,0.004,0.001,0.008
649,0,0.004,0.001,0.001,0,0.001,0.001,0.007,0.004,0.001,0.008
650,0,0.004,0.001,0.001,0.001,0.001,0.001,0.007,0.004,0.001,0.008
651,0,0.004,0.001,0.001,0,0.001,0.001,0.007,0.004,0.001,0.008
652,0,0.004,0.001,0.001,0.001,0.001,0.001,0.007,0.004,0.001,0.008
653,0,0.004,0.001,0.001,0,0.001,0.001,0.007,0.004,0.001,0.008
654,0,0.004,0.001,0.001,0,0.001,0.001,0.007,0.004,0.001,0.008
655,0,0.004,0.001,0.001,0.001,0.002,0.001,0.007,0.004,0.001,0.008
656,0,0.004,0.001,0.001,0,0.001,0.001,0.007,0.004,0.001,0.008
657,0,0.004,0.001,0.001,0,0.001,0.001,0.007,0.004,0.001,0.008
658,0,0.004,0.001,0.001,0,0.001,0.001,0.007,0.004,0.001,0.008
659,0,0.004,0.001,0.001,0,0.001,0.001,0.007,0.004,0.001,0.008
660,0,0.004,0.001,0.001,0,0.001,0.001,0.007,0.004,0.001,0.008
661,0,0.004,0.001,0.001,0.001,0.001,0.001,0.007,0.004,0.001,0.008
662,0,0.004,0.001,0.001,0.001,0.001,0.001,0.007,0.004,0.001,0.008
663,0,0.004,0.001,0.001,0.001,0.001,0.001,0.007,0.004,0.001,0.008
664,0,0.004,0.001,0.001,0.001,0.001,0.001,0.007,0.004,0.001,0.008
665,0,0.004,0.001,0.001,0.001,0.001,0.001,0.007,0.004,0.001,0.008
666,0,0.004,0.001,0.001,0,0.001,0.001,0.007,0.004,0.001,0.008
667,0,0.004,0.001,0.001,0,0.001,0.001,0.007,0.004,0.001,0.008
668,0,0.004,0.001,0.001,0,0.001,0.001,0.007,0.004,0.001,0.008
669,0,0.004,0.001,0.001,0,0.001,0.001,0.007,0.004,0.001,0.008
670,0,0.004,0.001,0.001,0,0.001,0.001,0.007,0.004,0.001,0.008
671,0,0.004,0.001,0.001,0,0.001,0.001,0.007,0.004,0.001,0.008
672,0,0.004,0.001,0.001,0,0.001,0.001,0.007,0.004,0.001,0.008
673,0,0.004,0.001,0.001,0,0.001,0.001,0.007,0.004,0.001,0.008
674,0,0.004,0.001,0.001,0,0.001,0.001,0.007,0.004,0.001,0.008
675,0,0.004,0.001,0.001,0,0.001,0.001,0.007,0.004,0.001,0.008
676,0,0.004,0.001,0.001,0.001,0.001,0.001,0.007,0.004,0.001,0.008
677,0,0.003,0.001,0.001,0,0.001,0.001,0.007,0.004,0.001,0.008
678,0,0.003,0.001,0.001,0,0.001,0.001,0.007,0.004,0.001,0.008
679,0,0.003,0.001,0.001,0,0.001,0.001,0.007,0.004,0.001,0.008
680,0,0.004,0.001,0.001,0,0.001,0.001,0.007,0.004,0.001,0.008
681,0,0.004,0.001,0.001,0,0.001,0.001,0.007,0.004,0.001,0.008
682,0,0.004,0.001,0.001,0,0.001,0.001,0.007,0.004,0.001,0.008
683,0,0.004,0.001,0.001,0,0.001,0.001,0.007,0.004,0.001,0.008
684,0,0.004,0.001,0.001,0,0.001,0.001,0.007,0.004,0.001,0.008
685,0,0.004,0.001,0.001,0,0.001,0.001,0.007,0.004,0.001,0.008
686,0,0.003,0.001,0.001,0,0.001,0.001,0.007,0.004,0.001,0.008
687,0,0.004,0.001,0.001,0,0.001,0.001,0.007,0.004,0.001,0.008
688,0,0.003,0.001,0.001,0,0.001,0.001,0.007,0.004,0.001,0.008
689,0,0.003,0.001,0.001,0,0.001,0.001,0.007,0.004,0.001,0.008
690,0,0.003,0.001,0.001,0,0.001,0.001,0.007,0.004,0.001,0.008
691,0,0.003,0.001,0.001,0,0.001,0.001,0.007,0.004,0.001,0.008
692,0,0.003,0.001,0.001,0,0.001,0.001,0.007,0.004,0.001,0.008
693,0,0.003,0.001,0.001,0,0.001,0.001,0.007,0.004,0.001,0.008
694,0,0.003,0.001,0.001,0,0.001,0.001,0.007,0.004,0.001,0.008
695,0,0.003,0.001,0.001,0,0.001,0.001,0.007,0.004,0.001,0.008
696,0,0.003,0.001,0.001,0,0.001,0.001,0.007,0.004,0.001,0.008
697,0,0.003,0.001,0.001,0,0.001,0.001,0.007,0.004,0.001,0.008
698,0,0.003,0.001,0.001,0,0.001,0.001,0.007,0.004,0.001,0.008
699,0,0.003,0.001,0.001,0,0.001,0.001,0.007,0.004,0.001,0.008
700,0,0.003,0.001,0.001,0,0.001,0.001,0.007,0.004,0.001,0.008
701,0,0.003,0.001,0.001,0,0.001,0.001,0.007,0.004,0.001,0.008
702,0,0.003,0.001,0.001,0,0.001,0.001,0.007,0.004,0.001,0.008
703,0,0.003,0.001,0.001,0,0.001,0.001,0.007,0.004,0.001,0.008
704,0,0.003,0.001,0.001,0,0.001,0.001,0.007,0.004,0.001,0.008
705,0,0.003,0.001,0.001,0,0.001,0.001,0.007,0.004,0.001,0.008
706,0,0.003,0.001,0.001,0,0.001,0.001,0.007,0.004,0.001,0.008
707,0,0.003,0.001,0.001,0,0.001,0.001,0.007,0.004,0.001,0.008
708,0,0.003,0.001,0.001,0,0.001,0.001,0.007,0.004,0.001,0.008
709,0,0.003,0.001,0.001,0,0.001,0.001,0.007,0.004,0.001,0.008
710,0,0.003,0.001,0.001,0,0.001,0.001,0.007,0.004,0.001,0.008
711,0,0.003,0.001,0.001,0,0.001,0.001,0.007,0.004,0.001,0.008
712,0,0.003,0.001,0.001,0,0.001,0.001,0.007,0.004,0.001,0.007
713,0,0.003,0.001,0.001,0,0.001,0.001,0.007,0.004,0.001,0.007
714,0,0.003,0.001,0.001,0,0.001,0.001,0.007,0.004,0.001,0.008
715,0,0.003,0.001,0.001,0,0.001,0.001,0.007,0.004,0.001,0.007
716,0,0.003,0.001,0.001,0,0.001,0.001,0.007,0.004,0.001,0.008
717,0,0.003,0.001,0.001,0,0.001,0.001,0.007,0.004,0.001,0.007
718,0,0.003,0.001,0.001,0,0.001,0.001,0.007,0.004,0.001,0.007
719,0,0.003,0.001,0.001,0,0.001,0.001,0.007,0.004,0.001,0.007
720,0,0.003,0.001,0.001,0,0.001,0.001,0.007,0.004,0.001,0.007
721,0,0.003,0.001,0.001,0,0.001,0.001,0.007,0.004,0.001,0.007
722,0,0.003,0.001,0.001,0,0.001,0.001,0.007,0.004,0.001,0.007
723,0,0.003,0.001,0.001,0,0.001,0.001,0.007,0.004,0.001,0.007
724,0,0.003,0.001,0.001,0,0.001,0.001,0.007,0.004,0.001,0.007
725,0,0.003,0.001,0.001,0,0.001,0.001,0.007,0.004,0.001,0.007
726,0,0.003,0.001,0.001,0,0.001,0.001,0.007,0.004,0.001,0.007
727,0,0.003,0.001,0.001,0,0.001,0.001,0.007,0.004,0.001,0.007
728,0,0.003,0.001,0.001,0,0.001,0.001,0.007,0.004,0.001,0.007
729,0,0.003,0.001,0.001,0,0.001,0.001,0.007,0.004,0.001,0.007
730,0,0.003,0.001,0.001,0,0.001,0.001,0.007,0.004,0.001,0.007
731,0,0.003,0.001,0.001,0,0.001,0.001,0.007,0.004,0.001,0.007
732,0,0.003,0.001,0.001,0,0.001,0.001,0.007,0.003,0.001,0.007
733,0,0.003,0.001,0.001,0,0.001,0.001,0.007,0.003,0.001,0.007
734,0,0.003,0.001,0.001,0,0.001,0.001,0.007,0.003,0.001,0.007
735,0,0.003,0.001,0.001,0,0.001,0.001,0.007,0.003,0.001,0.007
736,0,0.003,0.001,0.001,0,0.001,0.001,0.007,0.003,0.001,0.007
737,0,0.003,0.001,0.001,0,0.001,0.001,0.007,0.003,0.001,0.007
738,0,0.003,0.001,0.001,0,0.001,0.001,0.007,0.003,0.001,0.007
739,0,0.003,0.001,0.001,0,0.001,0.001,0.007,0.003,0.001,0.007
740,0,0.003,0.001,0.001,0,0.001,0.001,0.007,0.003,0.001,0.007
741,0,0.003,0.001,0.001,0,0.001,0.001,0.007,0.003,0.001,0.007
742,0,0.003,0.001,0.001,0,0.001,0.001,0.007,0.003,0.001,0.007
743,0,0.003,0.001,0.001,0,0.001,0.001,0.007,0.003,0.001,0.007
744,0,0.003,0.001,0.001,0,0.001,0.001,0.007,0.003,0.001,0.007
745,0,0.003,0.001,0.001,0,0.001,0.001,0.007,0.003,0.001,0.007
746,0,0.003,0.001,0.001,0,0.001,0.001,0.007,0.003,0.001,0.007
747,0,0.003,0.001,0.001,0,0.001,0.001,0.007,0.003,0.001,0.007
748,0,0.003,0.001,0.001,0,0.001,0.001,0.007,0.003,0.001,0.007
749,0,0.003,0.001,0.001,0,0.001,0.001,0.007,0.003,0.001,0.007
750,0,0.003,0.001,0.001,0,0.001,0.001,0.007,0.003,0.001,0.007
751,0,0.003,0.001,0.001,0,0.001,0.001,0.007,0.003,0.001,0.007
752,0,0.003,0.001,0.001,0,0.001,0.001,0.007,0.003,0.001,0.007
753,0,0.003,0.001,0.001,0,0.001,0.001,0.007,0.003,0.001,0.007
754,0,0.003,0.001,0.001,0,0.001,0.001,0.007,0.003,0.001,0.007
755,0,0.003,0.001,0.001,0,0.001,0.001,0.007,0.003,0.001,0.007
756,0,0.003,0.001,0.001,0,0.001,0.001,0.007,0.003,0.001,0.007
757,0,0.003,0.001,0.001,0,0.001,0.001,0.007,0.003,0.001,0.007
758,0,0.003,0.001,0.001,0,0.001,0.001,0.007,0.003,0.001,0.007
759,0,0.003,0.001,0.001,0,0.001,0.001,0.007,0.004,0.001,0.007
760,0.001,0.004,0.002,0.002,0.001,0.002,0.002,0.008,0.005,0.002,0.008
761,0,0.003,0.001,0.001,0,0.001,0.001,0.007,0.004,0.001,0.007
762,0,0.003,0.001,0.001,0,0.001,0.001,0.007,0.003,0.001,0.007
763,0,0.003,0.001,0.001,0,0.001,0.001,0.007,0.003,0.001,0.007
764,0,0.003,0.001,0.001,0,0.001,0.001,0.007,0.003,0.001,0.007
765,0,0.003,0.001,0.001,0,0.001,0.001,0.007,0.003,0.001,0.007
766,0,0.003,0.001,0.001,0,0.001,0.001,0.007,0.003,0.001,0.007
767,0,0.003,0.001,0.001,0,0.001,0.001,0.007,0.003,0.001,0.007
768,0,0.003,0.001,0.001,0,0.001,0.001,0.007,0.003,0.001,0.007
769,0,0.003,0.001,0.001,0,0.001,0.001,0.007,0.003,0.001,0.007
770,0,0.003,0.001,0.001,0,0.001,0.001,0.007,0.003,0.001,0.007
771,0,0.003,0.001,0.001,0,0.001,0.001,0.007,0.003,0.001,0.007
772,0,0.003,0.001,0.001,0,0.001,0.001,0.007,0.003,0.001,0.007
773,0,0.003,0.001,0.001,0,0.001,0.001,0.007,0.003,0.001,0.007
774,0,0.003,0.001,0.001,0,0.001,0.001,0.007,0.003,0.001,0.007
775,0,0.003,0.001,0.001,0,0.001,0.001,0.007,0.003,0.001,0.007
776,0,0.003,0.001,0.001,0,0.001,0.001,0.007,0.003,0.001,0.007
777,0,0.003,0.001,0.001,0,0.001,0.001,0.007,0.003,0.001,0.007
778,0,0.003,0.001,0.001,0,0.001,0.001,0.007,0.003,0.001,0.007
779,0,0.003,0.001,0.001,0,0.001,0.001,0.007,0.003,0.001,0.007
780,0,0.003,0.001,0.001,0,0.001,0.001,0.007,0.003,0.001,0.007
781,0,0.003,0.001,0.001,0,0.001,0.001,0.007,0.003,0.001,0.007
782,0,0.003,0.001,0.001,0,0.001,0.001,0.007,0.003,0.001,0.007
783,0,0.003,0.001,0.001,0,0.001,0.001,0.007,0.003,0.001,0.007
784,0,0.003,0.001,0.001,0,0.001,0.001,0.007,0.003,0.001,0.007
785,0,0.003,0.001,0.001,0,0.001,0.001,0.007,0.003,0.001,0.007
786,0,0.003,0.001,0.001,0,0.001,0.001,0.007,0.003,0.001,0.007
787,0,0.003,0.001,0.001,0,0.001,0.001,0.007,0.003,0.001,0.007
788,0,0.003,0.001,0.001,0,0.001,0.001,0.007,0.003,0.001,0.007
789,0,0.003,0.001,0.001,0,0.001,0.001,0.007,0.003,0.001,0.007
790,0,0.003,0.001,0.001,0,0.001,0.001,0.007,0.003,0.001,0.007
791,0,0.003,0.001,0.001,0,0.001,0.001,0.007,0.003,0.001,0.007
792,0,0.003,0.001,0.001,0,0.001,0.001,0.007,0.003,0.001,0.007
793,0,0.003,0.001,0.001,0,0.001,0.001,0.007,0.003,0.001,0.007
794,0,0.003,0.001,0.001,0,0.001,0.001,0.007,0.003,0.001,0.007
795,0,0.003,0.001,0.001,0,0.001,0.001,0.007,0.003,0.001,0.007
796,0,0.003,0.001,0.001,0,0.001,0.001,0.007,0.003,0.001,0.006
797,0,0.003,0.001,0.001,0,0.001,0.001,0.007,0.003,0.001,0.006
798,0,0.003,0.001,0.001,0,0.001,0.001,0.007,0.003,0.001,0.006
799,0,0.003,0.001,0.001,0,0.001,0.001,0.007,0.003,0.001,0.007
800,0,0.003,0.001,0.001,0,0.001,0.001,0.007,0.003,0.001,0.006
801,0,0.003,0.001,0.001,0,0.001,0.001,0.007,0.003,0.001,0.007
802,0,0.003,0.001,0.001,0,0.001,0.001,0.007,0.003,0.001,0.007
803,0,0.003,0.001,0.001,0,0.001,0.001,0.007,0.003,0.001,0.007
804,0,0.003,0.001,0.001,0,0.001,0.001,0.007,0.003,0.001,0.006
805,0,0.003,0.001,0.001,0,0.001,0.001,0.007,0.003,0.001,0.006
806,0,0.003,0.001,0.001,0,0.001,0.001,0.007,0.003,0.001,0.006
807,0,0.003,0.001,0.001,0,0.001,0.001,0.007,0.003,0.001,0.006
808,0,0.003,0.001,0.001,0,0.001,0.001,0.007,0.003,0.001,0.006
809,0,0.003,0.001,0.001,0,0.001,0.001,0.007,0.003,0.001,0.006
810,0,0.003,0.001,0.001,0,0.001,0.001,0.007,0.003,0.001,0.006
811,0,0.003,0.001,0.001,0,0.001,0.001,0.007,0.003,0.001,0.006
812,0,0.003,0.001,0.001,0,0.001,0.001,0.007,0.003,0.001,0.006
813,0,0.003,0.001,0.001,0,0.001,0.001,0.007,0.003,0.001,0.006
814,0,0.003,0.001,0.001,0,0.001,0.001,0.007,0.003,0.001,0.006
815,0,0.003,0.001,0.001,0,0.001,0.001,0.007,0.003,0.001,0.006
816,0,0.003,0.001,0.001,0,0.001,0.001,0.007,0.003,0.001,0.006
817,0,0.003,0.001,0.001,0,0.001,0.001,0.007,0.003,0.001,0.006
818,0,0.003,0.001,0.001,0,0.001,0.001,0.007,0.003,0.001,0.006
819,0,0.003,0.001,0.001,0,0.001,0.001,0.007,0.003,0.001,0.006
820,0,0.003,0.001,0.001,0,0.001,0.001,0.007,0.003,0.001,0.006
821,0,0.003,0.001,0.001,0,0.001,0.001,0.007,0.003,0.001,0.006
822,0,0.003,0.001,0.001,0,0.001,0.001,0.007,0.003,0.001,0.006
823,0,0.003,0.001,0.001,0,0.001,0.001,0.007,0.003,0.001,0.006
824,0,0.003,0.001,0.001,0,0.001,0.001,0.007,0.003,0.001,0.006
825,0,0.003,0.001,0.001,0,0.001,0.001,0.007,0.003,0.001,0.006
826,0,0.003,0.001,0.001,0,0.001,0.001,0.007,0.003,0.001,0.006
827,0,0.003,0.001,0.001,0,0.001,0.001,0.007,0.003,0.001,0.006
828,0,0.003,0.001,0.001,0,0.001,0.001,0.007,0.003,0.001,0.006
829,0,0.003,0.001,0.001,0,0.001,0.001,0.007,0.003,0.001,0.006
830,0,0.003,0.001,0.001,0,0.001,0.001,0.007,0.003,0.001,0.006
831,0,0.003,0.001,0.001,0,0.001,0.001,0.007,0.003,0.001,0.006
832,0,0.003,0.001,0.001,0,0.001,0.001,0.007,0.003,0.001,0.006
833,0,0.003,0.001,0.001,0,0.001,0.001,0.007,0.003,0.001,0.006
834,0,0.003,0.001,0.001,0,0.001,0.001,0.007,0.003,0.001,0.006
835,0,0.003,0.001,0.001,0,0.001,0.001,0.007,0.003,0.001,0.006
836,0,0.003,0.001,0.001,0,0.001,0.001,0.007,0.003,0.001,0.006
837,0,0.003,0.001,0.001,0,0.001,0.001,0.007,0.003,0.001,0.006
838,0,0.003,0.001,0.001,0,0.001,0.001,0.007,0.003,0.001,0.006
839,0,0.003,0.001,0.001,0,0.001,0.001,0.007,0.003,0.001,0.006
840,0,0.003,0.001,0.001,0,0.001,0.001,0.007,0.003,0.001,0.006
841,0,0.003,0.001,0.001,0,0.001,0.001,0.007,0.003,0.001,0.006
842,0,0.003,0.001,0.001,0,0.001,0.001,0.007,0.003,0.001,0.006
843,0,0.003,0.001,0.001,0,0.001,0.001,0.007,0.003,0.001,0.006
844,0,0.003,0.001,0.001,0,0.001,0.001,0.007,0.003,0.001,0.006
845,0,0.003,0.001,0.001,0,0.001,0.001,0.007,0.003,0.001,0.006
846,0,0.003,0.001,0.001,0,0.001,0.001,0.007,0.003,0.001,0.006
847,0,0.003,0.001,0.001,0,0.001,0.001,0.007,0.003,0.001,0.006
848,0,0.003,0.001,0.001,0,0.001,0.001,0.007,0.003,0.001,0.006
849,0,0.003,0.001,0.001,0,0.001,0.001,0.007,0.003,0.001,0.006
850,0,0.003,0.001,0.001,0,0.001,0.001,0.007,0.003,0.001,0.006
