Wavelength,blank,B5may22_0.1m_r0,C20apr22_9m_r2,C20apr22_1.5m_r1,B5may22_3m_r0,C20apr22_21m_r2,B25jul22_3m_r2,C20apr22_0.1m_r2,C20apr22_21m_r1,B25jul22_0.1m_r1,B5may22_9m_r0,B25jul22_8m_r1
190,0.043,0.233,0.353,0.358,0.238,0.363,0.303,0.354,0.358,0.382,0.202,0.272
191,0.038,0.221,0.326,0.333,0.225,0.334,0.289,0.327,0.331,0.37,0.188,0.252
192,0.036,0.211,0.299,0.307,0.214,0.307,0.277,0.3,0.305,0.357,0.177,0.233
193,0.033,0.199,0.27,0.282,0.202,0.279,0.264,0.273,0.278,0.341,0.165,0.214
194,0.031,0.189,0.248,0.259,0.192,0.258,0.253,0.251,0.257,0.328,0.154,0.199
195,0.029,0.179,0.227,0.239,0.182,0.238,0.242,0.23,0.236,0.315,0.145,0.184
196,0.028,0.17,0.21,0.222,0.174,0.221,0.232,0.214,0.219,0.303,0.138,0.171
197,0.026,0.162,0.194,0.206,0.165,0.206,0.221,0.198,0.204,0.291,0.13,0.159
198,0.024,0.154,0.181,0.192,0.157,0.192,0.212,0.185,0.191,0.279,0.123,0.148
199,0.023,0.147,0.17,0.181,0.151,0.181,0.204,0.174,0.18,0.268,0.117,0.14
200,0.022,0.141,0.16,0.171,0.145,0.171,0.196,0.164,0.17,0.258,0.112,0.132
201,0.02,0.134,0.15,0.161,0.138,0.161,0.187,0.155,0.161,0.247,0.106,0.124
202,0.018,0.129,0.142,0.153,0.132,0.154,0.18,0.147,0.153,0.237,0.102,0.118
203,0.017,0.123,0.136,0.146,0.127,0.147,0.173,0.14,0.147,0.228,0.098,0.112
204,0.016,0.118,0.13,0.14,0.122,0.141,0.166,0.134,0.141,0.219,0.094,0.107
205,0.015,0.113,0.124,0.134,0.117,0.135,0.16,0.128,0.135,0.21,0.09,0.102
206,0.014,0.11,0.12,0.129,0.113,0.13,0.154,0.123,0.13,0.202,0.087,0.099
207,0.014,0.106,0.116,0.125,0.109,0.126,0.149,0.12,0.126,0.196,0.085,0.095
208,0.013,0.102,0.112,0.12,0.106,0.121,0.144,0.116,0.122,0.189,0.082,0.092
209,0.012,0.099,0.108,0.116,0.102,0.117,0.139,0.112,0.118,0.183,0.079,0.089
210,0.012,0.096,0.105,0.113,0.099,0.113,0.135,0.109,0.114,0.177,0.077,0.086
211,0.011,0.092,0.102,0.109,0.096,0.109,0.131,0.105,0.11,0.172,0.075,0.084
212,0.011,0.09,0.099,0.106,0.093,0.106,0.127,0.102,0.107,0.167,0.073,0.082
213,0.01,0.087,0.096,0.103,0.09,0.102,0.123,0.099,0.104,0.163,0.071,0.08
214,0.01,0.085,0.093,0.1,0.088,0.099,0.12,0.097,0.1,0.158,0.069,0.078
215,0.01,0.083,0.091,0.098,0.085,0.096,0.117,0.094,0.098,0.154,0.068,0.076
216,0.009,0.081,0.088,0.095,0.083,0.093,0.114,0.092,0.095,0.151,0.066,0.075
217,0.009,0.079,0.086,0.093,0.081,0.09,0.111,0.09,0.092,0.148,0.065,0.073
218,0.009,0.077,0.084,0.091,0.079,0.088,0.109,0.088,0.089,0.145,0.064,0.072
219,0.009,0.075,0.082,0.089,0.078,0.085,0.107,0.086,0.087,0.142,0.063,0.071
220,0.008,0.074,0.08,0.087,0.076,0.082,0.105,0.084,0.084,0.139,0.062,0.07
221,0.008,0.072,0.078,0.085,0.074,0.08,0.103,0.082,0.082,0.137,0.061,0.069
222,0.008,0.071,0.077,0.084,0.073,0.078,0.101,0.081,0.08,0.134,0.06,0.068
223,0.008,0.07,0.075,0.082,0.072,0.076,0.1,0.079,0.078,0.132,0.059,0.067
224,0.008,0.068,0.073,0.08,0.07,0.074,0.098,0.078,0.076,0.13,0.058,0.066
225,0.008,0.067,0.072,0.079,0.069,0.072,0.096,0.076,0.074,0.128,0.057,0.066
226,0.008,0.066,0.071,0.077,0.068,0.07,0.095,0.075,0.073,0.126,0.057,0.065
227,0.007,0.065,0.069,0.076,0.067,0.068,0.093,0.074,0.071,0.124,0.056,0.064
228,0.007,0.064,0.068,0.074,0.066,0.067,0.091,0.072,0.069,0.122,0.055,0.063
229,0.007,0.063,0.066,0.073,0.064,0.065,0.09,0.071,0.068,0.12,0.054,0.062
230,0.007,0.061,0.065,0.072,0.063,0.064,0.088,0.07,0.066,0.118,0.053,0.061
231,0.007,0.061,0.064,0.07,0.062,0.063,0.087,0.069,0.065,0.116,0.053,0.06
232,0.007,0.059,0.063,0.069,0.061,0.061,0.085,0.067,0.063,0.114,0.052,0.059
233,0.007,0.058,0.062,0.068,0.06,0.06,0.084,0.066,0.062,0.113,0.051,0.059
234,0.006,0.058,0.061,0.067,0.059,0.059,0.083,0.065,0.061,0.111,0.051,0.058
235,0.006,0.057,0.06,0.066,0.058,0.058,0.082,0.064,0.06,0.109,0.05,0.057
236,0.006,0.056,0.059,0.065,0.058,0.057,0.081,0.063,0.059,0.108,0.05,0.057
237,0.006,0.055,0.058,0.064,0.057,0.056,0.08,0.062,0.058,0.106,0.049,0.056
238,0.006,0.055,0.057,0.063,0.056,0.055,0.079,0.061,0.057,0.105,0.049,0.056
239,0.006,0.054,0.056,0.062,0.056,0.054,0.078,0.06,0.056,0.104,0.048,0.055
240,0.006,0.053,0.055,0.061,0.055,0.053,0.077,0.059,0.055,0.103,0.048,0.055
241,0.006,0.052,0.055,0.061,0.054,0.053,0.076,0.059,0.055,0.102,0.047,0.054
242,0.006,0.052,0.054,0.06,0.054,0.052,0.076,0.058,0.054,0.101,0.047,0.054
243,0.006,0.051,0.053,0.059,0.053,0.051,0.075,0.057,0.053,0.1,0.046,0.054
244,0.006,0.051,0.053,0.058,0.052,0.051,0.074,0.057,0.053,0.099,0.046,0.053
245,0.006,0.05,0.052,0.058,0.052,0.05,0.073,0.056,0.052,0.098,0.046,0.053
246,0.005,0.05,0.051,0.057,0.051,0.05,0.072,0.055,0.052,0.097,0.045,0.052
247,0.005,0.049,0.051,0.057,0.051,0.049,0.072,0.055,0.051,0.096,0.044,0.052
248,0.005,0.049,0.05,0.056,0.05,0.049,0.071,0.054,0.051,0.095,0.044,0.052
249,0.005,0.048,0.05,0.055,0.05,0.048,0.071,0.054,0.05,0.094,0.044,0.052
250,0.005,0.048,0.049,0.055,0.049,0.048,0.07,0.053,0.05,0.094,0.044,0.051
251,0.005,0.047,0.049,0.055,0.049,0.047,0.07,0.053,0.049,0.093,0.043,0.051
252,0.005,0.047,0.048,0.054,0.049,0.047,0.069,0.052,0.049,0.092,0.043,0.051
253,0.005,0.046,0.048,0.054,0.048,0.046,0.068,0.051,0.048,0.092,0.043,0.05
254,0.005,0.046,0.048,0.053,0.048,0.046,0.068,0.051,0.048,0.091,0.042,0.05
255,0.004,0.046,0.047,0.053,0.048,0.046,0.067,0.051,0.047,0.09,0.042,0.05
256,0.005,0.046,0.047,0.052,0.047,0.046,0.067,0.05,0.047,0.09,0.042,0.05
257,0.004,0.045,0.046,0.052,0.047,0.045,0.066,0.05,0.047,0.089,0.042,0.05
258,0.005,0.045,0.046,0.052,0.047,0.045,0.066,0.05,0.046,0.089,0.042,0.05
259,0.005,0.045,0.046,0.051,0.046,0.044,0.066,0.049,0.046,0.088,0.041,0.049
260,0.004,0.044,0.045,0.051,0.046,0.044,0.065,0.049,0.045,0.087,0.041,0.049
261,0.004,0.044,0.045,0.05,0.046,0.043,0.064,0.048,0.045,0.087,0.041,0.049
262,0.004,0.044,0.044,0.05,0.046,0.043,0.064,0.048,0.045,0.086,0.041,0.049
263,0.004,0.044,0.044,0.049,0.045,0.043,0.064,0.047,0.044,0.085,0.041,0.049
264,0.004,0.043,0.044,0.049,0.045,0.042,0.063,0.047,0.044,0.085,0.04,0.048
265,0.004,0.043,0.043,0.049,0.044,0.042,0.063,0.046,0.043,0.084,0.04,0.048
266,0.004,0.042,0.042,0.048,0.044,0.041,0.062,0.046,0.043,0.083,0.04,0.048
267,0.004,0.042,0.042,0.047,0.043,0.041,0.062,0.045,0.042,0.082,0.039,0.047
268,0.004,0.041,0.042,0.047,0.043,0.04,0.061,0.045,0.042,0.082,0.039,0.047
269,0.004,0.041,0.041,0.046,0.043,0.04,0.061,0.044,0.041,0.081,0.039,0.047
270,0.004,0.041,0.04,0.045,0.042,0.039,0.06,0.043,0.041,0.08,0.039,0.047
271,0.004,0.04,0.04,0.045,0.042,0.039,0.059,0.043,0.04,0.079,0.038,0.046
272,0.004,0.04,0.04,0.044,0.042,0.038,0.059,0.042,0.04,0.079,0.038,0.046
273,0.004,0.039,0.039,0.044,0.041,0.038,0.058,0.042,0.039,0.078,0.037,0.046
274,0.004,0.039,0.038,0.043,0.041,0.037,0.058,0.041,0.039,0.077,0.037,0.045
275,0.004,0.038,0.038,0.042,0.04,0.037,0.057,0.041,0.038,0.076,0.037,0.045
276,0.004,0.038,0.037,0.042,0.04,0.036,0.056,0.04,0.037,0.076,0.036,0.045
277,0.004,0.037,0.036,0.041,0.039,0.035,0.056,0.039,0.037,0.074,0.036,0.044
278,0.004,0.037,0.036,0.04,0.038,0.035,0.055,0.038,0.036,0.074,0.036,0.044
279,0.004,0.036,0.035,0.039,0.038,0.034,0.054,0.038,0.035,0.073,0.035,0.044
280,0.004,0.036,0.035,0.039,0.037,0.034,0.054,0.037,0.035,0.072,0.035,0.043
281,0.004,0.035,0.034,0.038,0.037,0.033,0.053,0.037,0.034,0.071,0.035,0.043
282,0.004,0.035,0.033,0.038,0.036,0.033,0.052,0.036,0.034,0.07,0.034,0.043
283,0.004,0.034,0.033,0.037,0.036,0.032,0.052,0.035,0.033,0.069,0.034,0.042
284,0.004,0.033,0.032,0.036,0.035,0.031,0.051,0.035,0.032,0.069,0.033,0.042
285,0.004,0.033,0.031,0.035,0.035,0.031,0.05,0.034,0.032,0.067,0.033,0.041
286,0.004,0.032,0.031,0.035,0.034,0.03,0.049,0.033,0.031,0.067,0.032,0.041
287,0.004,0.032,0.03,0.034,0.034,0.03,0.049,0.033,0.031,0.066,0.032,0.041
288,0.004,0.031,0.03,0.034,0.033,0.029,0.049,0.032,0.03,0.065,0.032,0.04
289,0.004,0.031,0.029,0.033,0.032,0.028,0.048,0.031,0.03,0.064,0.031,0.04
290,0.003,0.03,0.029,0.032,0.032,0.028,0.047,0.031,0.029,0.063,0.031,0.04
291,0.004,0.03,0.028,0.032,0.032,0.028,0.047,0.03,0.029,0.063,0.031,0.039
292,0.003,0.029,0.027,0.031,0.031,0.027,0.046,0.03,0.028,0.062,0.03,0.039
293,0.003,0.029,0.027,0.031,0.031,0.027,0.045,0.029,0.028,0.061,0.03,0.039
294,0.003,0.029,0.027,0.03,0.03,0.026,0.045,0.028,0.027,0.06,0.03,0.038
295,0.003,0.028,0.026,0.03,0.03,0.026,0.044,0.028,0.027,0.06,0.029,0.038
296,0.004,0.028,0.026,0.029,0.029,0.025,0.044,0.028,0.026,0.059,0.029,0.038
297,0.003,0.027,0.025,0.029,0.029,0.025,0.043,0.027,0.026,0.058,0.029,0.038
298,0.003,0.027,0.025,0.028,0.028,0.024,0.043,0.026,0.025,0.057,0.028,0.037
299,0.003,0.027,0.024,0.028,0.028,0.024,0.042,0.026,0.025,0.057,0.028,0.037
300,0.003,0.026,0.024,0.027,0.028,0.023,0.042,0.025,0.024,0.056,0.028,0.037
301,0.003,0.026,0.023,0.027,0.027,0.023,0.041,0.025,0.024,0.055,0.027,0.037
302,0.003,0.026,0.023,0.026,0.027,0.023,0.041,0.025,0.023,0.055,0.027,0.036
303,0.003,0.025,0.022,0.026,0.026,0.022,0.04,0.024,0.023,0.054,0.027,0.036
304,0.003,0.025,0.022,0.025,0.026,0.022,0.04,0.024,0.023,0.053,0.026,0.036
305,0.003,0.024,0.022,0.025,0.026,0.022,0.039,0.023,0.022,0.053,0.026,0.035
306,0.003,0.024,0.021,0.024,0.025,0.021,0.039,0.023,0.022,0.052,0.026,0.035
307,0.003,0.024,0.021,0.024,0.025,0.021,0.038,0.022,0.021,0.052,0.025,0.035
308,0.003,0.024,0.021,0.024,0.025,0.02,0.038,0.022,0.021,0.051,0.025,0.035
309,0.003,0.023,0.02,0.023,0.024,0.02,0.038,0.021,0.021,0.05,0.025,0.035
310,0.003,0.023,0.02,0.023,0.024,0.02,0.037,0.021,0.02,0.05,0.025,0.034
311,0.003,0.022,0.02,0.023,0.024,0.019,0.037,0.021,0.02,0.049,0.024,0.034
312,0.003,0.022,0.019,0.022,0.023,0.019,0.036,0.02,0.02,0.049,0.024,0.034
313,0.003,0.022,0.019,0.022,0.023,0.019,0.036,0.02,0.019,0.048,0.024,0.034
314,0.003,0.022,0.019,0.022,0.023,0.018,0.036,0.02,0.019,0.048,0.024,0.034
315,0.003,0.022,0.018,0.021,0.023,0.018,0.035,0.019,0.019,0.047,0.023,0.033
316,0.003,0.021,0.018,0.021,0.022,0.018,0.035,0.019,0.018,0.047,0.023,0.033
317,0.003,0.021,0.018,0.02,0.022,0.018,0.035,0.019,0.018,0.046,0.023,0.033
318,0.003,0.021,0.018,0.02,0.022,0.017,0.034,0.019,0.018,0.046,0.023,0.033
319,0.003,0.021,0.017,0.02,0.022,0.017,0.034,0.018,0.017,0.045,0.022,0.032
320,0.003,0.02,0.017,0.02,0.021,0.017,0.034,0.018,0.017,0.045,0.022,0.032
321,0.003,0.02,0.017,0.019,0.021,0.017,0.033,0.018,0.017,0.044,0.022,0.032
322,0.002,0.02,0.016,0.019,0.021,0.016,0.033,0.017,0.017,0.044,0.022,0.032
323,0.003,0.02,0.016,0.019,0.021,0.016,0.033,0.017,0.017,0.044,0.022,0.032
324,0.003,0.019,0.016,0.019,0.021,0.016,0.033,0.017,0.016,0.043,0.022,0.032
325,0.003,0.019,0.016,0.018,0.02,0.016,0.032,0.016,0.016,0.043,0.021,0.031
326,0.002,0.019,0.015,0.018,0.02,0.015,0.032,0.016,0.016,0.042,0.021,0.031
327,0.002,0.019,0.015,0.018,0.02,0.015,0.031,0.016,0.015,0.042,0.021,0.031
328,0.003,0.019,0.015,0.018,0.02,0.015,0.031,0.016,0.015,0.041,0.021,0.031
329,0.002,0.018,0.015,0.017,0.019,0.015,0.031,0.015,0.015,0.041,0.02,0.031
330,0.002,0.018,0.015,0.017,0.019,0.015,0.03,0.015,0.015,0.041,0.021,0.031
331,0.002,0.018,0.014,0.017,0.019,0.014,0.03,0.015,0.015,0.04,0.02,0.031
332,0.002,0.018,0.014,0.016,0.019,0.014,0.03,0.015,0.015,0.04,0.02,0.03
333,0.003,0.018,0.014,0.016,0.019,0.014,0.03,0.015,0.015,0.04,0.02,0.031
334,0.003,0.018,0.013,0.016,0.019,0.014,0.03,0.015,0.014,0.039,0.02,0.03
335,0.003,0.017,0.014,0.016,0.018,0.014,0.029,0.014,0.014,0.039,0.02,0.03
336,0.003,0.017,0.013,0.016,0.018,0.013,0.029,0.014,0.014,0.038,0.019,0.03
337,0.002,0.017,0.013,0.015,0.018,0.013,0.028,0.014,0.013,0.038,0.019,0.029
338,0.002,0.017,0.013,0.015,0.018,0.013,0.028,0.014,0.013,0.037,0.019,0.029
339,0.003,0.017,0.013,0.015,0.018,0.013,0.028,0.014,0.014,0.038,0.019,0.03
340,0.004,0.018,0.014,0.016,0.019,0.014,0.029,0.015,0.014,0.038,0.02,0.031
341,0.003,0.016,0.013,0.015,0.018,0.013,0.028,0.013,0.013,0.037,0.019,0.03
342,0.003,0.016,0.013,0.015,0.017,0.012,0.027,0.013,0.013,0.036,0.018,0.029
343,0.003,0.016,0.012,0.014,0.017,0.012,0.027,0.013,0.013,0.036,0.018,0.029
344,0.002,0.015,0.012,0.014,0.017,0.012,0.027,0.012,0.012,0.035,0.018,0.029
345,0.003,0.015,0.012,0.014,0.017,0.012,0.027,0.013,0.012,0.035,0.018,0.029
346,0.002,0.015,0.011,0.013,0.016,0.012,0.026,0.012,0.012,0.035,0.018,0.028
347,0.002,0.015,0.011,0.013,0.016,0.011,0.025,0.012,0.012,0.034,0.018,0.028
348,0.002,0.015,0.011,0.013,0.016,0.011,0.026,0.012,0.012,0.034,0.017,0.028
349,0.002,0.015,0.011,0.013,0.016,0.011,0.025,0.012,0.012,0.034,0.017,0.028
350,0.002,0.014,0.011,0.013,0.015,0.011,0.025,0.011,0.011,0.033,0.017,0.028
351,0.002,0.014,0.011,0.012,0.015,0.011,0.025,0.011,0.011,0.033,0.017,0.028
352,0.002,0.014,0.011,0.012,0.015,0.011,0.024,0.011,0.011,0.032,0.017,0.028
353,0.002,0.014,0.011,0.012,0.015,0.011,0.024,0.011,0.011,0.032,0.017,0.027
354,0.002,0.013,0.01,0.012,0.015,0.01,0.024,0.011,0.01,0.032,0.017,0.027
355,0.002,0.013,0.01,0.012,0.015,0.011,0.024,0.011,0.01,0.031,0.016,0.027
356,0.002,0.013,0.01,0.012,0.014,0.01,0.023,0.01,0.01,0.031,0.016,0.027
357,0.002,0.013,0.01,0.012,0.014,0.01,0.023,0.01,0.01,0.031,0.016,0.027
358,0.002,0.013,0.01,0.011,0.014,0.01,0.023,0.01,0.01,0.03,0.016,0.027
359,0.002,0.013,0.01,0.011,0.014,0.01,0.023,0.01,0.01,0.03,0.016,0.027
360,0.002,0.013,0.009,0.011,0.014,0.01,0.022,0.01,0.01,0.029,0.016,0.026
361,0.002,0.012,0.009,0.011,0.013,0.009,0.022,0.009,0.01,0.029,0.016,0.026
362,0.002,0.012,0.009,0.01,0.013,0.009,0.022,0.009,0.009,0.029,0.015,0.026
363,0.002,0.012,0.009,0.01,0.013,0.009,0.022,0.009,0.009,0.028,0.015,0.026
364,0.002,0.012,0.009,0.01,0.013,0.009,0.021,0.009,0.009,0.028,0.015,0.026
365,0.002,0.012,0.008,0.01,0.013,0.009,0.021,0.009,0.009,0.028,0.015,0.026
366,0.002,0.012,0.008,0.01,0.013,0.008,0.021,0.009,0.009,0.027,0.015,0.026
367,0.002,0.012,0.008,0.01,0.013,0.009,0.021,0.009,0.009,0.027,0.015,0.026
368,0.001,0.012,0.008,0.01,0.012,0.008,0.021,0.009,0.008,0.027,0.015,0.025
369,0.002,0.011,0.008,0.009,0.012,0.008,0.02,0.008,0.008,0.026,0.014,0.025
370,0.001,0.011,0.008,0.009,0.012,0.008,0.02,0.008,0.008,0.026,0.014,0.025
371,0.001,0.011,0.008,0.009,0.012,0.008,0.02,0.008,0.008,0.025,0.014,0.025
372,0.001,0.011,0.008,0.009,0.012,0.008,0.02,0.008,0.008,0.025,0.014,0.025
373,0.001,0.011,0.008,0.009,0.012,0.008,0.02,0.008,0.008,0.025,0.014,0.025
374,0.001,0.01,0.007,0.009,0.012,0.007,0.019,0.008,0.008,0.024,0.014,0.024
375,0.001,0.01,0.007,0.009,0.011,0.008,0.019,0.008,0.008,0.024,0.014,0.025
376,0.001,0.01,0.007,0.009,0.011,0.007,0.019,0.007,0.008,0.024,0.014,0.025
377,0.001,0.01,0.007,0.008,0.011,0.007,0.019,0.007,0.007,0.024,0.014,0.024
378,0.001,0.01,0.007,0.008,0.011,0.007,0.018,0.007,0.008,0.023,0.013,0.024
379,0.001,0.01,0.007,0.008,0.011,0.007,0.018,0.007,0.007,0.023,0.013,0.024
380,0.001,0.01,0.007,0.008,0.011,0.007,0.018,0.007,0.007,0.022,0.013,0.024
381,0.001,0.01,0.007,0.008,0.011,0.007,0.018,0.007,0.007,0.022,0.013,0.024
382,0.001,0.01,0.007,0.008,0.01,0.007,0.017,0.007,0.007,0.022,0.013,0.024
383,0.001,0.01,0.007,0.008,0.01,0.007,0.017,0.007,0.007,0.022,0.013,0.024
384,0.001,0.01,0.007,0.008,0.011,0.007,0.017,0.007,0.007,0.021,0.013,0.024
385,0.001,0.009,0.006,0.007,0.01,0.007,0.017,0.007,0.006,0.021,0.012,0.023
386,0.001,0.009,0.006,0.007,0.01,0.007,0.017,0.007,0.007,0.021,0.013,0.024
387,0.001,0.009,0.006,0.007,0.01,0.007,0.017,0.007,0.006,0.02,0.012,0.023
388,0.001,0.009,0.006,0.007,0.01,0.006,0.016,0.006,0.006,0.02,0.012,0.023
389,0.001,0.009,0.006,0.007,0.01,0.006,0.016,0.006,0.006,0.02,0.012,0.023
390,0.001,0.009,0.006,0.007,0.01,0.006,0.016,0.006,0.006,0.019,0.012,0.023
391,0.001,0.009,0.006,0.007,0.01,0.006,0.016,0.006,0.006,0.019,0.012,0.023
392,0.001,0.009,0.006,0.007,0.01,0.006,0.016,0.006,0.006,0.019,0.012,0.023
393,0.001,0.008,0.006,0.007,0.009,0.006,0.015,0.006,0.006,0.018,0.012,0.023
394,0.001,0.009,0.006,0.007,0.009,0.006,0.015,0.006,0.006,0.018,0.012,0.023
395,0.001,0.008,0.005,0.006,0.009,0.006,0.015,0.006,0.006,0.018,0.011,0.023
396,0.001,0.008,0.005,0.006,0.009,0.006,0.015,0.005,0.005,0.018,0.011,0.023
397,0.001,0.008,0.005,0.006,0.009,0.006,0.015,0.005,0.005,0.017,0.011,0.022
398,0.001,0.008,0.005,0.006,0.009,0.005,0.015,0.005,0.005,0.017,0.011,0.022
399,0.001,0.008,0.005,0.006,0.009,0.005,0.014,0.005,0.005,0.017,0.011,0.022
400,0.001,0.008,0.005,0.006,0.009,0.005,0.014,0.005,0.005,0.017,0.011,0.022
401,0.001,0.008,0.005,0.006,0.009,0.005,0.014,0.005,0.005,0.017,0.011,0.022
402,0.001,0.008,0.005,0.006,0.009,0.005,0.014,0.005,0.005,0.016,0.011,0.022
403,0.001,0.008,0.005,0.006,0.009,0.005,0.014,0.005,0.005,0.016,0.011,0.022
404,0.001,0.008,0.005,0.006,0.008,0.005,0.014,0.005,0.005,0.016,0.011,0.022
405,0.001,0.007,0.005,0.005,0.008,0.005,0.013,0.005,0.005,0.016,0.01,0.022
406,0.001,0.007,0.005,0.005,0.008,0.005,0.013,0.005,0.005,0.015,0.01,0.022
407,0.001,0.007,0.005,0.005,0.008,0.005,0.013,0.005,0.005,0.015,0.01,0.022
408,0.001,0.007,0.005,0.005,0.008,0.005,0.013,0.005,0.004,0.015,0.01,0.022
409,0.001,0.007,0.005,0.005,0.008,0.005,0.013,0.005,0.004,0.015,0.01,0.022
410,0.001,0.007,0.004,0.005,0.008,0.005,0.013,0.005,0.004,0.015,0.01,0.022
411,0.001,0.007,0.004,0.005,0.008,0.005,0.013,0.005,0.004,0.014,0.01,0.021
412,0.001,0.007,0.004,0.005,0.008,0.004,0.012,0.004,0.004,0.014,0.01,0.021
413,0.001,0.007,0.004,0.005,0.008,0.004,0.012,0.004,0.004,0.014,0.01,0.021
414,0.001,0.007,0.004,0.005,0.008,0.004,0.012,0.004,0.004,0.014,0.01,0.021
415,0.001,0.007,0.004,0.005,0.008,0.004,0.012,0.004,0.004,0.014,0.01,0.021
416,0.001,0.007,0.004,0.005,0.008,0.004,0.012,0.004,0.004,0.013,0.01,0.021
417,0.001,0.007,0.004,0.005,0.007,0.004,0.012,0.004,0.004,0.013,0.009,0.021
418,0.001,0.006,0.004,0.004,0.007,0.004,0.012,0.004,0.004,0.013,0.009,0.021
419,0.001,0.007,0.004,0.004,0.007,0.004,0.012,0.004,0.004,0.013,0.009,0.021
420,0.001,0.006,0.004,0.004,0.007,0.004,0.011,0.004,0.004,0.013,0.009,0.021
421,0.001,0.006,0.004,0.004,0.007,0.004,0.011,0.004,0.004,0.012,0.009,0.021
422,0.001,0.006,0.004,0.004,0.007,0.004,0.011,0.004,0.004,0.012,0.009,0.021
423,0,0.006,0.004,0.004,0.007,0.004,0.011,0.004,0.003,0.012,0.009,0.021
424,0.001,0.006,0.004,0.004,0.007,0.004,0.011,0.004,0.003,0.012,0.009,0.021
425,0.001,0.006,0.004,0.004,0.007,0.004,0.011,0.004,0.003,0.012,0.009,0.02
426,0.001,0.006,0.004,0.004,0.007,0.004,0.011,0.004,0.003,0.012,0.009,0.02
427,0.001,0.006,0.004,0.004,0.007,0.004,0.011,0.004,0.003,0.012,0.009,0.02
428,0.001,0.006,0.004,0.004,0.007,0.004,0.011,0.003,0.003,0.011,0.009,0.02
429,0,0.006,0.003,0.004,0.007,0.004,0.01,0.003,0.003,0.011,0.009,0.02
430,0,0.006,0.003,0.004,0.007,0.004,0.01,0.003,0.003,0.011,0.008,0.02
431,0.001,0.006,0.003,0.004,0.007,0.004,0.01,0.003,0.003,0.011,0.008,0.02
432,0.001,0.006,0.003,0.004,0.007,0.004,0.01,0.003,0.003,0.011,0.008,0.02
433,0.001,0.006,0.003,0.003,0.006,0.004,0.01,0.003,0.003,0.01,0.008,0.02
434,0,0.006,0.003,0.004,0.007,0.004,0.01,0.003,0.003,0.01,0.008,0.02
435,0,0.006,0.003,0.003,0.006,0.003,0.01,0.003,0.003,0.01,0.008,0.02
436,0.001,0.006,0.003,0.003,0.006,0.003,0.01,0.003,0.003,0.01,0.008,0.02
437,0,0.006,0.003,0.003,0.006,0.003,0.01,0.003,0.003,0.01,0.008,0.019
438,0,0.005,0.003,0.003,0.006,0.003,0.01,0.003,0.003,0.01,0.008,0.019
439,0,0.005,0.003,0.003,0.006,0.003,0.01,0.003,0.003,0.01,0.008,0.019
440,0,0.005,0.003,0.003,0.006,0.003,0.01,0.003,0.003,0.01,0.008,0.019
441,0,0.005,0.003,0.003,0.006,0.003,0.009,0.003,0.003,0.01,0.008,0.019
442,0,0.005,0.003,0.003,0.006,0.003,0.009,0.003,0.002,0.009,0.008,0.019
443,0,0.005,0.003,0.003,0.006,0.003,0.009,0.003,0.002,0.009,0.008,0.019
444,0,0.005,0.003,0.003,0.006,0.003,0.009,0.003,0.002,0.009,0.008,0.019
445,0,0.005,0.003,0.003,0.006,0.003,0.009,0.003,0.002,0.009,0.008,0.019
446,0,0.005,0.003,0.003,0.006,0.003,0.009,0.003,0.002,0.009,0.008,0.019
447,0.001,0.005,0.003,0.003,0.006,0.003,0.009,0.003,0.002,0.009,0.008,0.019
448,0,0.005,0.003,0.003,0.006,0.003,0.009,0.003,0.002,0.009,0.008,0.019
449,0,0.005,0.003,0.003,0.006,0.003,0.009,0.003,0.002,0.009,0.008,0.019
450,0,0.005,0.003,0.003,0.006,0.003,0.009,0.003,0.002,0.008,0.008,0.019
451,0,0.005,0.003,0.003,0.006,0.003,0.009,0.003,0.002,0.008,0.008,0.019
452,0,0.005,0.003,0.003,0.006,0.003,0.009,0.003,0.002,0.008,0.007,0.018
453,0,0.005,0.003,0.003,0.006,0.003,0.008,0.003,0.002,0.008,0.007,0.018
454,0,0.005,0.003,0.003,0.006,0.003,0.008,0.003,0.002,0.008,0.007,0.018
455,0,0.005,0.003,0.003,0.006,0.003,0.008,0.003,0.002,0.008,0.007,0.018
456,0,0.005,0.003,0.003,0.005,0.003,0.008,0.003,0.002,0.008,0.007,0.018
457,0,0.005,0.003,0.003,0.005,0.003,0.008,0.003,0.002,0.008,0.007,0.018
458,0,0.005,0.003,0.003,0.005,0.003,0.008,0.003,0.002,0.008,0.007,0.018
459,0,0.005,0.002,0.002,0.005,0.003,0.008,0.002,0.002,0.008,0.007,0.018
460,0,0.005,0.003,0.002,0.005,0.003,0.008,0.002,0.002,0.008,0.007,0.018
461,0,0.005,0.002,0.003,0.005,0.003,0.008,0.002,0.002,0.008,0.007,0.018
462,0,0.005,0.002,0.003,0.005,0.002,0.008,0.002,0.002,0.007,0.007,0.018
463,0,0.005,0.002,0.003,0.005,0.003,0.008,0.002,0.002,0.007,0.007,0.018
464,0,0.005,0.002,0.002,0.005,0.002,0.008,0.002,0.002,0.007,0.007,0.018
465,0,0.005,0.002,0.002,0.005,0.002,0.008,0.002,0.002,0.007,0.007,0.018
466,0,0.005,0.002,0.002,0.005,0.002,0.008,0.002,0.002,0.007,0.007,0.018
467,0,0.005,0.002,0.002,0.005,0.002,0.008,0.002,0.002,0.007,0.007,0.018
468,0,0.005,0.002,0.002,0.005,0.002,0.008,0.002,0.002,0.007,0.007,0.017
469,0,0.005,0.002,0.002,0.005,0.002,0.008,0.002,0.002,0.007,0.007,0.017
470,0,0.005,0.002,0.002,0.005,0.002,0.008,0.002,0.002,0.007,0.007,0.017
471,0,0.005,0.002,0.002,0.005,0.002,0.008,0.002,0.002,0.007,0.007,0.017
472,0,0.005,0.002,0.002,0.005,0.002,0.008,0.002,0.002,0.007,0.007,0.017
473,0,0.004,0.002,0.002,0.005,0.002,0.008,0.002,0.002,0.007,0.007,0.017
474,0,0.004,0.002,0.002,0.005,0.002,0.008,0.002,0.002,0.007,0.007,0.017
475,0,0.004,0.002,0.002,0.005,0.002,0.007,0.002,0.002,0.007,0.007,0.017
476,0,0.004,0.002,0.002,0.005,0.002,0.007,0.002,0.002,0.007,0.007,0.017
477,0,0.004,0.002,0.002,0.005,0.002,0.007,0.002,0.002,0.006,0.007,0.017
478,0,0.004,0.002,0.002,0.005,0.002,0.007,0.002,0.002,0.006,0.007,0.017
479,0,0.004,0.002,0.002,0.005,0.002,0.007,0.002,0.002,0.006,0.007,0.017
480,0,0.004,0.002,0.002,0.005,0.002,0.007,0.002,0.002,0.006,0.007,0.017
481,0,0.004,0.002,0.002,0.005,0.002,0.007,0.002,0.001,0.006,0.007,0.017
482,0,0.004,0.002,0.002,0.005,0.002,0.007,0.002,0.001,0.006,0.007,0.017
483,0,0.004,0.002,0.002,0.005,0.002,0.007,0.002,0.001,0.006,0.006,0.017
484,0,0.004,0.002,0.002,0.005,0.002,0.007,0.002,0.001,0.006,0.006,0.016
485,0,0.004,0.002,0.002,0.005,0.002,0.007,0.002,0.001,0.006,0.006,0.016
486,0,0.004,0.002,0.002,0.004,0.002,0.007,0.002,0.001,0.006,0.006,0.016
487,0,0.004,0.002,0.002,0.004,0.002,0.007,0.002,0.001,0.006,0.006,0.016
488,0,0.004,0.002,0.002,0.004,0.002,0.007,0.002,0.001,0.006,0.006,0.016
489,0,0.004,0.002,0.002,0.004,0.002,0.007,0.002,0.001,0.006,0.006,0.016
490,0,0.004,0.002,0.002,0.004,0.002,0.007,0.002,0.001,0.006,0.006,0.016
491,0,0.004,0.002,0.002,0.004,0.002,0.007,0.002,0.001,0.005,0.006,0.016
492,0,0.004,0.002,0.002,0.004,0.002,0.007,0.001,0.001,0.005,0.006,0.016
493,0,0.004,0.002,0.002,0.004,0.002,0.007,0.002,0.001,0.005,0.006,0.016
494,0,0.004,0.002,0.002,0.004,0.002,0.007,0.002,0.001,0.005,0.006,0.016
495,0,0.004,0.002,0.002,0.004,0.002,0.007,0.002,0.001,0.005,0.006,0.016
496,0,0.004,0.002,0.002,0.004,0.002,0.006,0.002,0.001,0.005,0.006,0.016
497,0,0.004,0.002,0.002,0.004,0.002,0.006,0.002,0.001,0.005,0.006,0.016
498,0,0.004,0.002,0.002,0.004,0.002,0.006,0.001,0.001,0.005,0.006,0.016
499,0,0.004,0.002,0.002,0.004,0.002,0.006,0.002,0.001,0.005,0.006,0.016
500,0,0.004,0.002,0.002,0.004,0.002,0.006,0.001,0.001,0.005,0.006,0.016
501,0,0.004,0.002,0.002,0.004,0.002,0.006,0.001,0.001,0.005,0.006,0.016
502,0,0.004,0.002,0.002,0.004,0.002,0.006,0.001,0.001,0.005,0.006,0.016
503,0,0.004,0.002,0.002,0.004,0.002,0.006,0.001,0.001,0.005,0.006,0.016
504,0,0.004,0.001,0.002,0.004,0.002,0.006,0.001,0.001,0.005,0.006,0.015
505,0,0.004,0.001,0.002,0.004,0.002,0.006,0.001,0.001,0.005,0.006,0.015
506,0,0.004,0.001,0.001,0.004,0.002,0.006,0.001,0.001,0.005,0.006,0.015
507,0,0.003,0.001,0.001,0.004,0.002,0.006,0.001,0.001,0.005,0.006,0.015
508,0,0.003,0.001,0.001,0.004,0.002,0.006,0.001,0.001,0.005,0.006,0.015
509,0,0.003,0.001,0.001,0.004,0.002,0.006,0.001,0.001,0.005,0.006,0.015
510,0,0.003,0.001,0.001,0.004,0.002,0.006,0.001,0.001,0.005,0.006,0.015
511,0,0.003,0.001,0.001,0.004,0.002,0.006,0.001,0.001,0.004,0.006,0.015
512,0,0.003,0.001,0.001,0.004,0.002,0.006,0.001,0.001,0.004,0.006,0.015
513,0,0.003,0.001,0.001,0.004,0.001,0.006,0.001,0.001,0.004,0.006,0.015
514,0,0.003,0.001,0.001,0.004,0.001,0.006,0.001,0.001,0.004,0.006,0.015
515,0,0.003,0.001,0.001,0.004,0.002,0.006,0.001,0.001,0.004,0.006,0.015
516,0,0.003,0.001,0.001,0.004,0.001,0.006,0.001,0.001,0.004,0.005,0.015
517,0,0.003,0.001,0.001,0.004,0.001,0.006,0.001,0.001,0.004,0.005,0.015
518,0,0.003,0.001,0.001,0.004,0.001,0.006,0.001,0.001,0.004,0.005,0.015
519,0,0.003,0.001,0.001,0.004,0.001,0.006,0.001,0.001,0.004,0.005,0.015
520,0,0.003,0.001,0.001,0.004,0.001,0.006,0.001,0.001,0.004,0.005,0.015
521,0,0.003,0.001,0.001,0.004,0.001,0.006,0.001,0.001,0.004,0.005,0.015
522,0,0.003,0.001,0.001,0.004,0.001,0.006,0.001,0.001,0.004,0.005,0.015
523,0,0.003,0.001,0.001,0.004,0.001,0.005,0.001,0.001,0.004,0.005,0.014
524,0,0.003,0.001,0.001,0.004,0.001,0.005,0.001,0.001,0.004,0.005,0.014
525,0,0.003,0.001,0.001,0.004,0.001,0.005,0.001,0.001,0.004,0.005,0.014
526,0,0.003,0.001,0.001,0.004,0.001,0.006,0.001,0.001,0.004,0.005,0.014
527,0,0.003,0.001,0.001,0.004,0.001,0.005,0.001,0.001,0.004,0.005,0.014
528,0,0.003,0.001,0.001,0.004,0.001,0.005,0.001,0.001,0.004,0.005,0.014
529,0,0.003,0.001,0.001,0.003,0.001,0.005,0.001,0.001,0.004,0.005,0.014
530,0,0.003,0.001,0.001,0.003,0.001,0.005,0.001,0.001,0.004,0.005,0.014
531,0,0.003,0.001,0.001,0.004,0.001,0.005,0.001,0.001,0.004,0.005,0.014
532,0,0.003,0.001,0.001,0.003,0.001,0.005,0.001,0.001,0.003,0.005,0.014
533,0,0.003,0.001,0.001,0.003,0.001,0.005,0.001,0.001,0.003,0.005,0.014
534,0,0.003,0.001,0.001,0.003,0.001,0.005,0.001,0.001,0.003,0.005,0.014
535,0,0.003,0.001,0.001,0.004,0.002,0.005,0.001,0.001,0.004,0.005,0.014
536,0.001,0.004,0.002,0.002,0.004,0.002,0.006,0.002,0.002,0.004,0.006,0.015
537,0,0.003,0.001,0.001,0.004,0.001,0.005,0.001,0.001,0.004,0.005,0.014
538,0,0.003,0.001,0.001,0.003,0.001,0.005,0.001,0.001,0.003,0.005,0.014
539,0,0.003,0.001,0.001,0.003,0.001,0.005,0.001,0.001,0.003,0.005,0.014
540,0,0.003,0.001,0.001,0.003,0.001,0.005,0.001,0.001,0.003,0.005,0.014
541,0,0.003,0.001,0.001,0.003,0.001,0.005,0.001,0.001,0.003,0.005,0.014
542,0,0.003,0.001,0.001,0.003,0.001,0.005,0.001,0.001,0.003,0.005,0.014
543,0,0.003,0.001,0.001,0.003,0.001,0.005,0.001,0.001,0.003,0.005,0.014
544,0,0.003,0.001,0.001,0.003,0.001,0.005,0.001,0.001,0.003,0.005,0.014
545,0,0.003,0.001,0.001,0.003,0.001,0.005,0.001,0.001,0.003,0.005,0.014
546,0,0.003,0.001,0.001,0.003,0.001,0.005,0.001,0.001,0.003,0.005,0.014
547,0,0.003,0.001,0.001,0.003,0.001,0.005,0.001,0.001,0.003,0.005,0.014
548,0,0.003,0.001,0.001,0.003,0.001,0.005,0.001,0.001,0.003,0.005,0.013
549,0,0.003,0.001,0.001,0.003,0.001,0.005,0.001,0.001,0.003,0.005,0.014
550,0,0.003,0.001,0.001,0.003,0.001,0.005,0.001,0,0.003,0.005,0.013
551,0,0.003,0.001,0.001,0.003,0.001,0.005,0.001,0,0.003,0.005,0.013
552,0,0.003,0.001,0.001,0.003,0.001,0.005,0.001,0.001,0.003,0.005,0.013
553,0,0.003,0.001,0.001,0.003,0.001,0.005,0.001,0.001,0.003,0.005,0.013
554,0,0.003,0.001,0.001,0.003,0.001,0.005,0.001,0.001,0.003,0.005,0.013
555,0,0.003,0.001,0.001,0.003,0.001,0.005,0.001,0.001,0.003,0.005,0.013
556,0,0.003,0.001,0.001,0.003,0.001,0.005,0.001,0.001,0.003,0.005,0.013
557,0,0.003,0.001,0.001,0.003,0.001,0.005,0.001,0,0.003,0.005,0.013
558,0,0.003,0.001,0.001,0.003,0.001,0.005,0.001,0,0.003,0.005,0.013
559,0,0.003,0.001,0.001,0.003,0.001,0.005,0.001,0,0.003,0.005,0.013
560,0,0.003,0.001,0.001,0.003,0.001,0.005,0.001,0.001,0.003,0.005,0.013
561,0,0.003,0.001,0.001,0.003,0.001,0.005,0.001,0.001,0.003,0.005,0.013
562,0,0.003,0.001,0.001,0.003,0.001,0.005,0.001,0,0.003,0.005,0.013
563,0,0.003,0.001,0.001,0.003,0.001,0.005,0.001,0.001,0.003,0.005,0.013
564,0,0.003,0.001,0.001,0.003,0.001,0.005,0.001,0.001,0.003,0.005,0.013
565,0,0.003,0.001,0.001,0.003,0.001,0.005,0.001,0.001,0.003,0.005,0.013
566,0,0.003,0.001,0.001,0.003,0.001,0.005,0.001,0.001,0.003,0.005,0.013
567,0,0.003,0.001,0.001,0.003,0.001,0.005,0.001,0,0.003,0.005,0.013
568,0,0.003,0.001,0.001,0.003,0.001,0.005,0.001,0.001,0.003,0.005,0.013
569,0,0.003,0.001,0.001,0.003,0.001,0.005,0.001,0,0.003,0.005,0.013
570,0,0.003,0.001,0.001,0.003,0.001,0.005,0.001,0,0.003,0.005,0.013
571,0,0.003,0.001,0.001,0.003,0.001,0.005,0.001,0,0.003,0.005,0.013
572,0,0.003,0.001,0.001,0.003,0.001,0.005,0.001,0,0.003,0.005,0.013
573,0,0.003,0.001,0.001,0.003,0.001,0.005,0.001,0,0.003,0.004,0.013
574,0,0.003,0.001,0.001,0.003,0.001,0.005,0.001,0,0.003,0.004,0.013
575,0,0.003,0.001,0.001,0.003,0.001,0.005,0.001,0,0.003,0.004,0.013
576,0,0.003,0.001,0.001,0.003,0.001,0.005,0.001,0,0.003,0.004,0.013
577,0,0.003,0.001,0.001,0.003,0.001,0.005,0.001,0,0.003,0.004,0.013
578,0,0.003,0.001,0.001,0.003,0.001,0.005,0.001,0,0.003,0.005,0.013
579,0,0.003,0.001,0.001,0.003,0.001,0.005,0.001,0,0.003,0.005,0.013
580,0,0.003,0.001,0.001,0.003,0.001,0.005,0.001,0,0.003,0.004,0.013
581,0,0.003,0.001,0.001,0.003,0.001,0.004,0.001,0,0.003,0.004,0.013
582,0,0.003,0.001,0.001,0.003,0.001,0.004,0.001,0,0.003,0.004,0.012
583,0,0.003,0.001,0.001,0.003,0.001,0.004,0.001,0,0.003,0.004,0.012
584,0,0.003,0.001,0.001,0.003,0.001,0.004,0.001,0,0.002,0.004,0.012
585,0,0.003,0.001,0.001,0.003,0.001,0.004,0.001,0,0.003,0.004,0.012
586,0,0.003,0.001,0.001,0.003,0.001,0.004,0.001,0,0.002,0.004,0.012
587,0,0.003,0.001,0.001,0.003,0.001,0.004,0.001,0,0.002,0.004,0.012
588,0,0.003,0.001,0.001,0.003,0.001,0.004,0.001,0,0.002,0.004,0.012
589,0,0.003,0.001,0.001,0.003,0.001,0.004,0.001,0,0.002,0.004,0.012
590,0,0.003,0.001,0.001,0.003,0.001,0.004,0.001,0,0.002,0.004,0.012
591,0,0.003,0.001,0.001,0.003,0.001,0.004,0.001,0,0.002,0.004,0.012
592,0,0.003,0.001,0.001,0.003,0.001,0.004,0.001,0,0.002,0.004,0.012
593,0,0.003,0.001,0.001,0.003,0.001,0.004,0.001,0,0.002,0.004,0.012
594,0,0.003,0.001,0.001,0.003,0.001,0.004,0.001,0,0.002,0.004,0.012
595,0,0.003,0.001,0.001,0.003,0.001,0.004,0.001,0,0.002,0.004,0.012
596,0,0.003,0.001,0.001,0.003,0.001,0.004,0.001,0,0.002,0.004,0.012
597,0,0.003,0.001,0.001,0.003,0.001,0.004,0.001,0,0.002,0.004,0.012
598,0,0.003,0.001,0.001,0.003,0.001,0.004,0.001,0,0.002,0.004,0.012
599,0,0.003,0.001,0.001,0.003,0.001,0.004,0.001,0,0.002,0.004,0.012
600,0,0.003,0.001,0.001,0.003,0.001,0.004,0.001,0,0.002,0.004,0.012
601,0,0.003,0.001,0.001,0.003,0.001,0.004,0.001,0,0.002,0.004,0.012
602,0,0.003,0.001,0.001,0.003,0.001,0.004,0.001,0,0.002,0.004,0.012
603,0,0.003,0.001,0.001,0.003,0.001,0.004,0.001,0,0.002,0.004,0.012
604,0,0.002,0.001,0.001,0.003,0.001,0.004,0.001,0,0.002,0.004,0.012
605,0,0.002,0.001,0.001,0.003,0.001,0.004,0.001,0,0.002,0.004,0.012
606,0,0.003,0.001,0.001,0.003,0.001,0.004,0.001,0,0.002,0.004,0.012
607,0,0.002,0.001,0.001,0.003,0.001,0.004,0.001,0,0.002,0.004,0.012
608,0,0.002,0.001,0.001,0.003,0.001,0.004,0.001,0,0.002,0.004,0.012
609,0,0.002,0.001,0.001,0.003,0.001,0.004,0.001,0,0.002,0.004,0.011
610,0,0.003,0.001,0.001,0.003,0.001,0.004,0.001,0,0.002,0.004,0.012
611,0,0.002,0.001,0.001,0.003,0.001,0.004,0.001,0,0.002,0.004,0.012
612,0,0.002,0.001,0.001,0.003,0.001,0.004,0.001,0,0.002,0.004,0.011
613,0,0.002,0.001,0.001,0.003,0.001,0.004,0.001,0,0.002,0.004,0.011
614,0,0.002,0.001,0.001,0.003,0.001,0.004,0.001,0,0.002,0.004,0.011
615,0,0.002,0.001,0.001,0.003,0.001,0.004,0.001,0,0.002,0.004,0.011
616,0,0.002,0.001,0.001,0.003,0.001,0.004,0.001,0,0.002,0.004,0.011
617,0,0.002,0.001,0.001,0.003,0.001,0.004,0.001,0,0.002,0.004,0.011
618,0,0.002,0.001,0.001,0.003,0.001,0.004,0.001,0,0.002,0.004,0.011
619,0,0.002,0.001,0.001,0.003,0.001,0.004,0.001,0,0.002,0.004,0.011
620,0,0.002,0.001,0.001,0.003,0.001,0.004,0.001,0,0.002,0.004,0.011
621,0,0.002,0.001,0.001,0.003,0.001,0.004,0.001,0,0.002,0.004,0.011
622,0,0.002,0.001,0.001,0.003,0.001,0.004,0.001,0,0.002,0.004,0.011
623,0,0.002,0.001,0.001,0.003,0.001,0.004,0.001,0,0.002,0.004,0.011
624,0,0.002,0.001,0.001,0.003,0.001,0.004,0.001,0,0.002,0.004,0.011
625,0,0.002,0.001,0.001,0.003,0.001,0.004,0.001,0,0.002,0.004,0.011
626,0,0.002,0.001,0.001,0.003,0.001,0.004,0.001,0,0.002,0.004,0.011
627,0,0.002,0.001,0.001,0.003,0.001,0.004,0.001,0,0.002,0.004,0.011
628,0,0.002,0.001,0.001,0.003,0.001,0.004,0.001,0,0.002,0.004,0.011
629,0,0.002,0.001,0.001,0.003,0.001,0.004,0.001,0,0.002,0.004,0.011
630,0,0.002,0.001,0.001,0.003,0.001,0.004,0.001,0,0.002,0.004,0.011
631,0,0.002,0.001,0.001,0.003,0.001,0.004,0.001,0,0.002,0.004,0.011
632,0,0.002,0.001,0.001,0.003,0.001,0.004,0.001,0,0.002,0.004,0.011
633,0,0.002,0.001,0.001,0.003,0.001,0.004,0.001,0,0.002,0.004,0.011
634,0,0.002,0.001,0.001,0.003,0.001,0.004,0.001,0,0.002,0.004,0.011
635,0,0.002,0.001,0.001,0.003,0.001,0.004,0.001,0,0.002,0.004,0.011
636,0,0.002,0.001,0,0.003,0.001,0.004,0.001,0,0.002,0.004,0.011
637,0,0.002,0.001,0,0.003,0.001,0.004,0.001,0,0.002,0.004,0.011
638,0,0.002,0.001,0,0.003,0.001,0.004,0.001,0,0.002,0.004,0.011
639,0,0.002,0.001,0.001,0.003,0.001,0.004,0.001,0,0.002,0.004,0.011
640,0,0.002,0,0,0.002,0.001,0.004,0.001,0,0.002,0.004,0.01
641,0,0.002,0,0,0.002,0.001,0.004,0.001,0,0.002,0.004,0.01
642,0,0.002,0,0,0.003,0.001,0.004,0.001,0,0.002,0.004,0.01
643,0,0.002,0,0,0.002,0.001,0.004,0.001,0,0.002,0.004,0.01
644,0,0.002,0,0,0.003,0.001,0.004,0.001,0,0.002,0.004,0.01
645,0,0.002,0,0,0.003,0.001,0.004,0.001,0,0.002,0.004,0.01
646,0,0.002,0.001,0,0.003,0.001,0.004,0.001,0,0.002,0.004,0.01
647,0,0.002,0,0,0.003,0.001,0.004,0.001,0,0.002,0.004,0.01
648,0,0.002,0,0,0.003,0.001,0.004,0.001,0,0.002,0.004,0.01
649,0,0.002,0.001,0.001,0.003,0.001,0.004,0.001,0,0.002,0.004,0.01
650,0,0.002,0.001,0.001,0.003,0.001,0.004,0.001,0,0.002,0.004,0.01
651,0,0.002,0.001,0.001,0.003,0.001,0.004,0.001,0,0.002,0.004,0.01
652,0,0.002,0.001,0.001,0.003,0.001,0.004,0.001,0,0.002,0.004,0.01
653,0,0.002,0.001,0.001,0.003,0.001,0.004,0.001,0,0.002,0.004,0.01
654,0,0.002,0.001,0.001,0.003,0.001,0.004,0.001,0,0.002,0.004,0.01
655,0,0.002,0.001,0.001,0.003,0.001,0.004,0.001,0,0.002,0.004,0.01
656,0,0.002,0.001,0,0.003,0.001,0.004,0.001,0,0.002,0.004,0.01
657,0,0.002,0,0,0.003,0.001,0.004,0.001,0,0.002,0.004,0.01
658,0,0.002,0.001,0.001,0.003,0.001,0.004,0.001,0,0.002,0.004,0.01
659,0,0.002,0.001,0.001,0.003,0.001,0.004,0.001,0,0.002,0.004,0.01
660,0,0.002,0,0,0.002,0.001,0.004,0.001,0,0.001,0.003,0.01
661,0,0.002,0,0,0.002,0.001,0.004,0.001,0,0.002,0.004,0.01
662,0,0.002,0,0,0.002,0.001,0.004,0.001,0,0.002,0.004,0.01
663,0,0.002,0,0,0.002,0.001,0.004,0.001,0,0.002,0.004,0.01
664,0,0.002,0.001,0.001,0.002,0.001,0.004,0.001,0,0.002,0.004,0.01
665,0,0.002,0,0,0.002,0.001,0.003,0.001,0,0.002,0.004,0.01
666,0,0.002,0,0,0.002,0.001,0.003,0.001,0,0.001,0.003,0.01
667,0,0.002,0.001,0.001,0.003,0.001,0.004,0.001,0,0.002,0.004,0.01
668,0,0.002,0,0.001,0.003,0.001,0.004,0.001,0,0.002,0.004,0.01
669,0,0.002,0,0,0.003,0.001,0.004,0.001,0,0.002,0.004,0.01
670,0,0.002,0,0,0.002,0.001,0.003,0.001,0,0.002,0.003,0.01
671,0,0.002,0.001,0,0.002,0.001,0.003,0.001,0,0.002,0.003,0.01
672,0,0.002,0.001,0,0.002,0.001,0.004,0.001,0,0.002,0.004,0.01
673,0,0.002,0,0,0.002,0.001,0.004,0.001,0,0.002,0.004,0.01
674,0,0.002,0,0.001,0.003,0.001,0.004,0.001,0,0.002,0.004,0.01
675,0,0.002,0.001,0.001,0.002,0.001,0.004,0.001,0,0.002,0.004,0.01
676,0,0.002,0.001,0,0.002,0.001,0.003,0.001,0,0.002,0.004,0.01
677,0,0.002,0,0,0.002,0.001,0.003,0.001,0,0.002,0.003,0.01
678,0,0.002,0,0,0.002,0.001,0.003,0.001,0,0.002,0.003,0.01
679,0,0.002,0,0,0.002,0.001,0.003,0.001,0,0.002,0.004,0.01
680,0,0.002,0,0.001,0.002,0.001,0.003,0.001,0,0.001,0.003,0.01
681,0,0.002,0,0,0.002,0.001,0.003,0.001,0,0.002,0.003,0.01
682,0,0.002,0,0,0.002,0.001,0.003,0.001,0,0.001,0.003,0.01
683,0,0.002,0,0,0.002,0.001,0.003,0.001,0,0.002,0.004,0.01
684,0,0.002,0,0,0.002,0.001,0.003,0.001,0,0.001,0.003,0.01
685,0,0.002,0.001,0.001,0.002,0.001,0.004,0.001,0,0.002,0.004,0.01
686,0,0.002,0.001,0.001,0.003,0.001,0.004,0.001,0,0.002,0.004,0.01
687,0,0.002,0,0.001,0.002,0.001,0.003,0.001,0,0.002,0.004,0.01
688,0,0.002,0.001,0.001,0.002,0.001,0.003,0.001,0,0.002,0.004,0.01
689,0,0.002,0.001,0.001,0.002,0.001,0.003,0.001,0,0.002,0.003,0.01
690,0,0.002,0.001,0.001,0.002,0.001,0.003,0.001,0,0.001,0.003,0.01
691,0,0.002,0,0.001,0.002,0.001,0.003,0.001,0,0.002,0.003,0.01
692,0,0.002,0,0.001,0.002,0.001,0.003,0.001,0,0.002,0.003,0.01
693,0,0.002,0.001,0.001,0.002,0.001,0.003,0.001,0,0.002,0.003,0.01
694,0,0.002,0,0,0.002,0.001,0.003,0.001,0,0.001,0.003,0.009
695,0,0.002,0,0,0.002,0.001,0.003,0.001,0,0.001,0.003,0.009
696,0,0.002,0,0,0.002,0.001,0.003,0.001,0,0.001,0.003,0.009
697,0,0.002,0,0.001,0.002,0.001,0.003,0.001,0,0.001,0.003,0.009
698,0,0.002,0,0.001,0.002,0.001,0.003,0.001,0,0.001,0.003,0.009
699,0,0.002,0,0.001,0.002,0.001,0.003,0.001,0,0.001,0.003,0.009
700,0,0.002,0,0.001,0.002,0.001,0.003,0.001,0,0.001,0.003,0.009
701,0,0.002,0,0,0.002,0.001,0.003,0.001,0,0.001,0.003,0.009
702,0,0.002,0,0.001,0.002,0.001,0.003,0.001,0,0.001,0.003,0.009
703,0,0.002,0.001,0.001,0.002,0.001,0.003,0.001,0,0.002,0.003,0.009
704,0,0.002,0,0,0.002,0.001,0.003,0.001,0,0.001,0.003,0.009
705,0,0.002,0.001,0,0.002,0.001,0.003,0.001,0,0.002,0.003,0.009
706,0,0.002,0.001,0,0.002,0.001,0.003,0.001,0,0.002,0.003,0.009
707,0,0.002,0,0,0.002,0.001,0.003,0.001,0,0.001,0.003,0.009
708,0,0.002,0,0,0.002,0.001,0.003,0.001,0,0.001,0.003,0.009
709,0,0.002,0,0,0.002,0.001,0.003,0.001,0,0.001,0.003,0.009
710,0,0.002,0,0,0.002,0.001,0.003,0.001,0,0.001,0.003,0.009
711,0,0.002,0,0,0.002,0.001,0.003,0.001,0,0.001,0.003,0.009
712,0,0.002,0.001,0.001,0.002,0.001,0.003,0.001,0,0.002,0.003,0.009
713,0,0.002,0.001,0.001,0.002,0.001,0.003,0.001,0,0.001,0.003,0.009
714,0,0.002,0.001,0.001,0.002,0.001,0.003,0.001,0,0.001,0.003,0.009
715,0,0.002,0,0,0.002,0.001,0.003,0.001,0,0.001,0.003,0.009
716,0,0.002,0.001,0.001,0.002,0.001,0.003,0.001,0,0.001,0.003,0.009
717,0,0.002,0.001,0.001,0.002,0.001,0.003,0.001,0,0.001,0.003,0.009
718,0,0.002,0.001,0.001,0.002,0.001,0.003,0.001,0,0.002,0.003,0.009
719,0,0.002,0,0.001,0.002,0.001,0.003,0.001,0,0.001,0.003,0.009
720,0,0.002,0.001,0.001,0.002,0.001,0.003,0.001,0,0.001,0.003,0.009
721,0,0.002,0.001,0.001,0.002,0.001,0.003,0.001,0,0.001,0.003,0.009
722,0,0.002,0.001,0.001,0.002,0.001,0.003,0.001,0,0.001,0.003,0.009
723,0,0.002,0.001,0.001,0.002,0.001,0.003,0.001,0,0.001,0.003,0.009
724,0,0.002,0,0,0.002,0.001,0.003,0.001,0,0.001,0.003,0.009
725,0,0.002,0.001,0.001,0.002,0.001,0.003,0.001,0,0.001,0.003,0.009
726,0,0.002,0,0.001,0.002,0.001,0.003,0.001,0,0.001,0.003,0.009
727,0,0.002,0,0,0.002,0.001,0.003,0.001,0,0.001,0.003,0.009
728,0,0.002,0.001,0,0.002,0.001,0.003,0.001,0,0.001,0.003,0.009
729,0,0.002,0,0,0.002,0.001,0.003,0.001,0,0.001,0.003,0.009
730,0,0.002,0,0,0.002,0.001,0.003,0.001,0,0.001,0.003,0.009
731,0,0.002,0,0,0.002,0.001,0.003,0.001,0,0.001,0.003,0.009
732,0,0.002,0.001,0,0.002,0.001,0.003,0.001,0,0.001,0.003,0.009
733,0,0.002,0,0.001,0.002,0.001,0.003,0.001,0,0.001,0.003,0.009
734,0,0.002,0.001,0,0.002,0.001,0.003,0.001,0,0.001,0.003,0.009
735,0,0.002,0.001,0.001,0.002,0.001,0.003,0.001,0,0.001,0.003,0.009
736,0,0.002,0.001,0,0.002,0.001,0.003,0.001,0,0.001,0.003,0.009
737,0,0.002,0,0.001,0.002,0.001,0.003,0.001,0,0.001,0.003,0.009
738,0,0.002,0,0.001,0.002,0.001,0.003,0.001,0,0.001,0.003,0.009
739,0,0.002,0.001,0.001,0.002,0.001,0.003,0.001,0,0.001,0.003,0.009
740,0,0.002,0.001,0.001,0.002,0.001,0.003,0.001,0,0.001,0.003,0.009
741,0,0.002,0,0,0.002,0.001,0.003,0.001,0,0.001,0.003,0.009
742,0,0.002,0.001,0.001,0.002,0.001,0.003,0.001,0,0.001,0.003,0.009
743,0,0.002,0,0,0.002,0.001,0.003,0.001,0,0.001,0.003,0.009
744,0,0.002,0.001,0.001,0.002,0.001,0.003,0.001,0,0.001,0.003,0.009
745,0,0.002,0.001,0.001,0.002,0.001,0.003,0.001,0,0.001,0.003,0.009
746,0,0.002,0.001,0,0.002,0.001,0.003,0.001,0,0.001,0.003,0.008
747,0,0.002,0,0,0.002,0.001,0.003,0.001,0,0.001,0.003,0.008
748,0,0.002,0.001,0,0.002,0.001,0.003,0.001,0,0.001,0.003,0.008
749,0,0.002,0,0,0.002,0.001,0.003,0.001,0,0.001,0.003,0.008
750,0,0.002,0,0.001,0.002,0.001,0.003,0.001,0,0.001,0.003,0.008
751,0,0.002,0.001,0.001,0.002,0.001,0.003,0.001,0,0.001,0.003,0.008
752,0,0.002,0.001,0.001,0.002,0.001,0.003,0.001,0,0.001,0.003,0.008
753,0,0.002,0.001,0.001,0.002,0.001,0.003,0.001,0,0.001,0.003,0.008
754,0,0.002,0.001,0.001,0.002,0.001,0.003,0.001,0,0.001,0.003,0.008
755,0,0.002,0.001,0.001,0.002,0.001,0.003,0.001,0,0.001,0.003,0.008
756,0,0.002,0.001,0.001,0.002,0.001,0.003,0.001,0,0.001,0.003,0.008
757,0,0.002,0.001,0.001,0.002,0.001,0.003,0.001,0,0.001,0.003,0.008
758,0,0.002,0.001,0.001,0.002,0.001,0.003,0.001,0,0.001,0.003,0.008
759,0,0.002,0.001,0.001,0.003,0.001,0.003,0.001,0,0.002,0.003,0.008
760,0.001,0.003,0.002,0.002,0.003,0.002,0.004,0.002,0.001,0.002,0.004,0.009
761,0,0.002,0.001,0.001,0.003,0.001,0.003,0.001,0,0.002,0.003,0.008
762,0,0.002,0,0.001,0.002,0.001,0.003,0.001,0,0.001,0.003,0.008
763,0,0.002,0.001,0.001,0.002,0.001,0.003,0.001,0,0.001,0.003,0.008
764,0,0.002,0,0.001,0.002,0.001,0.003,0.001,0,0.001,0.003,0.008
765,0,0.002,0,0,0.002,0.001,0.003,0.001,0,0.001,0.003,0.008
766,0,0.002,0.001,0.001,0.002,0.001,0.003,0.001,0,0.001,0.003,0.008
767,0,0.002,0.001,0,0.002,0.001,0.003,0.001,0,0.001,0.003,0.008
768,0,0.002,0.001,0.001,0.002,0.001,0.003,0.001,0,0.001,0.003,0.008
769,0,0.002,0.001,0.001,0.002,0.001,0.003,0.001,0,0.001,0.003,0.008
770,0,0.002,0.001,0.001,0.002,0.001,0.003,0.001,0,0.001,0.003,0.008
771,0,0.002,0.001,0.001,0.002,0.001,0.003,0.001,0,0.001,0.003,0.008
772,0,0.002,0.001,0.001,0.002,0.001,0.003,0.001,0,0.001,0.003,0.008
773,0,0.002,0.001,0.001,0.002,0.001,0.003,0.001,0,0.001,0.003,0.008
774,0,0.002,0.001,0.001,0.002,0.001,0.003,0.001,0,0.001,0.003,0.008
775,0,0.002,0.001,0,0.002,0.001,0.003,0.001,0,0.001,0.003,0.008
776,0,0.002,0.001,0.001,0.002,0.001,0.003,0.001,0,0.001,0.003,0.008
777,0,0.002,0.001,0.001,0.002,0.001,0.003,0.001,0,0.001,0.003,0.008
778,0,0.002,0.001,0.001,0.002,0.001,0.003,0.001,0,0.001,0.003,0.008
779,0,0.002,0.001,0.001,0.002,0.001,0.003,0.001,0,0.001,0.003,0.008
780,0,0.002,0.001,0.001,0.002,0.001,0.003,0.001,0,0.001,0.003,0.008
781,0,0.002,0.001,0,0.002,0.001,0.003,0.001,0,0.001,0.003,0.008
782,0,0.002,0.001,0.001,0.002,0.001,0.003,0.001,0,0.001,0.003,0.008
783,0,0.002,0.001,0.001,0.002,0.001,0.003,0.001,0,0.001,0.003,0.008
784,0,0.002,0.001,0,0.002,0.001,0.003,0.001,0,0.001,0.003,0.008
785,0,0.002,0.001,0.001,0.002,0.001,0.003,0.001,0,0.001,0.003,0.008
786,0,0.002,0.001,0.001,0.002,0.001,0.003,0.001,0,0.001,0.003,0.008
787,0,0.002,0.001,0.001,0.002,0.001,0.003,0.001,0,0.001,0.003,0.007
788,0,0.002,0.001,0.001,0.002,0.001,0.003,0.001,0,0.001,0.003,0.008
789,0,0.002,0.001,0.001,0.002,0.001,0.003,0.001,0,0.001,0.003,0.008
790,0,0.002,0.001,0.001,0.002,0.001,0.003,0.001,0,0.001,0.003,0.008
791,0,0.002,0.001,0.001,0.002,0.001,0.003,0.001,0,0.001,0.003,0.008
792,0,0.002,0.001,0.001,0.002,0.001,0.003,0.001,0,0.001,0.003,0.007
793,0,0.002,0.001,0.001,0.002,0.001,0.003,0.001,0,0.001,0.003,0.008
794,0,0.002,0.001,0.001,0.002,0.001,0.003,0.001,0,0.001,0.003,0.007
795,0,0.002,0.001,0.001,0.002,0.001,0.003,0.001,0,0.001,0.003,0.007
796,0,0.002,0.001,0.001,0.003,0.001,0.003,0.001,0,0.001,0.003,0.007
797,0,0.002,0.001,0.001,0.002,0.001,0.003,0.001,0,0.001,0.003,0.007
798,0,0.002,0.001,0.001,0.003,0.001,0.003,0.001,0,0.001,0.003,0.007
799,0,0.002,0.001,0.001,0.002,0.001,0.003,0.001,0,0.001,0.003,0.007
800,0,0.002,0.001,0.001,0.002,0.001,0.003,0.001,0,0.001,0.003,0.007
801,0,0.002,0.001,0.001,0.002,0.001,0.003,0.001,0,0.001,0.003,0.007
802,0,0.002,0.001,0.001,0.002,0.001,0.003,0.001,0,0.001,0.003,0.007
803,0,0.002,0.001,0.001,0.002,0.001,0.003,0.001,0,0.001,0.003,0.007
804,0,0.002,0.001,0.001,0.002,0.001,0.003,0.001,0,0.001,0.003,0.007
805,0,0.002,0.001,0.001,0.002,0.001,0.003,0.001,0,0.001,0.003,0.007
806,0,0.002,0.001,0.001,0.002,0.001,0.003,0.001,0,0.001,0.003,0.007
807,0,0.002,0.001,0.001,0.002,0.001,0.003,0.001,0,0.001,0.003,0.007
808,0,0.002,0.001,0.001,0.002,0.001,0.003,0.001,0,0.001,0.003,0.007
809,0,0.002,0.001,0.001,0.002,0.001,0.003,0.001,0,0.001,0.003,0.007
810,0,0.002,0.001,0.001,0.003,0.001,0.003,0.001,0,0.001,0.003,0.007
811,0,0.002,0.001,0.001,0.002,0.001,0.003,0.001,0,0.001,0.003,0.007
812,0,0.002,0.001,0.001,0.002,0.001,0.003,0.001,0,0.001,0.003,0.007
813,0,0.002,0.001,0.001,0.002,0.001,0.003,0.001,0,0.001,0.003,0.007
814,0,0.002,0.001,0.001,0.002,0.001,0.003,0.001,0,0.001,0.003,0.007
815,0,0.002,0.001,0.001,0.002,0.001,0.003,0.001,0,0.001,0.003,0.007
816,0,0.002,0.001,0.001,0.002,0.001,0.003,0.001,0,0.001,0.003,0.007
817,0,0.002,0.001,0.001,0.002,0.001,0.003,0.001,0,0.001,0.003,0.007
818,0,0.002,0.001,0.001,0.002,0.001,0.003,0.001,0,0.001,0.003,0.007
819,0,0.002,0.001,0.001,0.002,0.001,0.003,0.001,0,0.001,0.003,0.007
820,0,0.002,0.001,0.001,0.002,0.001,0.003,0.001,0,0.001,0.003,0.007
821,0,0.002,0.001,0.001,0.002,0.001,0.003,0.001,0,0.001,0.003,0.007
822,0,0.002,0.001,0.001,0.002,0.001,0.003,0.001,0,0.001,0.003,0.007
823,0,0.002,0.001,0.001,0.002,0.001,0.003,0.001,0,0.001,0.003,0.007
824,0,0.002,0.001,0.001,0.002,0.001,0.003,0.001,0,0.001,0.003,0.007
825,0,0.002,0.001,0.001,0.002,0.001,0.003,0.001,0,0.001,0.003,0.007
826,0,0.002,0.001,0.001,0.002,0.001,0.003,0.001,0,0.001,0.003,0.007
827,0,0.002,0.001,0.001,0.002,0.001,0.003,0.001,0,0.001,0.003,0.007
828,0,0.002,0.001,0.001,0.002,0.001,0.003,0.001,0,0.001,0.003,0.007
829,0,0.002,0.001,0.001,0.002,0.001,0.003,0.001,0,0.001,0.003,0.007
830,0,0.002,0.001,0.001,0.002,0.001,0.003,0.001,0,0.001,0.003,0.007
831,0,0.002,0.001,0.001,0.002,0.001,0.003,0.001,0,0.001,0.003,0.007
832,0,0.002,0.001,0.001,0.002,0.001,0.003,0.001,0,0.001,0.003,0.007
833,0,0.002,0.001,0.001,0.002,0.001,0.003,0.001,0,0.001,0.003,0.007
834,0,0.002,0.001,0.001,0.002,0.001,0.003,0.001,0,0.001,0.003,0.007
835,0,0.002,0.001,0.001,0.002,0.001,0.003,0.001,0,0.001,0.003,0.007
836,0,0.002,0.001,0.001,0.002,0.001,0.003,0.001,0,0.001,0.003,0.007
837,0,0.002,0.001,0.001,0.002,0.001,0.003,0.001,0,0.001,0.003,0.007
838,0,0.002,0.001,0.001,0.002,0.001,0.003,0.001,0,0.001,0.003,0.007
839,0,0.002,0.001,0.001,0.002,0.001,0.003,0.001,0,0.001,0.003,0.007
840,0,0.002,0.001,0.001,0.002,0.001,0.003,0.001,0,0.001,0.003,0.007
841,0,0.002,0.001,0.001,0.002,0.001,0.003,0.001,0,0.001,0.003,0.007
842,0,0.002,0.001,0.001,0.002,0.001,0.003,0.001,0,0.001,0.003,0.007
843,0,0.002,0.001,0.001,0.002,0.001,0.003,0.001,0,0.001,0.003,0.007
844,0,0.002,0.001,0.001,0.002,0.001,0.003,0.001,0,0.001,0.003,0.007
845,0,0.002,0,0.001,0.002,0.001,0.003,0.001,0,0.001,0.003,0.007
846,0,0.002,0.001,0.001,0.002,0.001,0.003,0.001,0,0.001,0.003,0.007
847,0,0.002,0,0.001,0.002,0.001,0.003,0.001,0,0.001,0.003,0.007
848,0,0.002,0.001,0.001,0.002,0.001,0.003,0.001,0,0.001,0.003,0.007
849,0,0.002,0.001,0.001,0.002,0.001,0.003,0.001,0,0.001,0.003,0.007
850,0,0.002,0.001,0.001,0.002,0.001,0.003,0.001,0,0.001,0.003,0.007
