F1,240,245,250,255,260,265,270,275,280,285,290,295,300,305,310,315,320,325,330,335,340,345,350,355,360,365,370,375,380,385,390,395,400,405,410,415,420,425,430,435,440,445,450
300,9.59123E4,5.97475E4,5.71157E4,5.28066E4,6.51763E4,1.91485E5,8.12669E5,6.59883E5,1.52838E5,9.10006E4,1.55648E5,4.31285E6,1.0856E7,4.10826E6,8.65524E4,8629.44162,6922.95988,5578.86486,4707.97811,4075.36472,3308.01501,3239.75973,3013.0115,2985.31945,2565.55063,2687.2372,2451.9509,1809.39147,1896.73053,1694.23049,1574.80315,1648.35165,1485.26077,1462.41923,1145.50061,1225.72947,1354.81118,932.75488,1072.93812,1077.9962,949.99478,946.89172,937.14502
302,1.08485E5,6.65722E4,6.23164E4,5.2239E4,7.30625E4,1.23052E5,6.23371E5,9.10337E5,2.68866E5,9.26552E4,8.00752E4,1.4955E6,9.61293E6,8.11596E6,7.285E5,1.31319E4,7533.67324,5872.73439,5492.64113,4921.35672,3266.04421,3623.69582,2374.21701,2592.50144,2660.34633,2811.9619,2377.57761,1967.82035,2291.95089,1706.0846,1611.7126,1635.40714,1498.12734,1268.97802,1574.02312,1073.98568,1248.13313,1181.95619,997.18188,1099.8308,1126.5255,916.10911,870.30555
304,1.02681E5,7.26825E4,6.74336E4,6.59734E4,8.03162E4,1.01832E5,4.02847E5,9.99214E5,4.78222E5,1.12045E5,8.00525E4,3.14947E5,6.27949E6,1.12203E7,2.6686E6,2.69187E4,9022.02286,6547.24854,5454.73841,4865.55698,4581.98614,3801.74845,3115.84195,2736.22467,2756.68617,2497.23408,2300.1112,2503.61795,2332.624,1705.88465,1661.74298,1465.03376,1643.43194,1303.26383,1255.36835,1215.27778,1557.49947,964.66508,1147.55873,1056.41242,1136.83771,1049.16684,889.64603
306,1.09589E5,7.2071E4,7.69444E4,6.87304E4,8.25569E4,9.86313E4,2.42601E5,8.98719E5,7.14247E5,1.62966E5,8.21683E4,7.87737E4,2.77906E6,1.16287E7,6.31793E6,2.99667E5,1.14698E4,6893.21284,4990.23189,4529.96671,4251.46491,3626.48914,2979.64749,3246.00807,3048.2396,2717.64892,2360.64575,2287.63375,2004.96467,1928.59004,1831.81706,1681.9222,1542.82473,1360.0816,1288.40436,1237.78502,1504.48143,1224.66674,1019.19115,1003.06198,1011.99791,936.40667,738.4965
308,1.06031E5,8.56069E4,7.96955E4,8.46865E4,8.53069E4,9.95757E4,1.63772E5,6.81798E5,9.491E5,2.8044E5,8.74323E4,6.62391E4,7.36408E5,8.90398E6,1.03676E7,1.66781E6,1.95701E4,8185.19287,5683.86673,4745.58916,4766.74365,4519.65524,3381.39058,3229.61409,3097.67352,2780.71825,2452.4738,2315.98755,2101.49971,2189.83811,1612.70467,1590.38902,1463.58067,1575.42786,1287.83709,1400.19538,1259.60717,1191.89511,1191.5078,1173.11351,1064.49593,916.48646,1004.64411
310,1.20894E5,9.12116E4,8.33433E4,8.83249E4,9.98195E4,1.08506E5,1.45495E5,4.59863E5,1.04157E6,4.77441E5,1.04435E5,6.46838E4,1.21144E5,4.89472E6,1.24181E7,4.7834E6,1.11404E5,1.11756E4,6275.84014,5179.51041,4726.56106,5024.42184,4075.10314,2953.87039,3082.08678,2748.46781,2330.96682,2502.09713,2197.17233,1927.88662,1821.98695,1817.35055,1656.64359,1506.9114,1353.88002,1520.41703,1343.85666,1300.67201,1212.25241,1141.76974,1095.34738,1121.86085,803.55455
312,1.39206E5,9.79667E4,9.04116E4,9.27633E4,1.02305E5,1.19828E5,1.42902E5,2.93867E5,9.29178E5,7.27803E5,1.50866E5,6.78775E4,6.1079E4,1.75808E6,1.12108E7,9.12337E6,9.26134E5,1.4672E4,7787.30267,5943.94584,4934.57529,5076.76418,3600.14804,3380.04135,3130.34498,2940.2466,2466.27896,2387.91282,2059.99918,2070.36642,1758.485,1740.12593,1758.96505,1721.59928,1254.81563,1249.32102,1578.49829,1061.52513,1266.91933,1026.23783,1106.934,1007.81571,917.51797
314,1.52951E5,9.55434E4,9.07902E4,8.96949E4,1.09512E5,1.32252E5,1.48657E5,2.00652E5,6.88867E5,9.34945E5,2.62017E5,7.27034E4,5.35494E4,3.38319E5,7.41154E6,1.25383E7,3.56918E6,3.37346E4,9702.14211,6556.15057,5563.97649,5397.16474,4521.61635,3983.47595,3193.08487,3001.05827,2604.32531,2607.41084,2673.97918,1901.63593,2141.27492,1521.21697,1746.42776,1563.5622,1540.49296,1215.40966,1503.51887,1127.98265,1234.70161,1004.86567,1033.07941,956.79012,870.79981
316,1.2664E5,1.13972E5,9.8401E4,1.03171E5,1.17784E5,1.31895E5,1.61417E5,1.80151E5,4.46031E5,9.95111E5,4.52985E5,9.06919E4,5.71611E4,6.39935E4,3.30467E6,1.30145E7,8.02703E6,3.80555E5,1.21395E4,7465.33249,5369.39996,5487.95455,4577.12113,3721.61653,2951.2321,2924.02282,2345.48722,2503.79912,2332.46491,2084.06601,2252.86224,1704.61046,1814.26466,1733.51462,1232.25877,1333.18881,1460.39868,1247.2885,1190.99177,1184.93441,928.82488,1234.94906,833.09666
318,1.80119E5,1.07812E5,1.13722E5,1.04592E5,1.17143E5,1.42261E5,1.55482E5,1.81542E5,2.9141E5,8.94619E5,6.76735E5,1.39787E5,5.62886E4,5.35175E4,9.28988E5,1.02556E7,1.2242E7,1.88763E6,1.94418E4,8643.60393,6352.84123,5067.24177,5202.28294,4032.72078,3532.14412,2860.21301,2757.08693,2359.30987,2784.22274,2240.16671,1957.16396,1899.3135,1825.60381,1901.95856,1507.98019,1432.60256,1525.33333,1431.51502,1255.13958,1141.76974,1074.25949,1121.39918,937.41123
320,1.65355E5,1.28726E5,1.16191E5,1.21921E5,1.28559E5,1.45885E5,1.6479E5,1.81174E5,2.19358E5,6.68587E5,8.85578E5,2.41502E5,6.2047E4,4.93905E4,1.26295E5,5.59075E6,1.39042E7,5.62857E6,1.46109E5,1.10474E4,7077.65089,5974.28081,4780.01818,3723.50896,4273.77996,3900.82123,2831.2226,2718.45222,2182.66148,2006.12258,2190.2301,2025.63516,1836.73469,1496.42898,1519.4891,1702.81996,1771.04449,1084.12836,1267.60563,1162.66779,1168.98027,1090.64719,766.60988
322,1.74618E5,1.2751E5,1.19425E5,1.27976E5,1.38774E5,1.62225E5,1.75729E5,1.92558E5,2.047E5,4.40946E5,9.44637E5,4.29796E5,7.62702E4,5.05143E4,5.50897E4,2.05199E6,1.21179E7,1.03463E7,1.02502E6,1.64241E4,8400.87886,6783.40432,5569.39023,4215.25693,4001.3553,3886.44012,3411.20214,2808.62276,2591.09753,2280.07088,1968.26178,1659.98855,1938.33598,1700.29472,1452.30498,1357.22041,1619.95098,1366.44616,1266.5079,962.55553,1001.87852,957.08552,899.96211
324,1.74757E5,1.26263E5,1.20582E5,1.23785E5,1.5568E5,1.55693E5,1.92443E5,2.12029E5,2.03905E5,2.94071E5,8.38359E5,6.45231E5,1.19892E5,5.63103E4,5.22648E4,3.98673E5,7.84174E6,1.38074E7,3.70535E6,4.78095E4,1.02273E4,7484.92498,5219.20668,4853.41379,4335.00395,3632.91739,2864.36908,2650.63731,2604.59281,2395.11605,2166.15385,1773.04965,1848.28212,1609.61233,1585.03027,1650.73849,1429.02847,1269.11813,1105.09209,1173.2375,1284.05888,977.76863,1013.06571
326,2.19028E5,1.27581E5,1.41883E5,1.40983E5,1.58579E5,1.65194E5,1.87502E5,2.03912E5,1.94773E5,2.15082E5,6.30252E5,8.29356E5,2.14135E5,5.66489E4,4.91427E4,6.5491E4,3.5733E6,1.3927E7,7.92859E6,4.88141E5,1.34866E4,7886.15891,5786.95915,4971.77737,5012.24858,3981.16844,3212.93702,2632.83522,2865.60321,2422.47431,2129.23077,1866.48345,1926.56392,1620.58024,1793.57394,1649.84261,1726.5267,1289.83308,1018.52855,1195.26127,1126.76056,1389.17473,1098.38084
328,1.78042E5,1.4782E5,1.39985E5,1.35063E5,1.6227E5,1.74709E5,1.91613E5,2.1055E5,2.04321E5,1.96214E5,4.23883E5,8.74924E5,3.76996E5,7.24974E4,5.13868E4,5.29495E4,1.01471E6,1.07686E7,1.19716E7,2.14515E6,2.10954E4,1.01559E4,6444.01447,4961.19462,4307.14631,4422.54233,3807.49315,3211.52678,2646.54925,2291.21916,2128.18305,1911.19249,1826.22505,1598.09589,1539.47658,1203.90456,1886.79245,1484.45119,1278.30138,1248.54513,1240.87591,987.75594,1127.64143
330,1.73516E5,1.37374E5,1.45479E5,1.5936E5,1.72827E5,1.86056E5,2.04574E5,2.24045E5,2.22674E5,1.95946E5,2.81469E5,7.99625E5,5.85263E5,1.03973E5,5.64658E4,5.22913E4,1.44796E5,5.87819E6,1.36849E7,5.87318E6,1.8267E5,1.28807E4,8537.50947,6049.47784,4691.73223,4740.31002,3961.90476,3355.9474,2745.18909,2603.08205,2312.70759,1911.63004,1917.6217,1678.19481,1517.98482,1345.92424,1461.64515,1343.44529,1126.88265,1331.64236,1022.75099,1255.14403,1079.54545
332,1.80489E5,1.80968E5,1.59711E5,1.53902E5,1.76347E5,1.90773E5,2.07929E5,2.21747E5,2.31152E5,2.1191E5,2.12584E5,6.06455E5,7.65665E5,1.89387E5,5.5355E4,5.33815E4,5.97515E4,2.19539E6,1.2204E7,1.03427E7,1.15843E6,1.87259E4,8985.81453,5800.23594,5302.51749,4767.31704,4113.09488,3155.57872,2922.10009,2745.60833,2461.23554,2092.38509,2235.84156,1712.79492,1662.81247,1617.80673,1523.70804,1409.06135,1376.54455,941.10183,1086.27533,1235.07616,1060.10412
334,2.18037E5,1.67581E5,1.48289E5,1.58983E5,1.89284E5,1.9646E5,2.10676E5,2.38722E5,2.16072E5,2.13176E5,1.87896E5,4.05157E5,8.30053E5,3.44136E5,6.8959E4,5.53157E4,5.21945E4,4.4923E5,8.29602E6,1.36494E7,3.91141E6,5.98198E4,1.12705E4,7150.70605,5659.19095,4896.92757,4506.08169,3792.81392,3014.63667,2813.56241,2227.41816,2198.30547,1804.15296,1938.99535,1486.29307,1770.5844,1844.93975,1451.47314,1365.85366,1375.2248,1107.04961,1266.21371,908.83272
336,2.44404E5,1.64893E5,1.74172E5,1.71609E5,1.75476E5,2.01436E5,2.30323E5,2.48343E5,2.4887E5,2.1757E5,1.92419E5,2.77947E5,7.81169E5,5.26475E5,1.00885E5,5.7396E4,4.90586E4,7.90335E4,4.00957E6,1.40128E7,8.08901E6,5.8523E5,1.42723E4,7756.51432,5419.26743,4624.73364,4854.29506,3836.24309,2632.58402,2733.73428,2669.12669,2253.4889,2188.20862,1938.11629,1715.60541,1445.49505,1631.30398,1483.80808,1278.02448,1289.64059,1409.48006,1141.15349,1126.14744
338,2.18978E5,1.80441E5,1.7314E5,1.75841E5,1.93394E5,2.10186E5,2.38738E5,2.47835E5,2.48214E5,2.37626E5,1.97584E5,2.05757E5,6.19389E5,7.06184E5,1.68618E5,5.886E4,5.25542E4,5.53315E4,1.22209E6,1.1171E7,1.22365E7,2.50523E6,2.36365E4,9609.07779,7063.83253,5043.63774,4627.51545,3820.9923,3698.09364,2826.73545,2312.99213,2140.32277,1791.18014,1598.63946,1639.88554,1638.63266,1770.85556,1451.63038,1256.90757,1205.58376,1200.91896,1235.07616,1144.641
340,2.74832E5,1.76173E5,1.90684E5,1.87635E5,1.94622E5,2.30532E5,2.3783E5,2.61393E5,2.54657E5,2.40069E5,2.05938E5,1.76658E5,4.32088E5,8.0033E5,2.96659E5,7.4637E4,5.88131E4,5.59283E4,1.75305E5,6.63145E6,1.43529E7,6.42601E6,1.84024E5,1.10004E4,7069.76144,5588.53246,4114.66191,4774.4437,3781.77648,2906.82517,2238.62239,2447.67242,2042.66909,1848.91107,1728.31352,1607.298,1683.35819,1343.00877,1126.76056,1596.86971,1169.1023,1224.4058,1079.13669
342,2.32717E5,1.86542E5,1.90049E5,1.95531E5,2.18854E5,2.26158E5,2.43617E5,2.62566E5,2.66564E5,2.40676E5,2.17419E5,1.8356E5,2.82159E5,7.80044E5,4.73435E5,9.7172E4,6.30357E4,5.72068E4,6.1244E4,2.62462E6,1.34263E7,1.12038E7,1.2893E6,1.76331E4,9636.49277,6375.35704,5144.9882,4092.67079,4177.70254,3438.26107,2902.82903,2631.88008,2098.93351,1667.80123,1904.23775,1410.74335,1727.63144,1484.45119,1505.79569,1468.25816,1179.9102,1070.95047,1135.71834
344,3.09008E5,2.27119E5,2.08185E5,1.98648E5,2.25763E5,2.30824E5,2.47879E5,2.73872E5,2.71075E5,2.59718E5,2.24925E5,1.85157E5,2.03425E5,6.44004E5,6.67159E5,1.6038E5,6.8349E4,5.81645E4,5.87711E4,5.65292E5,9.25857E6,1.47721E7,4.40672E6,4.17917E4,1.05801E4,7459.62007,5268.36696,4066.27596,4392.42647,3541.66667,3016.4984,2404.39661,2097.74351,1574.53557,1728.69412,1626.89805,1972.70207,1626.01626,1385.88133,1172.98954,1272.82212,1131.80368,946.07379
346,2.58079E5,2.34019E5,2.12724E5,2.16614E5,2.21278E5,2.33565E5,2.63067E5,2.79852E5,2.80615E5,2.59624E5,2.30537E5,1.9864E5,1.79578E5,4.66985E5,7.84587E5,2.73473E5,7.99868E4,6.4115E4,5.83215E4,8.45561E4,4.5254E6,1.54278E7,9.21777E6,4.48341E5,1.47946E4,7725.60667,6013.91574,4412.67958,4295.94272,4013.34306,3163.07692,2780.63852,2142.61422,2040.81633,1660.98339,1726.57183,1748.77373,1484.29036,1570.1137,1385.51031,1188.86224,843.79502,1050.34065
348,3.10396E5,2.18034E5,2.26199E5,2.07024E5,2.37004E5,2.62589E5,2.71499E5,2.88766E5,2.82332E5,2.75738E5,2.48347E5,2.12233E5,1.79781E5,3.18292E5,7.94722E5,4.44815E5,1.06248E5,7.22106E4,6.3026E4,6.3418E4,1.36314E6,1.27461E7,1.34392E7,2.2309E6,2.21265E4,9906.77832,6456.0335,4805.60461,5146.68742,3489.40159,3420.27559,2320.7957,2494.6139,2029.47846,1717.30515,1901.55384,1705.5751,1712.73713,1494.31511,1004.3345,1220.52994,1327.43363,1240.64779
350,3.19562E5,2.51077E5,2.30159E5,2.26873E5,2.38919E5,2.62032E5,2.84082E5,2.96884E5,2.9415E5,2.92018E5,2.50997E5,2.20364E5,1.90429E5,2.30791E5,6.84648E5,6.25592E5,1.56886E5,7.83338E4,6.76062E4,6.32174E4,2.10666E5,7.76382E6,1.51259E7,5.99521E6,1.36993E5,1.21337E4,7548.2035,5293.60717,5155.06096,3852.00994,3777.99655,2823.82531,2539.10678,2266.03218,1629.77646,1736.67644,1768.96846,1549.96748,1495.12459,1648.52584,1408.74465,1111.68296,1060.10412
352,2.97945E5,2.67208E5,2.48137E5,2.46358E5,2.53788E5,2.71162E5,2.8454E5,3.09363E5,3.05912E5,2.93365E5,2.76401E5,2.29116E5,2.03035E5,1.9311E5,5.11688E5,7.78652E5,2.70832E5,9.17243E4,7.60948E4,6.41808E4,7.24161E4,2.79238E6,1.34916E7,1.09151E7,1.17752E6,1.7596E4,8274.14179,6148.2821,4990.04717,4516.22979,3431.73432,3150.41815,2573.98798,1812.62037,1847.77827,1464.68482,1909.33333,1375.64991,1527.46181,1626.87513,1389.32414,1338.1369,1163.56068
354,3.36489E5,2.9756E5,2.60297E5,2.62591E5,2.64712E5,2.88164E5,3.09012E5,3.22693E5,3.21125E5,3.07781E5,2.8136E5,2.49988E5,2.18136E5,1.93673E5,3.56644E5,8.0492E5,4.26068E5,1.15886E5,8.35454E4,7.09802E4,6.7269E4,5.55532E5,9.35227E6,1.40727E7,4.02331E6,3.6259E4,1.06394E4,7146.06026,5525.08799,3996.82337,4070.3394,3693.53917,2528.91812,2199.04783,1836.77959,1865.50976,2166.02646,1788.23019,1245.66724,1258.85962,1367.28943,1369.29888,1097.65329
356,4.12148E5,3.06556E5,2.81735E5,2.82863E5,2.79946E5,3.06844E5,3.15412E5,3.17589E5,3.33514E5,3.29207E5,2.90694E5,2.60142E5,2.30175E5,2.06284E5,2.6331E5,7.20697E5,6.12147E5,1.69365E5,9.41079E4,8.26105E4,6.77578E4,8.99042E4,4.27991E6,1.4358E7,9.00176E6,4.31238E5,1.47025E4,7985.64898,6029.6846,4829.9116,4145.65137,3624.92853,2901.1786,2414.69221,1803.18857,1910.55145,1887.79863,1799.26295,1808.53368,1206.09395,1325.81689,1256.04859,1154.21003
358,3.83518E5,2.96761E5,3.10764E5,2.8145E5,3.04846E5,3.15741E5,3.27078E5,3.54284E5,3.35654E5,3.31317E5,3.09732E5,2.75279E5,2.41118E5,2.16296E5,2.2293E5,5.61398E5,7.58274E5,2.65103E5,1.07929E5,8.90053E4,7.55083E4,7.27869E4,1.22104E6,1.15288E7,1.3273E7,2.22511E6,2.32353E4,9795.69395,7099.36379,5082.3603,4208.19491,3529.41176,3185.94104,2616.97066,1959.27353,1931.42361,2111.77474,1505.79569,1559.45419,1541.87348,1366.2912,1502.36674,1210.97446
360,3.50377E5,3.46782E5,3.26626E5,2.96124E5,3.04535E5,3.36035E5,3.27919E5,3.54966E5,3.57065E5,3.46392E5,3.21433E5,2.86257E5,2.60255E5,2.36884E5,2.1982E5,3.98206E5,8.03104E5,4.18926E5,1.33316E5,9.99251E4,8.25885E4,6.99715E4,1.64989E5,6.64796E6,1.52877E7,6.41025E6,1.14947E5,1.1746E4,7833.50392,6071.02843,4601.37795,3683.36765,3222.14658,2435.98459,2189.94167,1998.91363,2068.00981,1669.01485,1365.5576,1384.339,1524.64495,1317.00792,1163.56068
362,4.2893E5,3.68272E5,3.43159E5,3.32271E5,3.37821E5,3.35728E5,3.59917E5,3.63984E5,3.6196E5,3.51468E5,3.3434E5,3.04268E5,2.8058E5,2.5094E5,2.27024E5,2.9895E5,7.37999E5,5.90098E5,1.80368E5,1.09335E5,9.08E4,7.86846E4,7.64248E4,2.5568E6,1.38201E7,1.13394E7,1.01164E6,1.72915E4,9364.93202,5901.58809,4832.16525,4083.26661,3549.9603,2945.84183,2310.4852,2181.22626,2218.66667,1851.85185,1464.04945,1417.08968,1346.97713,1317.41457,1201.96858
364,4.31958E5,3.91481E5,3.47919E5,3.58221E5,3.34338E5,3.44495E5,3.66373E5,3.82303E5,3.72072E5,3.67369E5,3.47427E5,3.20052E5,2.96189E5,2.69422E5,2.47958E5,2.53789E5,5.86782E5,7.41259E5,2.75387E5,1.23287E5,1.02863E5,8.48393E4,7.22701E4,5.08804E5,9.55997E6,1.48444E7,3.91483E6,3.51227E4,1.16425E4,7001.28834,4985.22895,3742.27512,3980.04309,3036.8272,2268.97235,2040.15193,2357.58481,1777.77778,1669.19575,1332.0647,1522.89559,1635.63419,1221.7066
366,4.59469E5,4.30339E5,4.00079E5,3.63459E5,3.82893E5,3.70565E5,3.62391E5,3.9219E5,3.91666E5,3.82287E5,3.64879E5,3.38913E5,3.08666E5,2.84175E5,2.59994E5,2.5103E5,4.33789E5,7.9681E5,4.22478E5,1.53526E5,1.14548E5,9.36838E4,7.44595E4,8.72348E4,4.37831E6,1.51158E7,8.91564E6,4.57662E5,1.56896E4,8803.57352,6031.51157,4233.89404,3300.44233,3595.32721,2412.69142,2287.75886,2081.99872,1865.30745,1723.20364,1680.05072,1492.69311,1369.29888,1438.44043
368,5.43714E5,4.17923E5,4.01159E5,3.93368E5,3.86159E5,3.72035E5,4.08138E5,3.99348E5,4.09087E5,3.72831E5,3.67674E5,3.51361E5,3.26215E5,3.07779E5,2.7696E5,2.5942E5,3.31322E5,7.42132E5,5.89328E5,1.93178E5,1.2331E5,9.88714E4,8.17171E4,7.30303E4,1.2607E6,1.22812E7,1.32248E7,2.24714E6,2.30879E4,9853.37243,7149.88924,4369.20965,3699.0809,3171.72633,2973.56828,2462.30611,2496,1907.44554,1548.62465,1554.07548,1710.64984,1614.39589,1201.28642
370,5.04958E5,4.69675E5,4.33041E5,4.22744E5,4.05205E5,3.97708E5,4.2488E5,4.29117E5,4.17314E5,4.02474E5,3.96159E5,3.66197E5,3.43217E5,3.24017E5,2.98101E5,2.73427E5,2.88875E5,6.09642E5,7.33626E5,2.86463E5,1.3933E5,1.13971E5,9.13466E4,7.57732E4,1.72863E5,7.07677E6,1.52255E7,6.2964E6,1.35741E5,1.21807E4,7376.44455,5091.53318,3911.56463,3906.25,3038.64362,2671.00977,2194.99201,1919.5315,1850.84966,1438.39238,1596.07761,1564.10784,1193.40784
372,5.28895E5,5.01757E5,4.43226E5,4.32254E5,4.17939E5,4.14857E5,4.27861E5,4.39622E5,4.333E5,4.22197E5,4.04106E5,3.89113E5,3.5654E5,3.36526E5,3.15657E5,2.90933E5,2.75568E5,4.77659E5,7.96935E5,4.13995E5,1.63476E5,1.22907E5,1.00631E5,7.97443E4,7.94688E4,2.72762E6,1.37869E7,1.09602E7,1.21155E6,1.87495E4,9569.49569,5832.57091,4389.74592,3601.359,3226.87225,3135.51047,2645.89779,1746.01453,1691.05691,1753.27419,1605.50459,1441.36724,1307.06573
374,6.19368E5,5.21096E5,4.62533E5,4.38403E5,4.34229E5,4.28458E5,4.3778E5,4.57091E5,4.50551E5,4.38116E5,4.2173E5,3.98577E5,3.83837E5,3.53779E5,3.33689E5,3.08985E5,2.91157E5,3.72605E5,7.53353E5,5.78538E5,2.08523E5,1.35877E5,1.09568E5,8.85526E4,7.59163E4,5.4136E5,9.53867E6,1.42385E7,4.56224E6,4.24579E4,1.12383E4,7073.36614,4980.14748,3807.36544,2949.59278,2930.32342,2753.46852,2092.14092,1970.1234,1669.66078,1858.8137,1585.17756,1419.51358
376,6.05819E5,5.13089E5,4.9417E5,4.81533E5,4.62597E5,4.60064E5,4.69699E5,4.68929E5,4.62784E5,4.45156E5,4.45077E5,4.1887E5,3.96508E5,3.77035E5,3.51613E5,3.29343E5,3.01904E5,3.20685E5,6.36698E5,7.14072E5,2.88498E5,1.52099E5,1.23193E5,9.67938E4,8.01793E4,9.60791E4,4.62941E6,1.4504E7,9.51775E6,4.93883E5,1.54462E4,7584.07687,5014.74926,3509.5664,3024.30441,2851.25759,3115.33127,2253.52113,1679.30661,1522.03784,1649.09717,1719.16821,1326.25995
378,6.12966E5,5.59152E5,5.33566E5,5.0999E5,4.86966E5,4.82223E5,4.80958E5,4.80944E5,4.62568E5,4.78808E5,4.50553E5,4.338E5,4.15236E5,4.0299E5,3.72686E5,3.50207E5,3.16504E5,3.08887E5,5.08093E5,7.74506E5,4.12693E5,1.7751E5,1.32384E5,1.07708E5,8.62778E4,7.77397E4,1.3202E6,1.17596E7,1.37121E7,2.75642E6,2.34838E4,9610.98398,5718.49168,3795.1739,3577.71907,3134.49024,3200.34137,2144.24951,2101.38648,1660.32149,1878.91441,1658.08445,1278.77238
380,6.52991E5,5.60074E5,5.65499E5,5.25918E5,5.10269E5,5.09971E5,4.98495E5,4.92242E5,5.03479E5,4.89177E5,4.60437E5,4.51998E5,4.23376E5,4.10746E5,3.90412E5,3.68442E5,3.37659E5,3.17433E5,3.99151E5,7.51028E5,5.71297E5,2.16121E5,1.49508E5,1.18283E5,9.47767E4,7.97364E4,1.84591E5,6.89512E6,1.51434E7,7.25884E6,1.67249E5,1.207E4,7495.18086,4978.45316,3590.70382,3547.40725,3872,2460.43789,2155.07906,2060.6573,1805.46859,1686.8957,1570.77971
382,6.8879E5,6.16607E5,5.69557E5,5.6828E5,5.17641E5,5.2156E5,5.16908E5,5.25765E5,5.06238E5,5.01834E5,4.82497E5,4.57242E5,4.45401E5,4.33979E5,4.08208E5,3.79311E5,3.56808E5,3.32089E5,3.44365E5,6.4126E5,6.90963E5,2.86371E5,1.62094E5,1.2998E5,1.04519E5,8.01074E4,7.85956E4,2.66476E6,1.35534E7,1.15869E7,1.20427E6,1.89109E4,8772.52635,5446.72178,4492.89726,3496.19978,3937.25992,2949.14887,2319.28037,1827.59349,1773.41957,1706.5899,1315.41592
384,7.53019E5,6.14797E5,6.12811E5,5.80022E5,5.4892E5,5.34826E5,5.329E5,5.37208E5,5.2319E5,5.05035E5,4.95952E5,4.84262E5,4.6338E5,4.4846E5,4.32652E5,3.94935E5,3.75967E5,3.47167E5,3.30961E5,5.23322E5,7.63247E5,3.98076E5,1.8161E5,1.42146E5,1.11954E5,8.81791E4,7.52823E4,5.25423E5,9.43657E6,1.42373E7,4.26437E6,4.85593E4,1.11501E4,5893.68695,4965.86655,3482.31721,3509.33333,3253.44323,2491.06466,1901.54236,1763.90773,1645.58264,1496.07045
386,7.7037E5,6.7734E5,6.09645E5,5.71652E5,5.68155E5,5.52108E5,5.36865E5,5.45669E5,5.31592E5,5.16018E5,5.18584E5,4.89459E5,4.73986E5,4.65472E5,4.41326E5,4.09578E5,3.90313E5,3.54931E5,3.34965E5,4.20249E5,7.43368E5,5.28669E5,2.15142E5,1.51108E5,1.23493E5,9.79457E4,7.70848E4,8.98335E4,4.51145E6,1.38833E7,8.9675E6,5.71826E5,1.56133E4,7264.27924,5205.81114,3776.04167,3585.14725,2558.82034,2524.65056,2007.81993,2001.87676,1769.00134,1693.63232
388,7.50912E5,6.42479E5,6.44048E5,6.2079E5,5.81689E5,5.71665E5,5.81816E5,5.4863E5,5.47115E5,5.44363E5,5.19998E5,4.96181E5,4.91575E5,4.69315E5,4.47064E5,4.30114E5,3.97451E5,3.70795E5,3.44808E5,3.63316E5,6.55409E5,6.53171E5,2.79293E5,1.66735E5,1.33002E5,1.07533E5,8.02943E4,7.20838E4,1.40867E6,1.09064E7,1.28379E7,2.64171E6,2.26505E4,9217.68707,6352.5267,3860.33398,3796.52341,2903.88991,2840.1084,2251.34764,1973.47812,1511.72357,1456.26478
390,7.36182E5,7.21853E5,6.53338E5,6.21154E5,6.05135E5,5.81016E5,5.79962E5,5.66205E5,5.63699E5,5.44892E5,5.22758E5,5.07966E5,4.94087E5,4.87758E5,4.66828E5,4.37745E5,4.10341E5,3.81603E5,3.55246E5,3.42179E5,5.33576E5,7.31889E5,3.73669E5,1.83502E5,1.47212E5,1.178E5,9.04483E4,7.24195E4,2.0665E5,6.35862E6,1.46561E7,6.66293E6,1.76659E5,1.18554E4,7592.2865,4447.33702,3925.75208,3023.40702,2827.12305,2474.35762,2223.38205,1800.22631,1619.62493
392,8.3713E5,6.7734E5,6.56552E5,6.68735E5,6.28512E5,6.05205E5,6.04272E5,5.71927E5,5.64868E5,5.56027E5,5.37419E5,5.14808E5,5.06944E5,4.86073E5,4.81173E5,4.47957E5,4.29332E5,4.02846E5,3.68472E5,3.46427E5,4.39674E5,7.28845E5,4.93291E5,2.17467E5,1.59568E5,1.26171E5,9.74474E4,7.30652E4,7.73567E4,2.46289E6,1.35299E7,1.08958E7,1.26842E6,1.68386E4,9523.28526,5065.07592,4390.91975,3090.77107,2890.54888,2780.42076,2255.16809,1790.12346,1408.85023
394,7.48121E5,7.17674E5,7.03627E5,6.66685E5,6.36167E5,6.07968E5,6.04608E5,5.9647E5,5.8028E5,5.70689E5,5.40992E5,5.28398E5,5.2105E5,5.02001E5,4.85635E5,4.70216E5,4.3847E5,4.10083E5,3.78676E5,3.57168E5,3.83007E5,6.63377E5,6.11283E5,2.61915E5,1.69308E5,1.36136E5,1.0809E5,7.851E4,7.10769E4,5.49928E5,9.91658E6,1.33078E7,4.04191E6,3.87013E4,1.5338E4,6053.37383,4693.83401,3307.66728,3186.99187,2937.13682,2504.69631,1944.64451,1305.45833
396,8.3846E5,7.70557E5,7.31078E5,6.9396E5,6.6521E5,6.44648E5,6.34148E5,6.15523E5,5.96707E5,5.71285E5,5.56715E5,5.56539E5,5.20457E5,5.15498E5,4.99953E5,4.85675E5,4.60646E5,4.22297E5,4.02141E5,3.69597E5,3.54148E5,5.60057E5,6.93072E5,3.46249E5,1.89544E5,1.4978E5,1.18831E5,8.71373E4,7.07141E4,8.78627E4,4.94939E6,1.32227E7,8.26909E6,4.2445E5,1.65052E4,7111.83496,5620.73379,3838.23051,2838.56988,2644.94287,2557.41127,2088.04773,1589.85521
398,8.43195E5,7.69515E5,7.61878E5,7.02789E5,6.72856E5,6.40917E5,6.46753E5,6.38028E5,6.07601E5,5.90697E5,5.81951E5,5.56488E5,5.36516E5,5.31093E5,5.20323E5,4.892E5,4.6819E5,4.39783E5,4.15944E5,3.76064E5,3.57561E5,4.66475E5,7.16491E5,4.52399E5,2.13766E5,1.62551E5,1.27207E5,9.72532E4,7.4928E4,7.15348E4,1.3797E6,1.06085E7,1.16987E7,2.04775E6,2.25867E4,8579.1757,5790.76464,3947.93926,3117.89542,2981.60288,2658.74257,2305.4755,1553.32449
400,8.64773E5,8.11642E5,7.47263E5,7.47395E5,7.10405E5,6.8271E5,6.47647E5,6.34218E5,6.09935E5,5.92489E5,5.81885E5,5.5889E5,5.50635E5,5.4193E5,5.26379E5,5.02584E5,4.81051E5,4.47743E5,4.2701E5,3.98067E5,3.6419E5,4.03833E5,6.7312E5,5.69289E5,2.56317E5,1.81646E5,1.39322E5,1.06796E5,8.12685E4,6.68647E4,2.07567E5,6.47923E6,1.29912E7,5.23144E6,1.11134E5,1.04578E4,6889.93174,4326.61028,3316.35418,2877.08906,2642.84968,2284.65576,1580.54136
402,8.71492E5,8.39441E5,7.85504E5,7.33814E5,7.27404E5,6.98324E5,6.73382E5,6.49034E5,6.19246E5,6.15512E5,5.897E5,5.69688E5,5.64193E5,5.53996E5,5.39694E5,5.11363E5,4.94489E5,4.62584E5,4.37883E5,4.13115E5,3.80174E5,3.75532E5,5.85967E5,6.68235E5,3.27181E5,1.92149E5,1.51737E5,1.16218E5,8.81249E4,6.9646E4,7.21102E4,2.45465E6,1.17874E7,9.15548E6,9.18111E5,1.51952E4,8096.86367,4746.42393,3760.70229,2898.24413,2806.17567,2193.38894,1684.17069
404,9.08574E5,8.35591E5,7.99047E5,7.89172E5,7.37086E5,7.32805E5,6.86318E5,6.63781E5,6.46814E5,6.09904E5,6.02807E5,5.7677E5,5.68713E5,5.6593E5,5.5119E5,5.28573E5,5.02331E5,4.80265E5,4.52334E5,4.28166E5,3.93994E5,3.65971E5,4.88147E5,7.0985E5,4.21701E5,2.15812E5,1.6049E5,1.26377E5,9.75047E4,7.19543E4,6.45387E4,4.98021E5,8.23202E6,1.17059E7,3.39188E6,2.84366E4,9151.02389,5243.77031,3821.5871,3098.88948,2869.96452,2717.44725,2042.55319
406,9.04231E5,8.64106E5,8.1423E5,8.01419E5,7.68316E5,7.40127E5,6.94259E5,6.89613E5,6.53735E5,6.37116E5,6.1406E5,6.06421E5,5.74997E5,5.72246E5,5.45495E5,5.3988E5,5.13894E5,4.86941E5,4.60649E5,4.37012E5,4.12208E5,3.77035E5,4.22756E5,6.80529E5,5.29115E5,2.46944E5,1.75551E5,1.37839E5,1.03571E5,7.89916E4,6.54116E4,8.22776E4,4.05935E6,1.19655E7,7.19511E6,2.91807E5,1.29067E4,5996.53004,4449.97835,3405.6055,2579.63446,2488.43188,1892.8639
408,8.90481E5,8.52727E5,8.35879E5,8.12283E5,7.95582E5,7.68658E5,7.14995E5,7.13193E5,6.57412E5,6.46195E5,6.19631E5,5.99307E5,5.92081E5,5.73851E5,5.60846E5,5.49712E5,5.28581E5,5.04968E5,4.79238E5,4.49563E5,4.12718E5,3.90636E5,3.92157E5,6.09774E5,6.38236E5,3.08576E5,1.92056E5,1.48741E5,1.15281E5,8.87067E4,6.71385E4,6.30591E4,1.15605E6,9.8139E6,1.05946E7,1.71133E6,2.02028E4,7547.98829,4765.515,3849.40778,3132.83208,2570.42978,2298.30701
410,9.6675E5,8.97942E5,8.5864E5,8.35149E5,7.84597E5,7.59785E5,7.39234E5,7.09209E5,6.77925E5,6.54217E5,6.33833E5,6.11626E5,5.95872E5,5.83395E5,5.77214E5,5.61781E5,5.39773E5,5.14095E5,4.93147E5,4.65752E5,4.36505E5,3.98691E5,3.82844E5,5.19477E5,6.92581E5,3.90879E5,2.04805E5,1.60064E5,1.22745E5,9.56463E4,7.30202E4,5.9801E4,1.56476E5,5.85324E6,1.18716E7,4.96954E6,8.73453E4,8889.85256,5599.48013,3678.64693,3357.66423,2841.55256,2206.02159
412,1.00114E6,9.43524E5,8.69652E5,8.59809E5,8.17475E5,7.86114E5,7.68053E5,7.20512E5,6.94256E5,6.71535E5,6.43199E5,6.1737E5,5.96208E5,6.00674E5,5.83234E5,5.61E5,5.47629E5,5.24246E5,5.04456E5,4.76019E5,4.43449E5,4.16186E5,3.86719E5,4.45368E5,6.84643E5,5.00513E5,2.382E5,1.72503E5,1.33778E5,1.03279E5,7.89901E4,6.12401E4,6.17297E4,2.15704E6,1.05613E7,8.82459E6,8.50053E5,1.34338E4,6055.026,4470.98615,3586.32193,2788.06584,2120.81045
414,9.69138E5,9.2119E5,8.71707E5,8.87802E5,8.47483E5,8.02896E5,7.63894E5,7.25728E5,6.84172E5,6.73606E5,6.48227E5,6.2517E5,6.05473E5,6.0026E5,5.8678E5,5.74535E5,5.59933E5,5.41925E5,5.16812E5,4.86781E5,4.5773E5,4.21253E5,3.95623E5,4.05489E5,6.25814E5,5.9951E5,2.8976E5,1.85879E5,1.44868E5,1.10416E5,8.65756E4,6.58394E4,5.82179E4,4.44517E5,7.33889E6,1.12357E7,3.30281E6,2.30136E4,7885.61525,4609.85409,4155.78991,2850.38074,1960.04166
416,1.03052E6,9.93104E5,9.08585E5,9.08024E5,8.7295E5,8.21837E5,7.96756E5,7.50562E5,7.04946E5,6.68993E5,6.45838E5,6.22369E5,6.02975E5,6.06629E5,5.9892E5,5.72122E5,5.6244E5,5.3915E5,5.1838E5,4.97568E5,4.74339E5,4.37415E5,4.06442E5,3.95554E5,5.48573E5,6.64352E5,3.58351E5,1.99381E5,1.5562E5,1.20897E5,9.38484E4,7.05042E4,5.77251E4,6.76571E4,3.46106E6,1.15273E7,7.66215E6,2.30346E5,1.04465E4,5362.80939,4124.46486,3416.69239,2565.31617
418,9.83047E5,9.64939E5,9.44235E5,9.38409E5,8.70951E5,8.26806E5,7.95055E5,7.5385E5,7.07218E5,6.71819E5,6.4787E5,6.3262E5,6.2493E5,6.17938E5,6.07426E5,5.87419E5,5.67263E5,5.5449E5,5.31367E5,5.06241E5,4.78173E5,4.54544E5,4.2024E5,3.93439E5,4.66096E5,6.70368E5,4.54447E5,2.2701E5,1.68506E5,1.28448E5,1.00098E5,7.74511E4,5.85698E4,5.53466E4,9.27959E5,9.35774E6,1.15266E7,1.4382E6,1.61161E4,6985.83809,4251.09672,3241.4077,2780.40477
420,9.98294E5,9.61586E5,9.45141E5,9.08328E5,8.87737E5,8.53855E5,7.90653E5,7.80151E5,7.312E5,6.89787E5,6.66021E5,6.21318E5,6.28101E5,6.12268E5,6.00452E5,5.90676E5,5.79777E5,5.57372E5,5.38644E5,5.15747E5,4.95898E5,4.64267E5,4.39002E5,4.03538E5,4.19091E5,6.26808E5,5.40396E5,2.63695E5,1.77947E5,1.40286E5,1.07654E5,8.31599E4,6.3063E4,5.38627E4,1.2497E5,5.55351E6,1.31756E7,4.32074E6,6.52226E4,8555.13308,4970.2412,3776.88587,2574.78228
422,1.04347E6,9.76796E5,9.76307E5,9.29816E5,9.23077E5,8.7847E5,8.10762E5,7.7239E5,7.27478E5,6.9639E5,6.66229E5,6.40823E5,6.20435E5,6.19837E5,6.08446E5,5.92241E5,5.79433E5,5.66313E5,5.43152E5,5.19013E5,4.97504E5,4.72417E5,4.44295E5,4.13465E5,4.0199E5,5.55155E5,6.13157E5,3.21968E5,1.91088E5,1.48481E5,1.16236E5,9.27354E4,6.98207E4,5.54925E4,5.33678E4,2.06609E6,1.19329E7,8.06112E6,6.54605E5,1.19518E4,6148.22547,4376.48028,2859.30695
424,1.0262E6,1.00832E6,9.99404E5,9.31371E5,9.21089E5,8.98464E5,8.29484E5,7.8065E5,7.33291E5,6.94967E5,6.60585E5,6.38202E5,6.19213E5,6.17101E5,6.19337E5,5.97267E5,5.86917E5,5.67675E5,5.47037E5,5.32132E5,5.05584E5,4.82303E5,4.52964E5,4.21201E5,4.0131E5,4.78684E5,6.38366E5,3.97711E5,2.07384E5,1.57746E5,1.24994E5,9.77475E4,7.38908E4,5.71834E4,5.05066E4,3.88753E5,8.40759E6,1.05127E7,2.57041E6,2.12278E4,8064.6844,4649.72739,2954.26569
426,1.0033E6,9.88308E5,1.00111E6,9.75528E5,9.45315E5,9.05417E5,8.66892E5,8.15056E5,7.54751E5,7.04799E5,6.69803E5,6.29269E5,6.26869E5,6.12535E5,6.12883E5,5.91782E5,5.90546E5,5.73387E5,5.54749E5,5.43656E5,5.16609E5,4.82944E5,4.60895E5,4.35825E5,4.03767E5,4.24985E5,6.1173E5,4.78367E5,2.38485E5,1.67491E5,1.30834E5,1.03109E5,8.09194E4,5.96782E4,5.07819E4,6.2378E4,3.86505E6,1.09293E7,6.00286E6,2.36417E5,1.08432E4,5521.8509,3381.00199
428,1.0124E6,1.00345E6,9.9277E5,9.87772E5,9.52057E5,8.95888E5,8.70416E5,7.90444E5,7.55702E5,7.04909E5,6.59502E5,6.34795E5,6.16847E5,6.09732E5,6.0554E5,5.90939E5,5.93278E5,5.80964E5,5.57031E5,5.45676E5,5.17018E5,4.96146E5,4.72296E5,4.4211E5,4.14444E5,4.00376E5,5.53267E5,5.47487E5,2.84448E5,1.77441E5,1.41278E5,1.11447E5,8.75199E4,6.562E4,5.17613E4,5.02982E4,9.65036E5,8.90093E6,9.22042E6,1.41938E6,1.72425E4,6613.78387,3826.1199
430,1.01718E6,1.01255E6,9.74913E5,1.00064E6,9.70243E5,9.18709E5,8.75329E5,8.13575E5,7.52101E5,7.13124E5,6.63552E5,6.29829E5,6.23642E5,6.07031E5,6.09113E5,5.96578E5,5.8768E5,5.73581E5,5.63733E5,5.49995E5,5.31E5,4.9788E5,4.79527E5,4.47134E5,4.26931E5,3.95534E5,4.75779E5,5.8172E5,3.5079E5,1.97362E5,1.50086E5,1.18428E5,9.3353E4,7.25439E4,5.53121E4,4.7506E4,1.23156E5,5.26244E6,1.0689E7,4.22715E6,1.13125E5,8510.85726,4802.50071
432,1.00774E6,1.02632E6,9.8912E5,1.00039E6,9.60975E5,9.25979E5,8.72727E5,8.36462E5,7.50474E5,7.03384E5,6.63984E5,6.2647E5,6.19004E5,6.17894E5,6.09366E5,5.9965E5,5.92285E5,5.78041E5,5.63872E5,5.52408E5,5.28287E5,5.07286E5,4.86249E5,4.55834E5,4.28454E5,3.99157E5,4.19041E5,5.72089E5,4.27792E5,2.19921E5,1.57215E5,1.25183E5,9.86043E4,7.77539E4,5.89659E4,4.8846E4,5.33177E4,1.92338E6,9.74769E6,7.70535E6,9.62958E5,1.24074E4,5425.10888
434,1.05964E6,9.9766E5,1.02755E6,9.99972E5,9.66515E5,9.55121E5,8.76248E5,8.31948E5,7.69001E5,7.03123E5,6.52739E5,6.30001E5,6.10035E5,5.99277E5,6.02313E5,5.94171E5,5.78717E5,5.74154E5,5.66147E5,5.52489E5,5.26954E5,5.17799E5,4.89855E5,4.67846E5,4.36268E5,4.06025E5,3.90587E5,5.19916E5,4.79483E5,2.56908E5,1.65785E5,1.3521E5,1.0489E5,8.32426E4,6.63036E4,5.14593E4,4.71668E4,3.4735E5,6.64977E6,1.0032E7,3.21705E6,2.94832E4,6704.54545
436,1.03813E6,1.00714E6,1.00655E6,9.89214E5,1.00297E6,9.51777E5,8.9876E5,8.41336E5,7.6864E5,7.13792E5,6.70561E5,6.28961E5,6.01148E5,6.05249E5,5.91789E5,5.95402E5,5.87912E5,5.78747E5,5.65539E5,5.54881E5,5.35708E5,5.14155E5,4.96625E5,4.73051E5,4.44633E5,4.16628E5,3.79754E5,4.60506E5,5.22827E5,3.10594E5,1.80558E5,1.39778E5,1.13501E5,8.90386E4,6.86434E4,5.41206E4,4.67157E4,5.69463E4,3.26449E6,1.00978E7,6.25761E6,3.41876E5,9202.8025
438,1.00706E6,9.84858E5,1.01279E6,9.76926E5,9.63326E5,9.86125E5,9.08828E5,8.18642E5,7.61875E5,7.11572E5,6.66059E5,6.21121E5,6.10309E5,6.01573E5,5.85733E5,5.88649E5,5.84521E5,5.72512E5,5.59318E5,5.56582E5,5.37693E5,5.18894E5,4.92099E5,4.74532E5,4.54296E5,4.22557E5,3.82266E5,4.03437E5,5.22963E5,3.69409E5,2.01649E5,1.4542E5,1.19716E5,9.4085E4,7.69696E4,5.92753E4,4.79364E4,4.502E4,9.01862E5,8.13554E6,8.90225E6,1.69131E6,1.51174E4
440,1.04676E6,1.01119E6,9.86139E5,1.00587E6,9.74171E5,9.41963E5,9.15145E5,8.54092E5,7.60076E5,7.04202E5,6.56134E5,6.16253E5,5.99864E5,5.87555E5,5.90398E5,5.77271E5,5.78336E5,5.68657E5,5.60624E5,5.52296E5,5.31575E5,5.173E5,5.02658E5,4.81242E5,4.58208E5,4.2165E5,3.78715E5,3.64642E5,4.82348E5,4.2793E5,2.26169E5,1.55406E5,1.2654E5,9.89231E4,7.91809E4,6.29979E4,5.01974E4,4.38273E4,1.2106E5,4.77066E6,9.82558E6,4.38502E6,1.01343E5
442,1.06233E6,1.0125E6,9.82611E5,1.02466E6,9.8889E5,9.47285E5,8.99982E5,8.31817E5,7.77818E5,7.11111E5,6.51146E5,6.23817E5,5.86983E5,5.90401E5,5.81866E5,5.75522E5,5.73434E5,5.67426E5,5.54958E5,5.49162E5,5.37419E5,5.20588E5,5.01447E5,4.80035E5,4.59284E5,4.23438E5,3.91344E5,3.49918E5,4.3342E5,4.63143E5,2.69634E5,1.65793E5,1.30973E5,1.07765E5,8.57661E4,6.65654E4,5.50315E4,4.32289E4,4.64119E4,1.80793E6,8.78458E6,7.50745E6,7.56737E5
444,1.05293E6,1.00991E6,9.95872E5,9.86105E5,9.7403E5,9.59518E5,9.26337E5,8.49101E5,7.63313E5,7.26324E5,6.50876E5,6.05632E5,5.82068E5,5.81494E5,5.73844E5,5.80601E5,5.66091E5,5.60449E5,5.53053E5,5.43417E5,5.29756E5,5.22793E5,5.06455E5,4.83084E5,4.60347E5,4.32317E5,3.91307E5,3.47975E5,3.84802E5,4.69229E5,3.21447E5,1.78255E5,1.36718E5,1.0963E5,8.96491E4,7.02644E4,5.78415E4,4.38868E4,4.19924E4,3.62598E5,6.09295E6,9.51385E6,2.6144E6
446,1.00228E6,9.98954E5,1.01322E6,9.86373E5,9.49512E5,9.51173E5,9.18774E5,8.38615E5,7.56884E5,6.98026E5,6.37914E5,6.13121E5,5.85064E5,5.70846E5,5.6383E5,5.6326E5,5.61289E5,5.57234E5,5.53838E5,5.3953E5,5.35755E5,5.15289E5,5.03516E5,4.8476E5,4.66857E5,4.35891E5,3.89624E5,3.50055E5,3.43804E5,4.4771E5,3.70753E5,2.02598E5,1.4451E5,1.16587E5,9.31661E4,7.47612E4,5.92837E4,4.61347E4,3.92803E4,5.34448E4,2.98948E6,9.81287E6,5.48319E6
448,9.89524E5,9.94336E5,1.00274E6,9.85289E5,9.69351E5,9.64269E5,9.05166E5,8.48461E5,7.54066E5,7.02975E5,6.39665E5,6.0693E5,5.75247E5,5.6331E5,5.5748E5,5.50839E5,5.53979E5,5.50591E5,5.44362E5,5.39161E5,5.30376E5,5.18776E5,4.97585E5,4.86584E5,4.65067E5,4.38259E5,3.97651E5,3.56105E5,3.23058E5,4.02963E5,4.10222E5,2.363E5,1.50414E5,1.19365E5,1.0043E5,7.96939E4,6.45378E4,5.02927E4,4.08761E4,4.08716E4,9.10461E5,7.98939E6,8.0599E6
450,9.95898E5,9.63232E5,9.67063E5,9.67805E5,9.54726E5,9.68298E5,9.04506E5,8.44864E5,7.62073E5,6.79882E5,6.31177E5,5.89908E5,5.73706E5,5.5358E5,5.50198E5,5.5434E5,5.51147E5,5.42517E5,5.46203E5,5.32029E5,5.21235E5,5.08469E5,4.97348E5,4.84503E5,4.64112E5,4.31779E5,4.01524E5,3.51288E5,3.16064E5,3.557E5,4.22404E5,2.71888E5,1.61376E5,1.24884E5,1.02179E5,8.37982E4,6.83593E4,5.26898E4,4.24019E4,3.83168E4,1.34656E5,4.92654E6,9.04384E6
452,9.88273E5,9.42212E5,1.00548E6,9.8014E5,9.64132E5,9.46429E5,9.05918E5,8.43596E5,7.52985E5,6.88638E5,6.12289E5,5.82462E5,5.61494E5,5.46115E5,5.43192E5,5.43744E5,5.43056E5,5.36916E5,5.33551E5,5.25906E5,5.15831E5,5.08721E5,4.92911E5,4.78255E5,4.64703E5,4.40174E5,4.04096E5,3.573E5,3.1529E5,3.17725E5,4.1065E5,3.23319E5,1.78216E5,1.31535E5,1.08453E5,8.88829E4,7.21778E4,5.67711E4,4.4903E4,3.81516E4,4.15979E4,1.9811E6,8.09264E6
454,9.82784E5,1.01268E6,9.55917E5,9.7844E5,9.71535E5,9.18419E5,8.93967E5,8.60787E5,7.61319E5,6.70145E5,6.21338E5,5.75874E5,5.51484E5,5.38156E5,5.43469E5,5.3452E5,5.30067E5,5.30667E5,5.29172E5,5.16944E5,5.11347E5,5.02971E5,4.97696E5,4.75671E5,4.59887E5,4.38519E5,4.05181E5,3.60099E5,3.15601E5,2.96093E5,3.81262E5,3.57408E5,2.03913E5,1.37582E5,1.11145E5,9.22802E4,7.504E4,5.948E4,4.80221E4,3.8856E4,3.73591E4,4.15814E5,5.51567E6
456,9.40882E5,9.38713E5,9.28413E5,9.62615E5,9.42772E5,9.31121E5,8.9429E5,8.33708E5,7.39244E5,6.75969E5,6.05916E5,5.56211E5,5.47106E5,5.37081E5,5.29744E5,5.29015E5,5.30653E5,5.13462E5,5.19292E5,5.13564E5,5.06661E5,5.0261E5,4.88429E5,4.79904E5,4.54374E5,4.37906E5,4.02303E5,3.58861E5,3.1306E5,2.81837E5,3.37317E5,3.79272E5,2.38799E5,1.44205E5,1.1688E5,9.53895E4,7.95927E4,6.23225E4,4.94855E4,4.052E4,3.5569E4,5.24838E4,2.622E6
458,9.29173E5,9.14184E5,9.35417E5,9.70917E5,9.22558E5,9.26534E5,8.93805E5,8.11762E5,7.35767E5,6.49094E5,6.05568E5,5.56138E5,5.30164E5,5.20183E5,5.21735E5,5.10785E5,5.11179E5,5.12105E5,5.05494E5,5.03115E5,5.05369E5,4.91139E5,4.75551E5,4.73102E5,4.55046E5,4.38869E5,4.05586E5,3.57845E5,3.18252E5,2.7828E5,3.01071E5,3.78827E5,2.77156E5,1.57755E5,1.20266E5,1.00033E5,8.07508E4,6.77836E4,5.39095E4,4.1724E4,3.57791E4,3.66115E4,7.70866E5
460,8.86436E5,8.9023E5,9.26183E5,9.24833E5,9.27127E5,9.19548E5,8.6772E5,8.09888E5,7.34816E5,6.60717E5,5.96635E5,5.5884E5,5.20483E5,5.09486E5,5.02274E5,4.99845E5,5.04386E5,4.95944E5,4.97465E5,4.97822E5,4.95772E5,4.87839E5,4.75549E5,4.68109E5,4.56702E5,4.35852E5,4.02568E5,3.58825E5,3.19238E5,2.78519E5,2.71186E5,3.50916E5,3.12436E5,1.77628E5,1.2576E5,1.00999E5,8.55297E4,6.74401E4,5.70639E4,4.53853E4,3.72389E4,3.50288E4,1.09389E5
462,9.11678E5,9.39713E5,9.18691E5,9.10311E5,9.05906E5,9.24108E5,8.87991E5,8.23252E5,7.2401E5,6.46344E5,5.86871E5,5.43066E5,5.19448E5,5.06563E5,4.94935E5,4.94413E5,4.89257E5,4.92004E5,4.89989E5,4.88614E5,4.87793E5,4.76642E5,4.72197E5,4.56051E5,4.46274E5,4.32682E5,3.9785E5,3.59447E5,3.17617E5,2.81217E5,2.53767E5,3.12517E5,3.35211E5,2.04589E5,1.31339E5,1.05072E5,8.87121E4,7.06648E4,6.00195E4,4.70402E4,3.9374E4,3.38927E4,3.67061E4
464,9.43224E5,8.85359E5,8.81839E5,8.97422E5,9.08821E5,8.93715E5,8.62095E5,7.97618E5,7.12013E5,6.55837E5,5.84574E5,5.33877E5,5.03388E5,4.84229E5,4.82868E5,4.85323E5,4.83035E5,4.81534E5,4.83687E5,4.76605E5,4.76423E5,4.68252E5,4.62803E5,4.4892E5,4.45098E5,4.269E5,3.94775E5,3.6247E5,3.16886E5,2.79463E5,2.49655E5,2.75372E5,3.35239E5,2.34353E5,1.37899E5,1.0934E5,9.29143E4,7.50705E4,6.34463E4,5.02908E4,4.14596E4,3.49337E4,3.25889E4
466,8.63678E5,8.80271E5,8.22212E5,8.91324E5,8.97422E5,8.92594E5,8.44781E5,7.971E5,7.08326E5,6.32276E5,5.82411E5,5.26419E5,4.91575E5,4.88113E5,4.78068E5,4.7104E5,4.71681E5,4.72177E5,4.70898E5,4.68087E5,4.63468E5,4.59801E5,4.54264E5,4.48169E5,4.43935E5,4.25142E5,3.89958E5,3.54803E5,3.152E5,2.79988E5,2.47331E5,2.44164E5,3.14519E5,2.72644E5,1.54697E5,1.1076E5,9.53407E4,8.17748E4,6.51185E4,5.30599E4,4.40467E4,3.63926E4,3.31786E4
468,8.89951E5,8.2579E5,8.63692E5,8.84097E5,8.69251E5,8.72029E5,8.46404E5,7.69222E5,7.17269E5,6.25827E5,5.70565E5,5.11627E5,4.8562E5,4.68369E5,4.65469E5,4.57638E5,4.61609E5,4.6084E5,4.59083E5,4.61153E5,4.5029E5,4.47906E5,4.43506E5,4.35855E5,4.28269E5,4.20399E5,3.88249E5,3.51076E5,3.1605E5,2.79188E5,2.46126E5,2.27067E5,2.84976E5,2.92227E5,1.7578E5,1.17035E5,9.61411E4,8.17778E4,6.68293E4,5.43984E4,4.3962E4,3.73764E4,3.19099E4
470,1.09315E6,8.40569E5,8.1908E5,8.51117E5,8.90029E5,8.53877E5,8.14458E5,7.6503E5,6.91577E5,6.07588E5,5.39462E5,4.96132E5,4.69897E5,4.63203E5,4.46006E5,4.48699E5,4.54582E5,4.49531E5,4.42719E5,4.44567E5,4.43505E5,4.42076E5,4.32829E5,4.30656E5,4.24195E5,4.05755E5,3.80877E5,3.51056E5,3.12499E5,2.76188E5,2.42497E5,2.20371E5,2.54036E5,3.02265E5,2.03304E5,1.24422E5,9.90832E4,8.45295E4,6.89741E4,5.73694E4,4.72854E4,3.86191E4,3.26608E4
472,1.32628E6,8.38357E5,8.23548E5,8.34939E5,8.46296E5,8.43849E5,8.15207E5,7.66412E5,6.63442E5,5.94447E5,5.36342E5,4.87628E5,4.57697E5,4.49294E5,4.34615E5,4.35353E5,4.36027E5,4.27386E5,4.36871E5,4.32752E5,4.33017E5,4.26643E5,4.26248E5,4.18668E5,4.14673E5,3.99627E5,3.79547E5,3.40038E5,3.08419E5,2.73876E5,2.46554E5,2.14505E5,2.23491E5,2.87674E5,2.24604E5,1.30796E5,1.00256E5,8.52603E4,7.05545E4,5.99091E4,4.83366E4,3.9339E4,3.34691E4
474,1.82791E6,7.90494E5,7.83901E5,8.11733E5,8.1971E5,8.25469E5,7.88958E5,7.37771E5,6.54945E5,5.91713E5,5.2132E5,4.75958E5,4.50665E5,4.36991E5,4.21958E5,4.28975E5,4.21011E5,4.18958E5,4.29877E5,4.21472E5,4.24938E5,4.17131E5,4.15157E5,4.07038E5,4.03424E5,3.91998E5,3.68406E5,3.38886E5,3.02832E5,2.69011E5,2.39914E5,2.13333E5,2.02769E5,2.62576E5,2.52814E5,1.46745E5,1.03426E5,8.61123E4,7.21217E4,6.10771E4,5.18704E4,4.12836E4,3.36298E4
476,2.44989E6,8.06551E5,7.44643E5,8.03903E5,8.09468E5,7.96773E5,7.69591E5,7.08539E5,6.38937E5,5.82842E5,5.05389E5,4.64575E5,4.3303E5,4.18057E5,4.1461E5,4.17746E5,4.11376E5,4.09539E5,4.1134E5,4.10052E5,4.1024E5,4.02966E5,3.95909E5,3.97319E5,3.90759E5,3.86452E5,3.63204E5,3.28992E5,2.96266E5,2.63056E5,2.35557E5,2.10124E5,1.93562E5,2.30961E5,2.6121E5,1.68584E5,1.06984E5,8.52546E4,7.44695E4,6.16433E4,5.24386E4,4.35726E4,3.48954E4
478,3.41427E6,8.07465E5,7.64344E5,7.90614E5,7.81018E5,7.45676E5,7.7554E5,7.21254E5,6.32568E5,5.76641E5,5.05161E5,4.59052E5,4.19372E5,4.12442E5,4.01469E5,4.0206E5,3.94754E5,3.99567E5,3.93059E5,3.93267E5,3.95443E5,3.94127E5,3.87764E5,3.89646E5,3.84012E5,3.76568E5,3.53394E5,3.25908E5,2.91025E5,2.6024E5,2.3428E5,2.0988E5,1.89657E5,2.04171E5,2.58679E5,1.94271E5,1.14414E5,9.0103E4,7.56092E4,6.51806E4,5.30953E4,4.48255E4,3.58191E4
480,4.14076E6,9.96923E5,7.72716E5,7.39166E5,7.41636E5,7.57322E5,7.40618E5,6.98043E5,6.10603E5,5.53435E5,4.96862E5,4.53212E5,4.15494E5,3.91486E5,3.93206E5,3.90513E5,3.90836E5,3.90161E5,3.8721E5,3.88801E5,3.85968E5,3.83466E5,3.85399E5,3.79002E5,3.74421E5,3.70722E5,3.47356E5,3.22085E5,2.88597E5,2.59405E5,2.32111E5,2.0922E5,1.88932E5,1.82364E5,2.395E5,2.13883E5,1.28209E5,9.23577E4,7.73205E4,6.4878E4,5.76165E4,4.68486E4,3.87417E4
482,4.74374E6,1.38689E6,7.09524E5,7.60149E5,7.7163E5,7.5628E5,7.39893E5,6.68914E5,6.09915E5,5.49575E5,4.86368E5,4.38933E5,4.08299E5,3.8891E5,3.82835E5,3.76843E5,3.78755E5,3.77744E5,3.73111E5,3.78164E5,3.7952E5,3.77463E5,3.71494E5,3.69013E5,3.71046E5,3.59566E5,3.42695E5,3.16805E5,2.84218E5,2.55401E5,2.30582E5,2.05133E5,1.8354E5,1.70689E5,2.14784E5,2.27113E5,1.4081E5,9.44282E4,7.89514E4,6.81535E4,5.74499E4,4.89451E4,4.10768E4
484,5.08372E6,1.94325E6,6.99337E5,7.17702E5,7.45714E5,7.49742E5,6.93012E5,6.59178E5,6.05825E5,5.27482E5,4.6936E5,4.32307E5,3.97465E5,3.76019E5,3.68801E5,3.6963E5,3.676E5,3.73736E5,3.68298E5,3.67251E5,3.68193E5,3.63331E5,3.63076E5,3.62642E5,3.58544E5,3.54744E5,3.36521E5,3.06385E5,2.81988E5,2.50635E5,2.30949E5,2.02988E5,1.8363E5,1.65953E5,1.84559E5,2.29288E5,1.64892E5,9.6198E4,7.82543E4,6.82837E4,5.89015E4,4.94395E4,4.16509E4
486,5.01139E6,2.72918E6,7.12073E5,7.05738E5,7.31102E5,7.19048E5,6.98502E5,6.50399E5,5.85836E5,5.27206E5,4.58184E5,4.13609E5,3.84585E5,3.73538E5,3.64741E5,3.65542E5,3.569E5,3.54121E5,3.50905E5,3.56332E5,3.59598E5,3.56037E5,3.53452E5,3.55729E5,3.54867E5,3.48661E5,3.31654E5,3.02408E5,2.76288E5,2.475E5,2.22995E5,2.02378E5,1.81352E5,1.62582E5,1.64443E5,2.18745E5,1.84459E5,1.09094E5,8.18261E4,6.82092E4,5.90743E4,5.0957E4,4.36453E4
488,4.35451E6,3.62796E6,8.43192E5,6.93823E5,7.18166E5,6.98166E5,6.83357E5,6.35474E5,5.82466E5,5.1083E5,4.51317E5,4.19972E5,3.77841E5,3.5475E5,3.58057E5,3.49568E5,3.40338E5,3.48012E5,3.46745E5,3.44517E5,3.39878E5,3.46051E5,3.48946E5,3.46436E5,3.49228E5,3.37359E5,3.25212E5,2.98756E5,2.68694E5,2.46615E5,2.19109E5,1.99017E5,1.79117E5,1.62628E5,1.55253E5,1.95605E5,2.00672E5,1.21206E5,8.25027E4,6.97031E4,6.09968E4,5.23878E4,4.34466E4
490,3.64278E6,4.45608E6,1.08176E6,6.84981E5,6.95141E5,6.93255E5,6.81511E5,6.26082E5,5.58016E5,5.05289E5,4.4793E5,4.05313E5,3.72783E5,3.51399E5,3.42146E5,3.38256E5,3.37719E5,3.38733E5,3.38902E5,3.3221E5,3.34806E5,3.35302E5,3.3626E5,3.36432E5,3.36296E5,3.31481E5,3.17059E5,2.93709E5,2.67191E5,2.43293E5,2.178E5,1.97519E5,1.76456E5,1.59597E5,1.46521E5,1.74124E5,2.02367E5,1.39742E5,8.82857E4,6.99271E4,6.20999E4,5.20621E4,4.43151E4
492,2.3317E6,4.81712E6,1.55808E6,6.64597E5,6.84658E5,6.78605E5,6.42517E5,6.00023E5,5.49096E5,4.8532E5,4.36742E5,3.8817E5,3.63292E5,3.36962E5,3.34672E5,3.30302E5,3.30045E5,3.26066E5,3.27469E5,3.22302E5,3.27342E5,3.24576E5,3.27003E5,3.29078E5,3.23213E5,3.20845E5,3.09314E5,2.88108E5,2.57977E5,2.38089E5,2.15775E5,1.95172E5,1.74435E5,1.58365E5,1.41381E5,1.56325E5,1.99573E5,1.55787E5,9.23561E4,7.38083E4,6.21125E4,5.51096E4,4.64887E4
494,1.24118E6,4.65279E6,2.2093E6,6.46776E5,6.43722E5,6.63115E5,6.43654E5,6.00652E5,5.34842E5,4.85651E5,4.28571E5,3.77967E5,3.53321E5,3.34527E5,3.22387E5,3.23143E5,3.17725E5,3.16422E5,3.11944E5,3.18039E5,3.16796E5,3.1731E5,3.16E5,3.17308E5,3.15836E5,3.12586E5,3.02755E5,2.79656E5,2.56183E5,2.32113E5,2.11743E5,1.91782E5,1.73948E5,1.56451E5,1.42341E5,1.37955E5,1.82393E5,1.66594E5,1.02762E5,7.35729E4,6.13169E4,5.52789E4,4.63741E4
496,7.4382E5,4.12952E6,3.12758E6,6.42895E5,6.28983E5,6.34451E5,6.20888E5,5.74449E5,5.19041E5,4.59191E5,4.13015E5,3.68803E5,3.39711E5,3.22569E5,3.10482E5,3.12331E5,3.08086E5,3.08449E5,3.0503E5,3.11352E5,3.12446E5,3.07224E5,3.10485E5,3.07024E5,3.12258E5,3.08521E5,2.9136E5,2.719E5,2.47619E5,2.26562E5,2.07738E5,1.87193E5,1.7137E5,1.55249E5,1.40602E5,1.30859E5,1.60058E5,1.77568E5,1.14671E5,7.55734E4,6.25613E4,5.47213E4,4.76619E4
498,6.14684E5,3.2668E6,4.16151E6,7.35393E5,6.12882E5,6.31138E5,6.18386E5,5.80859E5,5.14552E5,4.50719E5,4.01335E5,3.59158E5,3.32032E5,3.18242E5,3.08511E5,3.02778E5,2.95204E5,2.9623E5,2.95367E5,3.01409E5,3.0211E5,2.98375E5,2.99781E5,3.0164E5,3.03906E5,2.95515E5,2.84348E5,2.64162E5,2.39679E5,2.21202E5,2.06448E5,1.83926E5,1.6751E5,1.53178E5,1.38499E5,1.27865E5,1.4267E5,1.80447E5,1.28049E5,8.1896E4,6.59921E4,5.57429E4,4.72638E4
500,6.17382E5,2.32939E6,4.87531E6,1.03555E6,6.16463E5,6.0644E5,6.05714E5,5.5196E5,5.14467E5,4.40743E5,3.89744E5,3.51487E5,3.2157E5,3.07174E5,3.02558E5,2.95962E5,2.92309E5,2.82905E5,2.85993E5,2.89679E5,2.91037E5,2.91404E5,2.88748E5,2.93287E5,2.92692E5,2.88052E5,2.82912E5,2.58431E5,2.36945E5,2.17168E5,2.0193E5,1.80331E5,1.65027E5,1.48657E5,1.35728E5,1.22526E5,1.27747E5,1.69993E5,1.39686E5,8.75872E4,6.33879E4,5.59292E4,4.87782E4
502,5.60428E5,1.51523E6,5.31014E6,1.48466E6,5.84916E5,5.74371E5,5.91122E5,5.45577E5,4.94118E5,4.3406E5,3.8048E5,3.49373E5,3.15758E5,3.01836E5,2.9138E5,2.85198E5,2.81517E5,2.84358E5,2.80988E5,2.81363E5,2.79674E5,2.77512E5,2.82023E5,2.80969E5,2.86097E5,2.83774E5,2.71814E5,2.58566E5,2.32587E5,2.12818E5,1.96113E5,1.79801E5,1.62889E5,1.47796E5,1.33491E5,1.23126E5,1.17156E5,1.51632E5,1.53309E5,9.4358E4,6.7216E4,5.53222E4,4.83911E4
504,5.5815E5,9.46636E5,5.09928E6,2.2444E6,5.78486E5,5.77518E5,5.71452E5,5.33386E5,4.70067E5,4.25579E5,3.69921E5,3.25336E5,3.03532E5,2.92837E5,2.85454E5,2.7561E5,2.73262E5,2.7314E5,2.71563E5,2.75509E5,2.76055E5,2.74094E5,2.71504E5,2.77248E5,2.75808E5,2.7158E5,2.57751E5,2.45438E5,2.27764E5,2.08261E5,1.92615E5,1.76276E5,1.60041E5,1.42177E5,1.3099E5,1.20933E5,1.11987E5,1.3398E5,1.53638E5,1.07324E5,6.90292E4,5.59613E4,4.99101E4
506,5.53153E5,6.03634E5,4.48762E6,3.13509E6,5.59681E5,5.65058E5,5.5368E5,5.20247E5,4.51721E5,4.14476E5,3.58434E5,3.2221E5,2.99729E5,2.86115E5,2.68767E5,2.6595E5,2.64999E5,2.63528E5,2.6297E5,2.65145E5,2.60499E5,2.65139E5,2.62294E5,2.68178E5,2.6482E5,2.66105E5,2.56306E5,2.3519E5,2.24596E5,2.05709E5,1.87754E5,1.71963E5,1.56034E5,1.43134E5,1.27903E5,1.17799E5,1.08159E5,1.14826E5,1.51121E5,1.19093E5,7.18567E4,5.70253E4,4.83895E4
508,5.49863E5,5.24047E5,3.53824E6,3.9991E6,6.82966E5,5.42466E5,5.40555E5,5.10959E5,4.53247E5,3.9711E5,3.55473E5,3.12828E5,2.94354E5,2.73557E5,2.65829E5,2.55957E5,2.52149E5,2.57957E5,2.5441E5,2.51832E5,2.531E5,2.57239E5,2.55619E5,2.58105E5,2.58779E5,2.55954E5,2.49376E5,2.33705E5,2.15642E5,1.96008E5,1.80977E5,1.67918E5,1.54555E5,1.40509E5,1.26635E5,1.15544E5,1.04448E5,1.03761E5,1.39495E5,1.28321E5,8.10864E4,5.93168E4,4.8461E4
510,5.36141E5,5.18505E5,2.45921E6,4.91368E6,9.67359E5,5.32417E5,4.98298E5,4.99157E5,4.41852E5,3.92628E5,3.50954E5,3.0934E5,2.84422E5,2.64712E5,2.55628E5,2.51355E5,2.47135E5,2.46353E5,2.45409E5,2.46838E5,2.43986E5,2.43817E5,2.48777E5,2.48379E5,2.48955E5,2.50687E5,2.42554E5,2.27436E5,2.07039E5,1.94602E5,1.77396E5,1.64763E5,1.50448E5,1.35848E5,1.25204E5,1.13295E5,1.00736E5,9.65865E4,1.26592E5,1.3568E5,9.12118E4,5.99219E4,5.00047E4
512,5.2362E5,4.80823E5,1.46034E6,5.29672E6,1.51805E6,5.22979E5,5.09781E5,4.66494E5,4.18075E5,3.7125E5,3.34663E5,2.99498E5,2.7087E5,2.59522E5,2.47615E5,2.40718E5,2.43045E5,2.35907E5,2.37625E5,2.38386E5,2.34102E5,2.3824E5,2.41282E5,2.40587E5,2.43098E5,2.41314E5,2.34724E5,2.19038E5,2.00347E5,1.87192E5,1.72501E5,1.58866E5,1.4658E5,1.30726E5,1.24152E5,1.10424E5,1.01973E5,9.28424E4,1.09326E5,1.34676E5,9.97075E4,6.30193E4,4.99811E4
514,5.39433E5,4.48248E5,8.04447E5,5.15885E6,2.32832E6,5.03512E5,4.98345E5,4.66389E5,4.29708E5,3.62425E5,3.22168E5,2.83553E5,2.62361E5,2.47147E5,2.39846E5,2.33096E5,2.3235E5,2.32191E5,2.25496E5,2.27949E5,2.29642E5,2.29814E5,2.3053E5,2.30661E5,2.30774E5,2.32049E5,2.26889E5,2.11628E5,1.95967E5,1.8126E5,1.67355E5,1.53774E5,1.40753E5,1.3108E5,1.17733E5,1.06791E5,9.9531E4,8.99263E4,9.60446E4,1.26057E5,1.10501E5,6.72187E4,4.95977E4
516,6.12477E5,4.61102E5,5.52271E5,4.5936E6,3.35841E6,5.11554E5,4.7602E5,4.60881E5,4.04628E5,3.64532E5,3.10803E5,2.80169E5,2.55479E5,2.36641E5,2.33355E5,2.29338E5,2.21518E5,2.19778E5,2.1704E5,2.21585E5,2.20879E5,2.20357E5,2.21103E5,2.26642E5,2.28347E5,2.20732E5,2.1967E5,2.06935E5,1.89118E5,1.752E5,1.63181E5,1.49543E5,1.38999E5,1.24941E5,1.16457E5,1.07777E5,9.66165E4,8.86371E4,8.62323E4,1.13193E5,1.16627E5,7.25514E4,5.08662E4
518,6.16033E5,4.34542E5,4.56188E5,3.74178E6,4.59977E6,6.37744E5,4.62179E5,4.36924E5,3.9099E5,3.44049E5,3.06096E5,2.71747E5,2.48227E5,2.37885E5,2.19924E5,2.21199E5,2.11896E5,2.13866E5,2.11665E5,2.14125E5,2.11999E5,2.13377E5,2.17149E5,2.1665E5,2.17407E5,2.15641E5,2.09527E5,1.97815E5,1.82252E5,1.6947E5,1.59724E5,1.46048E5,1.34965E5,1.238E5,1.13816E5,1.04938E5,9.30597E4,8.74621E4,7.98246E4,1.02666E5,1.17954E5,8.16938E4,5.22669E4
520,6.10478E5,4.15231E5,4.43113E5,2.60889E6,5.74779E6,9.66601E5,4.59922E5,4.19319E5,3.82898E5,3.365E5,2.95145E5,2.68865E5,2.38942E5,2.31169E5,2.0784E5,2.08427E5,2.07097E5,2.03554E5,2.01896E5,2.04953E5,2.06291E5,2.06981E5,2.08644E5,2.1015E5,2.07925E5,2.0874E5,2.03311E5,1.92034E5,1.78082E5,1.64566E5,1.54008E5,1.42162E5,1.28607E5,1.18618E5,1.09349E5,1.01304E5,9.21477E4,8.39384E4,7.88345E4,8.87714E4,1.12332E5,9.10345E4,5.64032E4
522,7.13879E5,4.04831E5,4.29732E5,1.62621E6,6.37852E6,1.62786E6,4.4216E5,4.06896E5,3.75803E5,3.24532E5,2.90543E5,2.51712E5,2.33867E5,2.17558E5,2.08332E5,2.0519E5,1.97945E5,1.94688E5,1.94537E5,1.97192E5,1.96763E5,1.94871E5,1.95439E5,2.0249E5,2.0247E5,2.02025E5,1.94144E5,1.82484E5,1.71868E5,1.58243E5,1.45546E5,1.40628E5,1.27577E5,1.16865E5,1.07339E5,9.80239E4,8.98282E4,8.14859E4,7.63127E4,7.50317E4,1.04809E5,9.58625E4,6.25568E4
524,7.33014E5,4.39783E5,4.18354E5,8.66536E5,6.4083E6,2.65647E6,4.25588E5,3.81038E5,3.50715E5,3.20832E5,2.75976E5,2.42816E5,2.23099E5,2.10207E5,1.97779E5,1.94876E5,1.91227E5,1.91335E5,1.86073E5,1.86073E5,1.89267E5,1.89285E5,1.86826E5,1.93567E5,1.94528E5,1.94727E5,1.90137E5,1.78629E5,1.62359E5,1.52876E5,1.41385E5,1.32849E5,1.23495E5,1.12395E5,1.03169E5,9.42907E4,8.72066E4,7.96834E4,7.35457E4,7.14648E4,9.07384E4,1.00525E5,6.66982E4
526,7.68004E5,4.77654E5,3.94789E5,5.16465E5,5.69903E6,3.85286E6,4.38507E5,3.76714E5,3.31524E5,2.94647E5,2.57969E5,2.32694E5,2.17438E5,2.03801E5,1.92142E5,1.8986E5,1.84052E5,1.82263E5,1.81897E5,1.80146E5,1.81243E5,1.80369E5,1.8293E5,1.83898E5,1.8705E5,1.85316E5,1.79742E5,1.71747E5,1.61232E5,1.50805E5,1.36723E5,1.29167E5,1.18024E5,1.10199E5,1.01432E5,9.49566E4,8.45751E4,7.90448E4,7.0457E4,6.59307E4,7.79898E4,9.9856E4,7.67759E4
528,7.33068E5,5.25992E5,3.4977E5,4.1389E5,4.68076E6,5.29637E6,6.08648E5,3.60315E5,3.29596E5,2.93788E5,2.53107E5,2.26382E5,2.08312E5,1.95778E5,1.80474E5,1.79857E5,1.78526E5,1.75741E5,1.73381E5,1.72047E5,1.75257E5,1.74618E5,1.75378E5,1.79126E5,1.75912E5,1.79462E5,1.74764E5,1.68184E5,1.5356E5,1.42643E5,1.34657E5,1.24329E5,1.12474E5,1.06358E5,9.84476E4,9.00814E4,8.36482E4,7.6016E4,6.94174E4,6.22965E4,7.06085E4,9.26646E4,8.13559E4
530,6.91108E5,6.01318E5,3.54323E5,3.76678E5,3.32244E6,6.42384E6,1.05282E6,3.45575E5,3.21335E5,2.73977E5,2.5171E5,2.19769E5,1.97713E5,1.88721E5,1.7744E5,1.71492E5,1.70586E5,1.70917E5,1.67761E5,1.68385E5,1.65355E5,1.70044E5,1.70395E5,1.70592E5,1.71112E5,1.71662E5,1.65259E5,1.56985E5,1.47298E5,1.38746E5,1.28422E5,1.19038E5,1.09305E5,1.01337E5,9.32989E4,8.9706E4,8.05973E4,7.39503E4,6.78153E4,6.14726E4,6.07612E4,8.40263E4,8.74515E4
532,5.44109E5,6.27963E5,3.1673E5,3.89894E5,1.90143E6,6.95259E6,1.87751E6,3.34158E5,2.96098E5,2.76743E5,2.39423E5,2.11871E5,1.92617E5,1.77462E5,1.71933E5,1.66493E5,1.60975E5,1.62177E5,1.6229E5,1.62595E5,1.60948E5,1.62251E5,1.59874E5,1.67208E5,1.66551E5,1.66091E5,1.63704E5,1.52144E5,1.41447E5,1.32258E5,1.26702E5,1.1679E5,1.07585E5,9.78702E4,9.02377E4,8.60072E4,7.91258E4,7.14007E4,6.48315E4,6.0898E4,5.72546E4,7.23098E4,8.6733E4
534,5.43652E5,6.73693E5,3.68989E5,3.4421E5,9.15539E5,6.83338E6,3.08369E6,3.3131E5,2.98127E5,2.61126E5,2.37118E5,2.04452E5,1.80699E5,1.73676E5,1.67624E5,1.59611E5,1.58794E5,1.54199E5,1.54037E5,1.52638E5,1.54912E5,1.51669E5,1.53946E5,1.58825E5,1.58091E5,1.56371E5,1.53558E5,1.4689E5,1.37527E5,1.27434E5,1.19143E5,1.10887E5,1.02214E5,9.54386E4,8.89134E4,8.24609E4,7.51681E4,6.7671E4,6.25406E4,5.84672E4,5.39873E4,6.20949E4,8.21658E4
536,4.23305E5,6.99822E5,3.78938E5,3.21976E5,4.68883E5,5.94382E6,4.45645E6,3.63902E5,2.91082E5,2.52608E5,2.17319E5,1.92313E5,1.80073E5,1.66064E5,1.62727E5,1.51346E5,1.5183E5,1.49126E5,1.49184E5,1.50945E5,1.46141E5,1.49743E5,1.45384E5,1.51346E5,1.52497E5,1.51831E5,1.46116E5,1.41223E5,1.30673E5,1.19639E5,1.13797E5,1.08574E5,1.01135E5,9.19093E4,8.56419E4,8.01736E4,7.22376E4,6.73892E4,6.00476E4,5.65162E4,5.19666E4,5.4859E4,7.38427E4
538,4.07698E5,7.10372E5,4.49041E5,3.21388E5,3.43289E5,4.67839E6,6.00615E6,5.81965E5,2.73599E5,2.4044E5,2.15264E5,1.8974E5,1.70348E5,1.59962E5,1.50412E5,1.50312E5,1.49812E5,1.4289E5,1.41929E5,1.42781E5,1.37336E5,1.41806E5,1.42742E5,1.43353E5,1.45185E5,1.46183E5,1.43544E5,1.34933E5,1.25354E5,1.16916E5,1.11434E5,1.00926E5,9.50607E4,8.88675E4,8.29223E4,7.57618E4,7.1834E4,6.36975E4,5.98202E4,5.46165E4,5.10379E4,4.98044E4,6.50379E4
540,3.18689E5,6.57879E5,4.90449E5,3.02962E5,3.4346E5,3.12382E6,7.27902E6,1.12906E6,2.57081E5,2.40351E5,2.02567E5,1.83105E5,1.62424E5,1.54133E5,1.4538E5,1.41954E5,1.38817E5,1.33487E5,1.3605E5,1.33369E5,1.34824E5,1.3582E5,1.36486E5,1.332E5,1.36968E5,1.37553E5,1.3712E5,1.28294E5,1.19368E5,1.11283E5,1.05845E5,9.88227E4,9.18851E4,8.57806E4,7.8941E4,7.34302E4,6.95508E4,6.1576E4,5.75649E4,5.45724E4,4.83521E4,4.56455E4,5.39985E4
542,2.88253E5,6.13187E5,5.59107E5,3.00682E5,3.08129E5,1.72784E6,7.75482E6,2.11609E6,2.61933E5,2.32712E5,1.99088E5,1.74152E5,1.5492E5,1.46852E5,1.38964E5,1.37461E5,1.35443E5,1.29035E5,1.29829E5,1.28172E5,1.30312E5,1.29181E5,1.28019E5,1.3369E5,1.3217E5,1.32457E5,1.28186E5,1.23046E5,1.1422E5,1.06895E5,1.00664E5,9.37957E4,8.84022E4,8.25249E4,7.68773E4,7.22361E4,6.5191E4,6.1355E4,5.68891E4,5.22434E4,4.80551E4,4.42033E4,4.81552E4
544,2.8015E5,5.55179E5,6.20783E5,3.0618E5,2.92375E5,8.28443E5,7.30767E6,3.55348E6,2.62906E5,2.16275E5,1.87792E5,1.69422E5,1.52944E5,1.43615E5,1.35003E5,1.29825E5,1.30872E5,1.28803E5,1.20218E5,1.23118E5,1.22708E5,1.22202E5,1.24792E5,1.24242E5,1.28849E5,1.2947E5,1.2244E5,1.17272E5,1.1013E5,1.04015E5,9.64804E4,8.965E4,8.3462E4,7.93615E4,7.52202E4,6.7737E4,6.41614E4,5.98265E4,5.34272E4,4.90752E4,4.52364E4,4.26572E4,4.10645E4
546,2.77873E5,4.70001E5,6.6394E5,3.21588E5,2.92301E5,4.09133E5,6.21501E6,5.19861E6,3.23505E5,2.11986E5,1.78791E5,1.59351E5,1.4784E5,1.33226E5,1.28005E5,1.25194E5,1.21621E5,1.18364E5,1.19034E5,1.18304E5,1.1835E5,1.16756E5,1.19335E5,1.20503E5,1.23236E5,1.2162E5,1.20104E5,1.13408E5,1.04283E5,1.00948E5,9.13407E4,8.74543E4,8.15336E4,7.55981E4,7.17492E4,6.66992E4,6.21146E4,5.73118E4,5.25962E4,4.81763E4,4.31193E4,4.13907E4,3.97689E4
548,2.53049E5,3.53405E5,6.98524E5,3.65297E5,2.69582E5,3.28171E5,4.71375E6,6.81184E6,6.30922E5,2.05121E5,1.80093E5,1.51627E5,1.3615E5,1.32715E5,1.21973E5,1.20615E5,1.19442E5,1.14075E5,1.1305E5,1.16243E5,1.13867E5,1.13912E5,1.13843E5,1.12391E5,1.16243E5,1.16696E5,1.14152E5,1.07152E5,1.01783E5,9.18439E4,8.91992E4,8.50721E4,8.06558E4,7.17103E4,6.9814E4,6.37735E4,5.81351E4,5.39954E4,5.00704E4,4.57611E4,4.06338E4,3.89592E4,3.64394E4
550,2.36659E5,3.01538E5,6.94422E5,3.78192E5,2.5396E5,2.7682E5,3.093E6,8.0172E6,1.24964E6,1.94474E5,1.66876E5,1.48464E5,1.34282E5,1.25461E5,1.21633E5,1.116E5,1.13727E5,1.08493E5,1.08926E5,1.09121E5,1.08106E5,1.05969E5,1.08183E5,1.1171E5,1.09027E5,1.09355E5,1.08793E5,1.03517E5,9.4552E4,8.78146E4,8.49145E4,8.16789E4,7.41035E4,7.11665E4,6.59879E4,5.99544E4,5.61374E4,5.12562E4,4.92096E4,4.54805E4,4.07895E4,3.83246E4,3.47913E4
552,2.16401E5,2.7377E5,6.71778E5,4.5815E5,2.62688E5,2.61952E5,1.69375E6,8.50129E6,2.36377E6,1.90963E5,1.58354E5,1.41658E5,1.3096E5,1.23534E5,1.16386E5,1.06861E5,1.04827E5,1.04159E5,1.05893E5,1.04815E5,1.02382E5,1.03599E5,1.00284E5,1.04884E5,1.06408E5,1.06186E5,1.02049E5,9.65E4,8.99025E4,8.68228E4,8.18137E4,7.58033E4,7.32145E4,6.84682E4,6.16104E4,5.93862E4,5.45484E4,5.09651E4,4.84126E4,4.25975E4,3.95738E4,3.69795E4,3.33744E4
554,2.35709E5,2.12071E5,5.42494E5,5.55058E5,2.56492E5,2.44307E5,7.47258E5,7.89531E6,3.76286E6,1.93537E5,1.59022E5,1.39514E5,1.28882E5,1.15778E5,1.08363E5,1.05909E5,1.01554E5,1.00634E5,9.86134E4,9.97063E4,9.83098E4,1.01332E5,9.71549E4,1.00428E5,9.96564E4,9.9382E4,9.72719E4,9.14752E4,8.96262E4,8.18027E4,7.8538E4,7.17878E4,6.99002E4,6.39166E4,5.90444E4,5.64439E4,5.33547E4,4.88122E4,4.49161E4,4.11858E4,3.74673E4,3.603E4,3.24993E4
556,2.31234E5,1.95873E5,5.01728E5,5.74494E5,2.49145E5,2.29809E5,3.57404E5,6.79377E6,5.36566E6,2.73159E5,1.53439E5,1.35027E5,1.20384E5,1.09956E5,1.03511E5,9.98899E4,9.77571E4,9.59416E4,9.49096E4,9.12152E4,9.33279E4,9.5294E4,9.59838E4,9.41706E4,9.94043E4,9.54688E4,9.33486E4,9.10564E4,8.54346E4,7.99E4,7.60685E4,7.21638E4,6.50585E4,6.25312E4,5.87847E4,5.44212E4,5.04695E4,4.52683E4,4.33691E4,4.03129E4,3.82199E4,3.40539E4,3.1726E4
558,2.224E5,2.02636E5,4.1233E5,6.61798E5,2.6676E5,2.25982E5,2.52735E5,5.00416E6,6.98743E6,5.88506E5,1.47809E5,1.25539E5,1.18273E5,1.06095E5,1.01038E5,9.89476E4,9.2679E4,9.13988E4,9.41771E4,8.90644E4,9.07529E4,9.0072E4,9.04561E4,9.00403E4,9.15671E4,9.36044E4,8.9961E4,8.6642E4,8.10859E4,7.56455E4,7.15955E4,6.71048E4,6.14529E4,5.81738E4,5.66538E4,5.27269E4,4.79309E4,4.5559E4,4.32608E4,3.8977E4,3.4715E4,3.26474E4,3.01354E4
560,2.19818E5,1.81818E5,3.24797E5,7.06202E5,3.02168E5,2.14131E5,2.31224E5,3.27326E6,8.1004E6,1.26163E6,1.42808E5,1.2432E5,1.11222E5,1.01824E5,9.56143E4,9.09938E4,8.96344E4,8.753E4,8.48396E4,8.67294E4,8.54186E4,8.66418E4,8.71313E4,8.84628E4,8.91614E4,8.74808E4,8.58112E4,8.24459E4,7.73036E4,7.26417E4,6.82876E4,6.47913E4,6.08459E4,5.69794E4,5.33942E4,5.04989E4,4.5377E4,4.41304E4,4.07143E4,3.73333E4,3.4686E4,3.11671E4,2.89329E4
562,1.95072E5,1.63884E5,2.59472E5,6.92759E5,3.66374E5,2.03304E5,2.26866E5,1.8186E6,8.44074E6,2.39351E6,1.40438E5,1.18891E5,1.04365E5,9.40498E4,9.23251E4,8.66708E4,8.85623E4,8.38464E4,7.87843E4,8.04484E4,8.25961E4,8.14679E4,8.26262E4,8.3362E4,8.49423E4,8.47857E4,8.15677E4,7.92783E4,7.32869E4,6.85617E4,6.77288E4,6.21084E4,5.77316E4,5.57318E4,4.96645E4,4.86484E4,4.55573E4,4.13539E4,3.8629E4,3.45674E4,3.28329E4,3.09585E4,2.82345E4
564,1.92549E5,1.72127E5,2.191E5,6.5638E5,4.3338E5,2.02186E5,2.13839E5,7.6343E5,7.79453E6,3.78865E6,1.44592E5,1.12403E5,1.0226E5,9.26922E4,9.01554E4,8.58828E4,8.24891E4,8.26143E4,7.79758E4,7.84693E4,7.76878E4,8.19735E4,7.82683E4,7.99333E4,8.18346E4,8.04954E4,7.95176E4,7.29292E4,7.00572E4,6.45876E4,6.06307E4,5.96E4,5.50358E4,5.20217E4,4.86029E4,4.45915E4,4.2941E4,3.86208E4,3.71128E4,3.47886E4,3.29161E4,2.85185E4,2.6815E4
566,1.75319E5,1.82994E5,1.80584E5,5.65399E5,5.101E5,1.97983E5,1.94072E5,3.23658E5,6.48449E6,5.30879E6,2.13244E5,1.04367E5,1.00542E5,9.02385E4,8.50609E4,7.71618E4,7.95677E4,7.40604E4,7.49565E4,7.25786E4,7.62793E4,7.38756E4,7.51442E4,7.46538E4,7.62991E4,7.84459E4,7.3336E4,7.26105E4,6.6381E4,6.30815E4,6.00492E4,5.62915E4,5.31094E4,5.0946E4,4.6247E4,4.50738E4,4.16267E4,3.80472E4,3.5845E4,3.36397E4,3.08945E4,2.74215E4,2.59975E4
568,1.96011E5,1.68834E5,1.67117E5,4.75951E5,5.92448E5,2.14299E5,2.01626E5,2.23372E5,4.78593E6,6.7572E6,4.91542E5,1.05924E5,9.30613E4,8.43581E4,7.94891E4,7.71987E4,7.7645E4,7.55287E4,7.49761E4,7.20271E4,7.07244E4,7.1918E4,7.11379E4,7.19025E4,7.1621E4,7.17886E4,7.05692E4,6.68635E4,6.34006E4,6.05828E4,5.69424E4,5.36569E4,5.06355E4,4.81645E4,4.41012E4,4.14044E4,3.95116E4,3.60017E4,3.46795E4,3.26748E4,3.01849E4,2.74524E4,2.54857E4
570,1.52811E5,1.43535E5,1.52857E5,4.01176E5,6.34735E5,2.29408E5,1.89519E5,1.90107E5,2.98752E6,7.72458E6,1.14138E6,1.03502E5,8.76739E4,8.2429E4,7.73795E4,7.42057E4,7.14268E4,6.92859E4,6.89062E4,7.03207E4,6.92013E4,6.75638E4,6.8043E4,6.98402E4,6.90579E4,6.87508E4,6.93606E4,6.4257E4,6.24292E4,5.7664E4,5.27976E4,5.14002E4,4.91997E4,4.59631E4,4.23725E4,4.07906E4,3.71054E4,3.42485E4,3.31167E4,3.03421E4,2.83702E4,2.61608E4,2.3667E4
572,1.50513E5,1.66338E5,1.54725E5,3.03751E5,6.49762E5,2.71792E5,1.79944E5,1.85472E5,1.52745E6,7.76202E6,2.13925E6,9.92402E4,8.45755E4,7.76709E4,7.20316E4,7.3432E4,6.79686E4,6.69463E4,6.57808E4,6.61637E4,6.66937E4,6.55433E4,6.47343E4,6.57339E4,6.81019E4,6.57046E4,6.50252E4,6.38264E4,5.82402E4,5.45502E4,5.27423E4,4.92742E4,4.61844E4,4.2972E4,4.07114E4,3.81009E4,3.54918E4,3.33767E4,3.02316E4,2.91698E4,2.7114E4,2.57739E4,2.34943E4
574,1.55983E5,1.38589E5,1.33339E5,2.32337E5,6.49279E5,3.15091E5,1.71972E5,1.76345E5,5.9459E5,6.98755E6,3.47803E6,1.08198E5,8.26984E4,7.43276E4,7.0354E4,6.79056E4,6.65077E4,6.46218E4,6.31405E4,6.31535E4,6.13806E4,6.26456E4,5.98883E4,6.11374E4,6.30844E4,6.28109E4,6.2927E4,5.92412E4,5.5548E4,5.1575E4,4.98584E4,4.92227E4,4.37266E4,4.23073E4,3.82599E4,3.72898E4,3.40623E4,3.18197E4,3.02892E4,2.79163E4,2.71427E4,2.45675E4,2.23412E4
576,1.33349E5,1.39412E5,1.37677E5,1.9106E5,6.31239E5,4.11538E5,1.793E5,1.65748E5,2.47964E5,5.66942E6,5.07602E6,1.99119E5,7.89977E4,7.43146E4,6.94257E4,6.52211E4,6.37542E4,6.05256E4,6.0929E4,5.68103E4,6.05742E4,5.83052E4,5.85323E4,6.04239E4,5.99136E4,6.08527E4,5.83027E4,5.65358E4,5.13769E4,4.96044E4,4.77586E4,4.49645E4,4.19201E4,3.89802E4,3.7925E4,3.45411E4,3.20503E4,3.0473E4,2.77031E4,2.68808E4,2.47261E4,2.36075E4,2.13602E4
578,1.74299E5,1.28821E5,1.37622E5,1.46738E5,5.4782E5,4.86294E5,1.76672E5,1.7227E5,1.68687E5,4.1238E6,6.53207E6,5.2136E5,7.69629E4,7.15939E4,6.67483E4,6.44024E4,5.99011E4,5.94381E4,5.74364E4,5.76681E4,5.66118E4,5.62719E4,5.66746E4,5.61376E4,5.6792E4,5.73847E4,5.60274E4,5.42997E4,4.97017E4,4.63198E4,4.55944E4,4.38E4,4.12752E4,3.73259E4,3.5491E4,3.33297E4,3.18293E4,2.98569E4,2.74106E4,2.56052E4,2.38364E4,2.20323E4,2.02728E4
580,1.45869E5,1.3252E5,1.14701E5,1.42977E5,4.67476E5,5.57332E5,1.82733E5,1.59942E5,1.6237E5,2.54131E6,7.5783E6,1.24524E6,7.894E4,6.80334E4,6.22254E4,5.95087E4,5.60193E4,5.64351E4,5.50914E4,5.4281E4,5.48952E4,5.48826E4,5.43665E4,5.24971E4,5.39451E4,5.48809E4,5.44223E4,5.1571E4,4.77874E4,4.74615E4,4.17609E4,4.09922E4,3.88668E4,3.62256E4,3.33627E4,3.24653E4,2.90285E4,2.75881E4,2.53762E4,2.3611E4,2.26466E4,2.13918E4,1.96799E4
582,1.48182E5,1.33005E5,1.22991E5,1.32205E5,3.74307E5,6.26237E5,2.20039E5,1.56605E5,1.47123E5,1.25804E6,7.79998E6,2.35981E6,7.38306E4,6.74161E4,5.93308E4,5.47543E4,5.46774E4,5.49676E4,5.3026E4,5.0808E4,5.17591E4,5.03065E4,5.07334E4,5.07625E4,5.14851E4,5.07197E4,5.19856E4,4.81804E4,4.44724E4,4.1469E4,4.0123E4,3.79776E4,3.77725E4,3.50714E4,3.02523E4,3.05046E4,2.82409E4,2.6005E4,2.60418E4,2.37652E4,2.10054E4,2.03317E4,1.86571E4
584,1.45786E5,1.10981E5,1.22619E5,1.30777E5,2.78362E5,6.4722E5,2.55664E5,1.54918E5,1.54027E5,4.92622E5,7.01243E6,3.67568E6,8.15529E4,6.21796E4,6.02621E4,5.50083E4,5.37444E4,5.14989E4,4.69509E4,4.83728E4,4.78362E4,4.69639E4,4.82371E4,4.74489E4,4.97468E4,4.97891E4,4.86142E4,4.71294E4,4.28739E4,3.95208E4,4.00936E4,3.67207E4,3.36474E4,3.3137E4,3.1667E4,2.91603E4,2.70014E4,2.49188E4,2.52491E4,2.1344E4,1.96451E4,1.97738E4,1.81172E4
586,1.24089E5,1.36919E5,1.09934E5,1.18704E5,2.14794E5,6.53117E5,3.44804E5,1.4366E5,1.3687E5,1.97843E5,5.66653E6,4.97514E6,1.52452E5,5.87285E4,5.58798E4,5.04301E4,4.97196E4,4.95746E4,4.92349E4,4.7941E4,4.44797E4,4.7152E4,4.72874E4,4.65844E4,4.77181E4,4.65928E4,4.61105E4,4.18669E4,4.14196E4,3.86623E4,3.71277E4,3.54145E4,3.33674E4,3.15855E4,2.87854E4,2.83328E4,2.62619E4,2.49946E4,2.32377E4,2.1649E4,1.97785E4,1.88233E4,1.69305E4
588,1.40059E5,1.26925E5,1.21037E5,1.11665E5,1.6857E5,5.99418E5,4.00767E5,1.45969E5,1.39924E5,1.41891E5,4.05849E6,6.24687E6,4.42567E5,5.94937E4,5.3786E4,5.24414E4,5E4,4.58633E4,4.45549E4,4.48559E4,4.37434E4,4.53566E4,4.26674E4,4.53026E4,4.40289E4,4.36177E4,4.53328E4,4.25276E4,3.90428E4,3.54973E4,3.44216E4,3.36882E4,3.09683E4,2.98526E4,2.8397E4,2.59826E4,2.47119E4,2.40598E4,2.15988E4,2.0729E4,1.94134E4,1.79358E4,1.63557E4
590,1.36628E5,1.28607E5,1.16316E5,1.20138E5,1.43928E5,5.29228E5,4.96461E5,1.55628E5,1.42973E5,1.30529E5,2.46811E6,6.9137E6,1.10179E6,5.85405E4,5.14616E4,4.8189E4,4.63217E4,4.4385E4,4.32825E4,4.32453E4,4.17629E4,4.13028E4,4.23244E4,4.21757E4,4.199E4,4.16509E4,4.26847E4,3.82406E4,3.70931E4,3.50158E4,3.3239E4,3.14044E4,3.02532E4,2.84047E4,2.70116E4,2.62067E4,2.42402E4,2.16128E4,2.09106E4,1.9835E4,1.80917E4,1.75919E4,1.60212E4
592,1.12718E5,1.10831E5,1.04365E5,1.09094E5,1.1994E5,4.45321E5,5.52023E5,1.78435E5,1.34634E5,1.22269E5,1.1363E6,6.74072E6,2.09138E6,5.87285E4,5.11308E4,4.4777E4,4.37484E4,4.11423E4,4.19134E4,4.03624E4,4.10375E4,4.03971E4,3.92539E4,3.98964E4,4.15168E4,3.93095E4,3.94254E4,3.71335E4,3.66456E4,3.35153E4,3.19429E4,2.99279E4,2.95775E4,2.6379E4,2.48266E4,2.55021E4,2.18643E4,2.09254E4,1.97336E4,1.90783E4,1.75003E4,1.71434E4,1.48418E4
594,1.35381E5,1.04789E5,1.07232E5,1.0417E5,1.11031E5,3.61562E5,6.24552E5,2.12857E5,1.33882E5,1.18066E5,3.91406E5,5.83087E6,3.3107E6,6.42998E4,4.80193E4,4.39753E4,4.11112E4,4.09787E4,3.87956E4,3.9809E4,3.71575E4,3.80816E4,3.8523E4,3.7419E4,4.01878E4,3.72277E4,3.89296E4,3.62492E4,3.4068E4,3.20174E4,3.02594E4,2.89636E4,2.73842E4,2.57564E4,2.33377E4,2.3606E4,2.13027E4,1.95426E4,1.80303E4,1.75619E4,1.57362E4,1.52342E4,1.4394E4
596,1.24089E5,1.004E5,1.05952E5,1.12529E5,1.14818E5,2.706E5,6.48878E5,2.48537E5,1.2785E5,1.14522E5,1.41107E5,4.52106E6,4.68847E6,1.40617E5,4.81433E4,4.44099E4,4.13012E4,3.8129E4,3.80467E4,3.62848E4,3.56087E4,3.66444E4,3.54806E4,3.65108E4,3.49261E4,3.56234E4,3.51486E4,3.32547E4,3.16893E4,3.04923E4,2.85222E4,2.66034E4,2.60815E4,2.44306E4,2.31921E4,2.14061E4,2.11526E4,1.97618E4,1.80833E4,1.64553E4,1.54545E4,1.47428E4,1.37104E4
598,1.14903E5,1.14709E5,1.03048E5,9.85111E4,1.12283E5,2.03532E5,6.08998E5,3.24075E5,1.29499E5,1.12462E5,1.07241E5,3.11218E6,5.8073E6,4.34841E5,4.56956E4,4.28463E4,3.84713E4,3.63615E4,3.67257E4,3.42952E4,3.47261E4,3.46779E4,3.39602E4,3.46348E4,3.48556E4,3.3928E4,3.40975E4,3.17281E4,3.02753E4,2.80575E4,2.80546E4,2.51744E4,2.38506E4,2.46544E4,2.13476E4,2.11E4,1.93741E4,1.80863E4,1.72276E4,1.66649E4,1.54915E4,1.43313E4,1.19068E4
600,1.03527E5,9.55787E4,1.0757E5,9.7935E4,1.10373E5,1.6626E5,5.73462E5,4.09867E5,1.32899E5,1.18058E5,9.65167E4,1.7745E6,6.4882E6,1.05816E6,4.36624E4,4.27063E4,3.61119E4,3.55116E4,3.40516E4,3.37413E4,3.28741E4,3.2531E4,3.35713E4,3.28393E4,3.26419E4,3.3585E4,3.17243E4,3.12192E4,2.94591E4,2.73448E4,2.60608E4,2.43621E4,2.3325E4,2.11284E4,2.05549E4,1.93772E4,1.86573E4,1.80204E4,1.6078E4,1.53911E4,1.45272E4,1.31034E4,1.22404E4
