,MilliQ,PonyLake,A(CDOM),a(CDOM),ln(a),Sr,SuwanneeRiver,A(CDOM),a(CDOM),ln(a),Sr,F13Jun19_SurfR1,A(CDOM),a(CDOM),ln(a),Sr,F13Jun19_9R1,A(CDOM),a(CDOM),ln(a),Sr
190,0.002,0.505,0.503,115.8409,4.752217698,3.243977443,0.382,0.38,87.514,4.471798781,3.478593289,0.308,0.306,70.4718,4.25521263,2.488803896,0.184,0.182,41.9146,3.735634215,1.878041959
191,0.002,0.502,0.5,115.15,4.746235626,1.870652302,0.383,0.381,87.7443,4.474426903,2.022575734,0.292,0.29,66.787,4.201508451,1.446445835,0.17,0.168,38.6904,3.655591507,1.075142024
192,0.002,0.498,0.496,114.2288,4.738203455,1.734142385,0.383,0.381,87.7443,4.474426903,1.719882836,0.278,0.276,63.5628,4.152028394,1.720634009,0.158,0.156,35.9268,3.581483535,1.746784999
193,0.002,0.492,0.49,112.847,4.726032919,,0.382,0.38,87.514,4.471798781,,0.263,0.261,60.1083,4.096147935,,0.145,0.143,32.9329,3.494472158,
194,0.001,0.483,0.482,111.0046,4.709571642,,0.381,0.38,87.514,4.471798781,,0.249,0.248,57.1144,4.045056274,,0.133,0.132,30.3996,3.41442945,
195,0.001,0.475,0.474,109.1622,4.69283485,,0.381,0.38,87.514,4.471798781,,0.237,0.236,54.3508,3.995459333,,0.124,0.123,28.3269,3.343811883,
196,0.002,0.465,0.463,106.6289,4.669354582,,0.381,0.379,87.2837,4.469163733,,0.226,0.224,51.5872,3.94327358,,0.116,0.114,26.2542,3.267825976,
197,0.002,0.456,0.454,104.5562,4.649724726,,0.38,0.378,87.0534,4.466521723,,0.216,0.214,49.2842,3.897603543,,0.108,0.106,24.4118,3.195066622,
198,0.001,0.446,0.445,102.4835,4.62970181,,0.38,0.379,87.2837,4.469163733,,0.206,0.205,47.2115,3.854637507,,0.102,0.101,23.2603,3.146748045,
199,0.001,0.436,0.435,100.1805,4.606973559,,0.379,0.378,87.0534,4.466521723,,0.197,0.196,45.1388,3.809742187,,0.097,0.096,22.1088,3.095975719,
200,0.001,0.426,0.425,97.8775,4.583716697,,0.379,0.378,87.0534,4.466521723,,0.189,0.188,43.2964,3.768069491,,0.093,0.092,21.1876,3.053416105,
201,0,0.415,0.415,95.5745,4.559906048,,0.378,0.378,87.0534,4.466521723,,0.182,0.182,41.9146,3.735634215,,0.088,0.088,20.2664,3.008964342,
202,0,0.404,0.404,93.0412,4.533042406,,0.377,0.377,86.8231,4.463872715,,0.174,0.174,40.0722,3.690682827,,0.084,0.084,19.3452,2.962444327,
203,0.001,0.395,0.394,90.7382,4.507978437,,0.377,0.376,86.5928,4.461216671,,0.169,0.168,38.6904,3.655591507,,0.081,0.08,18.424,2.913654163,
204,0.001,0.384,0.383,88.2049,4.479662517,,0.376,0.375,86.3625,4.458553554,,0.163,0.162,37.3086,3.619223863,,0.079,0.078,17.9634,2.888336355,
205,0,0.374,0.374,86.1322,4.455883325,,0.375,0.375,86.3625,4.458553554,,0.157,0.157,36.1571,3.587873333,,0.076,0.076,17.5028,2.862360868,
206,0,0.365,0.365,84.0595,4.431524881,,0.373,0.373,85.9019,4.453205947,,0.152,0.152,35.0056,3.555508049,,0.073,0.073,16.8119,2.822086969,
207,0,0.356,0.356,81.9868,4.406558259,,0.372,0.372,85.6716,4.450521382,,0.147,0.147,33.8541,3.522060115,,0.072,0.072,16.5816,2.808293647,
208,0,0.348,0.348,80.1444,4.383830008,,0.37,0.37,85.211,4.445130533,,0.143,0.143,32.9329,3.494472158,,0.07,0.07,16.121,2.78012277,
209,0,0.34,0.34,78.302,4.360573145,,0.367,0.367,84.5201,4.436989376,,0.139,0.139,32.0117,3.466101461,,0.068,0.068,15.6604,2.751135233,
210,0,0.332,0.332,76.4596,4.336762497,,0.365,0.365,84.0595,4.431524881,,0.135,0.135,31.0905,3.436902306,,0.066,0.066,15.1998,2.72128227,
211,0,0.325,0.325,74.8475,4.31545271,,0.362,0.362,83.3686,4.42327174,,0.132,0.132,30.3996,3.41442945,,0.065,0.065,14.9695,2.706014798,
212,0,0.317,0.317,73.0051,4.290529302,,0.358,0.358,82.4474,4.412160514,,0.128,0.128,29.4784,3.383657792,,0.064,0.064,14.7392,2.690510611,
213,0,0.31,0.31,71.393,4.268199825,,0.355,0.355,81.7565,4.403745317,,0.125,0.125,28.7875,3.359941265,,0.063,0.063,14.5089,2.674762254,
214,0,0.303,0.303,69.7809,4.245360333,,0.351,0.351,80.8353,4.392413751,,0.122,0.122,28.0966,3.335648573,,0.061,0.061,14.0483,2.642501392,
215,0,0.297,0.297,68.3991,4.225359667,,0.347,0.347,79.9141,4.380952308,,0.119,0.119,27.4057,3.310751021,,0.06,0.06,13.818,2.62597209,
216,0,0.29,0.29,66.787,4.201508451,,0.343,0.343,78.9929,4.369357975,,0.117,0.117,26.9451,3.293801463,,0.059,0.059,13.5877,2.609164972,
217,0,0.284,0.284,65.4052,4.180601766,,0.338,0.338,77.8414,4.354673423,,0.114,0.114,26.2542,3.267825976,,0.058,0.058,13.3574,2.592070538,
218,0,0.279,0.279,64.2537,4.16283931,,0.334,0.334,76.9202,4.342768521,,0.111,0.111,25.5633,3.241157729,,0.057,0.057,13.1271,2.574678796,
219,0,0.273,0.273,62.8719,4.141099323,,0.329,0.329,75.7687,4.327685279,,0.109,0.109,25.1027,3.22297541,,0.056,0.056,12.8968,2.556979219,
220,0,0.268,0.268,61.7204,4.122614508,,0.325,0.325,74.8475,4.31545271,,0.107,0.107,24.6421,3.204456362,,0.055,0.055,12.6665,2.538960713,
221,0,0.263,0.263,60.5689,4.10378156,,0.321,0.321,73.9263,4.303068651,,0.106,0.106,24.4118,3.195066622,,0.054,0.054,12.4362,2.520611574,
222,0,0.258,0.258,59.4174,4.084587113,,0.317,0.317,73.0051,4.290529302,,0.104,0.104,23.9512,3.176018427,,0.053,0.053,12.2059,2.501919441,
223,0,0.253,0.253,58.2659,4.065017017,,0.313,0.313,72.0839,4.277830718,,0.102,0.102,23.4906,3.156600341,,0.053,0.053,12.2059,2.501919441,
224,0,0.248,0.248,57.1144,4.045056274,,0.308,0.308,70.9324,4.261727311,,0.1,0.1,23.03,3.136797714,,0.052,0.052,11.9756,2.482871246,
225,0,0.244,0.244,56.1932,4.028795753,,0.304,0.304,70.0112,4.248655229,,0.098,0.098,22.5694,3.116595007,,0.051,0.051,11.7453,2.463453161,
226,0,0.24,0.24,55.272,4.012266451,,0.299,0.299,68.8597,4.232071101,,0.097,0.097,22.3391,3.106338506,,0.051,0.051,11.7453,2.463453161,
227,0,0.235,0.235,54.1205,3.991213042,,0.295,0.295,67.9385,4.218602884,,0.095,0.095,21.8785,3.085504419,,0.05,0.05,11.515,2.443650533,
228,0,0.231,0.231,53.1993,3.974045238,,0.291,0.291,67.0173,4.204950795,,0.094,0.094,21.6482,3.07492231,,0.049,0.049,11.2847,2.423447826,
229,0,0.227,0.227,52.2781,3.956577545,,0.286,0.286,65.8658,4.187619339,,0.092,0.092,21.1876,3.053416105,,0.049,0.049,11.2847,2.423447826,
230,0,0.223,0.223,51.3569,3.938799299,,0.282,0.282,64.9446,4.173534599,,0.09,0.09,20.727,3.031437198,,0.048,0.048,11.0544,2.402828539,
231,0,0.219,0.219,50.4357,3.920699258,,0.277,0.277,63.7931,4.155645034,,0.089,0.089,20.4967,3.020263898,,0.047,0.047,10.8241,2.38177513,
232,0,0.215,0.215,49.5145,3.902265556,,0.273,0.273,62.8719,4.141099323,,0.087,0.087,20.0361,2.997535646,,0.047,0.047,10.8241,2.38177513,
233,0,0.211,0.211,48.5933,3.883485661,,0.268,0.268,61.7204,4.122614508,,0.086,0.086,19.8058,2.985974824,,0.046,0.046,10.5938,2.360268924,
234,0,0.208,0.208,47.9024,3.869165608,,0.264,0.264,60.7992,4.107576631,,0.085,0.085,19.5755,2.974278784,,0.046,0.046,10.5938,2.360268924,
235,0,0.204,0.204,46.9812,3.849747522,,0.259,0.259,59.6477,4.08845559,,0.083,0.083,19.1149,2.950468136,,0.045,0.045,10.3635,2.338290018,
236,0,0.201,0.201,46.2903,3.834932436,,0.255,0.255,58.7265,4.072891073,,0.082,0.082,18.8846,2.938346775,,0.044,0.044,10.1332,2.315817162,
237,0,0.197,0.197,45.3691,3.814831257,,0.251,0.251,57.8053,4.057080467,,0.081,0.081,18.6543,2.926076683,,0.044,0.044,10.1332,2.315817162,
238,0,0.194,0.194,44.6782,3.799485687,,0.247,0.247,56.8841,4.041015864,,0.08,0.08,18.424,2.913654163,,0.043,0.043,9.9029,2.292827644,
239,0,0.191,0.191,43.9873,3.783900956,,0.243,0.243,55.9629,4.024688971,,0.078,0.078,17.9634,2.888336355,,0.043,0.043,9.9029,2.292827644,
240,0,0.188,0.188,43.2964,3.768069491,,0.239,0.239,55.0417,4.00809108,,0.077,0.077,17.7331,2.87543295,,0.042,0.042,9.6726,2.269297146,
241,0,0.185,0.185,42.6055,3.751983353,,0.235,0.235,54.1205,3.991213042,,0.077,0.077,17.7331,2.87543295,,0.042,0.042,9.6726,2.269297146,
242,0,0.182,0.182,41.9146,3.735634215,,0.232,0.232,53.4296,3.9783649,,0.076,0.076,17.5028,2.862360868,,0.042,0.042,9.6726,2.269297146,
243,0,0.18,0.18,41.454,3.724584379,,0.229,0.229,52.7387,3.965349531,,0.075,0.075,17.2725,2.849115641,,0.041,0.041,9.4423,2.245199595,
244,0,0.177,0.177,40.7631,3.70777726,,0.226,0.226,52.0478,3.952162527,,0.074,0.074,17.0422,2.835692621,,0.041,0.041,9.4423,2.245199595,
245,0,0.175,0.175,40.3025,3.696413502,,0.223,0.223,51.3569,3.938799299,,0.073,0.073,16.8119,2.822086969,,0.04,0.04,9.212,2.220506982,
246,0,0.173,0.173,39.8419,3.684919122,,0.22,0.22,50.666,3.925255074,,0.073,0.073,16.8119,2.822086969,,0.04,0.04,9.212,2.220506982,
247,0,0.17,0.17,39.151,3.667425965,,0.217,0.217,49.9751,3.911524881,,0.072,0.072,16.5816,2.808293647,,0.04,0.04,9.212,2.220506982,
248,0,0.168,0.168,38.6904,3.655591507,,0.215,0.215,49.5145,3.902265556,,0.071,0.071,16.3513,2.794307405,,0.039,0.039,8.9817,2.195189174,
249,0,0.166,0.166,38.2298,3.643615316,,0.213,0.213,49.0539,3.892919694,,0.071,0.071,16.3513,2.794307405,,0.039,0.039,8.9817,2.195189174,
250,0,0.164,0.164,37.7692,3.631493956,,0.211,0.211,48.5933,3.883485661,,0.07,0.07,16.121,2.78012277,,0.039,0.039,8.9817,2.195189174,
251,0,0.162,0.162,37.3086,3.619223863,,0.209,0.209,48.1327,3.87396178,,0.07,0.07,16.121,2.78012277,,0.038,0.038,8.7514,2.169213688,
252,0,0.16,0.16,36.848,3.606801343,,0.207,0.207,47.6721,3.864346321,,0.07,0.07,16.121,2.78012277,,0.038,0.038,8.7514,2.169213688,
253,0,0.158,0.158,36.3874,3.594222561,,0.205,0.205,47.2115,3.854637507,,0.069,0.069,15.8907,2.765734032,,0.038,0.038,8.7514,2.169213688,
254,0,0.155,0.155,35.6965,3.575052645,,0.203,0.203,46.7509,3.844833507,,0.068,0.068,15.6604,2.751135233,,0.038,0.038,8.7514,2.169213688,
255,0,0.153,0.153,35.2359,3.562065449,,0.201,0.201,46.2903,3.834932436,,0.068,0.068,15.6604,2.751135233,,0.038,0.038,8.7514,2.169213688,
256,0,0.152,0.152,35.0056,3.555508049,,0.2,0.2,46.06,3.829944894,,0.068,0.068,15.6604,2.751135233,,0.037,0.037,8.5211,2.14254544,
257,0,0.15,0.15,34.545,3.542262822,,0.198,0.198,45.5994,3.819894559,,0.067,0.067,15.4301,2.736320147,,0.037,0.037,8.5211,2.14254544,
258,0,0.148,0.148,34.0844,3.528839802,,0.196,0.196,45.1388,3.809742187,,0.066,0.066,15.1998,2.72128227,,0.037,0.037,8.5211,2.14254544,
259,0,0.146,0.146,33.6238,3.51523415,,0.194,0.194,44.6782,3.799485687,,0.066,0.066,15.1998,2.72128227,,0.036,0.036,8.2908,2.115146466,
260,0,0.145,0.145,33.3935,3.50836127,,0.193,0.193,44.4479,3.794317717,,0.066,0.066,15.1998,2.72128227,,0.036,0.036,8.2908,2.115146466,
261,0,0.143,0.143,32.9329,3.494472158,,0.191,0.191,43.9873,3.783900956,,0.065,0.065,14.9695,2.706014798,,0.036,0.036,8.2908,2.115146466,
262,0,0.142,0.142,32.7026,3.487454585,,0.189,0.189,43.5267,3.773374543,,0.065,0.065,14.9695,2.706014798,,0.036,0.036,8.2908,2.115146466,
263,0,0.14,0.14,32.242,3.47326995,,0.187,0.187,43.0661,3.762736145,,0.064,0.064,14.7392,2.690510611,,0.035,0.035,8.0605,2.086975589,
264,0,0.138,0.138,31.7814,3.458881213,,0.185,0.185,42.6055,3.751983353,,0.064,0.064,14.7392,2.690510611,,0.035,0.035,8.0605,2.086975589,
265,0,0.137,0.137,31.5511,3.451608454,,0.183,0.183,42.1449,3.741113681,,0.064,0.064,14.7392,2.690510611,,0.035,0.035,8.0605,2.086975589,
266,0,0.136,0.136,31.3208,3.444282414,,0.181,0.181,41.6843,3.730124559,,0.063,0.063,14.5089,2.674762254,,0.034,0.034,7.8302,2.057988052,
267,0,0.134,0.134,30.8602,3.429467328,,0.178,0.178,40.9934,3.713411078,,0.063,0.063,14.5089,2.674762254,,0.034,0.034,7.8302,2.057988052,
268,0,0.133,0.133,30.6299,3.421976656,,0.176,0.176,40.5328,3.702111523,,0.062,0.062,14.2786,2.658761913,,0.034,0.034,7.8302,2.057988052,
269,0,0.132,0.132,30.3996,3.41442945,,0.174,0.174,40.0722,3.690682827,,0.062,0.062,14.2786,2.658761913,,0.033,0.033,7.5999,2.028135089,
270,0,0.131,0.131,30.1693,3.406824851,,0.172,0.172,39.6116,3.679122005,,0.061,0.061,14.0483,2.642501392,,0.033,0.033,7.5999,2.028135089,
271,0,0.129,0.129,29.7087,3.391439932,,0.17,0.17,39.151,3.667425965,,0.061,0.061,14.0483,2.642501392,,0.033,0.033,7.5999,2.028135089,
272,0,0.128,0.128,29.4784,3.383657792,,0.168,0.168,38.6904,3.655591507,,0.06,0.06,13.818,2.62597209,,0.033,0.033,7.5999,2.028135089,
273,0,0.127,0.127,29.2481,3.375814614,,0.165,0.165,37.9995,3.637573002,,0.06,0.06,13.818,2.62597209,,0.032,0.032,7.3696,1.997363431,
274,0,0.126,0.126,29.0178,3.367909435,,0.163,0.163,37.5389,3.625377729,,0.059,0.059,13.5877,2.609164972,,0.032,0.032,7.3696,1.997363431,
275,0,0.124,0.124,28.5572,3.351909093,,0.161,0.161,37.0783,3.613031893,,0.059,0.059,13.5877,2.609164972,,0.032,0.032,7.3696,1.997363431,
276,0,0.123,0.123,28.3269,3.343811883,,0.159,0.159,36.6177,3.60053173,,0.058,0.058,13.3574,2.592070538,,0.031,0.031,7.1393,1.965614732,
277,0,0.122,0.122,28.0966,3.335648573,,0.157,0.157,36.1571,3.587873333,,0.058,0.058,13.3574,2.592070538,,0.031,0.031,7.1393,1.965614732,
278,0,0.121,0.121,27.8663,3.327418073,,0.155,0.155,35.6965,3.575052645,,0.057,0.057,13.1271,2.574678796,,0.031,0.031,7.1393,1.965614732,
279,0,0.12,0.12,27.636,3.319119271,,0.153,0.153,35.2359,3.562065449,,0.057,0.057,13.1271,2.574678796,,0.03,0.03,6.909,1.93282491,
280,0,0.119,0.119,27.4057,3.310751021,,0.151,0.151,34.7753,3.548907365,,0.056,0.056,12.8968,2.556979219,,0.03,0.03,6.909,1.93282491,
281,0,0.117,0.117,26.9451,3.293801463,,0.149,0.149,34.3147,3.535573834,,0.055,0.055,12.6665,2.538960713,,0.03,0.03,6.909,1.93282491,
282,0,0.116,0.116,26.7148,3.285217719,,0.147,0.147,33.8541,3.522060115,,0.055,0.055,12.6665,2.538960713,,0.03,0.03,6.909,1.93282491,
283,0,0.115,0.115,26.4845,3.276559656,,0.145,0.145,33.3935,3.50836127,,0.054,0.054,12.4362,2.520611574,,0.029,0.029,6.6787,1.898923358,
284,0,0.114,0.114,26.2542,3.267825976,,0.143,0.143,32.9329,3.494472158,,0.053,0.053,12.2059,2.501919441,,0.029,0.029,6.6787,1.898923358,
285,0,0.112,0.112,25.7936,3.250126399,,0.141,0.141,32.4723,3.480387418,,0.053,0.053,12.2059,2.501919441,,0.029,0.029,6.6787,1.898923358,
286,0,0.111,0.111,25.5633,3.241157729,,0.139,0.139,32.0117,3.466101461,,0.052,0.052,11.9756,2.482871246,,0.028,0.028,6.4484,1.863832038,
287,0,0.109,0.109,25.1027,3.22297541,,0.137,0.137,31.5511,3.451608454,,0.051,0.051,11.7453,2.463453161,,0.028,0.028,6.4484,1.863832038,
288,0,0.108,0.108,24.8724,3.213758755,,0.135,0.135,31.0905,3.436902306,,0.051,0.051,11.7453,2.463453161,,0.028,0.028,6.4484,1.863832038,
289,0,0.106,0.106,24.4118,3.195066622,,0.133,0.133,30.6299,3.421976656,,0.05,0.05,11.515,2.443650533,,0.027,0.027,6.2181,1.827464394,
290,0,0.105,0.105,24.1815,3.185587878,,0.131,0.131,30.1693,3.406824851,,0.049,0.049,11.2847,2.423447826,,0.027,0.027,6.2181,1.827464394,
291,0,0.103,0.103,23.7209,3.166356516,,0.129,0.129,29.7087,3.391439932,,0.048,0.048,11.0544,2.402828539,,0.026,0.026,5.9878,1.789724066,
292,0,0.102,0.102,23.4906,3.156600341,,0.128,0.128,29.4784,3.383657792,,0.048,0.048,11.0544,2.402828539,,0.026,0.026,5.9878,1.789724066,
293,0,0.101,0.101,23.2603,3.146748045,,0.126,0.126,29.0178,3.367909435,,0.047,0.047,10.8241,2.38177513,,0.026,0.026,5.9878,1.789724066,
294,0,0.099,0.099,22.7997,3.126747378,,0.124,0.124,28.5572,3.351909093,,0.046,0.046,10.5938,2.360268924,,0.025,0.025,5.7575,1.750503353,
295,0,0.097,0.097,22.3391,3.106338506,,0.123,0.123,28.3269,3.343811883,,0.045,0.045,10.3635,2.338290018,,0.025,0.025,5.7575,1.750503353,
296,0,0.096,0.096,22.1088,3.095975719,,0.121,0.121,27.8663,3.327418073,,0.045,0.045,10.3635,2.338290018,,0.025,0.025,5.7575,1.750503353,
297,0,0.095,0.095,21.8785,3.085504419,,0.12,0.12,27.636,3.319119271,,0.045,0.045,10.3635,2.338290018,,0.025,0.025,5.7575,1.750503353,
298,0,0.093,0.093,21.4179,3.064227021,,0.118,0.118,27.1754,3.302312152,,0.044,0.044,10.1332,2.315817162,,0.025,0.025,5.7575,1.750503353,
299,0,0.092,0.092,21.1876,3.053416105,,0.116,0.116,26.7148,3.285217719,,0.043,0.043,9.9029,2.292827644,,0.024,0.024,5.5272,1.709681358,
300,0,0.091,0.091,20.9573,3.042487034,,0.114,0.114,26.2542,3.267825976,,0.042,0.042,9.6726,2.269297146,,0.024,0.024,5.5272,1.709681358,
301,0,0.089,0.089,20.4967,3.020263898,,0.113,0.113,26.0239,3.259015347,,0.042,0.042,9.6726,2.269297146,,0.024,0.024,5.5272,1.709681358,
302,0,0.088,0.088,20.2664,3.008964342,,0.111,0.111,25.5633,3.241157729,,0.041,0.041,9.4423,2.245199595,,0.023,0.023,5.2969,1.667121744,
303,0,0.086,0.086,19.8058,2.985974824,,0.11,0.11,25.333,3.232107894,,0.04,0.04,9.212,2.220506982,,0.023,0.023,5.2969,1.667121744,
304,0,0.085,0.085,19.5755,2.974278784,,0.108,0.108,24.8724,3.213758755,,0.04,0.04,9.212,2.220506982,,0.023,0.023,5.2969,1.667121744,
305,0,0.084,0.084,19.3452,2.962444327,,0.107,0.107,24.6421,3.204456362,,0.039,0.039,8.9817,2.195189174,,0.023,0.023,5.2969,1.667121744,
306,0,0.082,0.082,18.8846,2.938346775,,0.105,0.105,24.1815,3.185587878,,0.038,0.038,8.7514,2.169213688,,0.023,0.023,5.2969,1.667121744,
307,0,0.081,0.081,18.6543,2.926076683,,0.103,0.103,23.7209,3.166356516,,0.038,0.038,8.7514,2.169213688,,0.022,0.022,5.0666,1.622669981,
308,0,0.08,0.08,18.424,2.913654163,,0.101,0.101,23.2603,3.146748045,,0.038,0.038,8.7514,2.169213688,,0.022,0.022,5.0666,1.622669981,
309,0,0.079,0.079,18.1937,2.90107538,,0.1,0.1,23.03,3.136797714,,0.037,0.037,8.5211,2.14254544,,0.022,0.022,5.0666,1.622669981,
310,0,0.078,0.078,17.9634,2.888336355,,0.098,0.098,22.5694,3.116595007,,0.036,0.036,8.2908,2.115146466,,0.022,0.022,5.0666,1.622669981,
311,0,0.076,0.076,17.5028,2.862360868,,0.097,0.097,22.3391,3.106338506,,0.036,0.036,8.2908,2.115146466,,0.022,0.022,5.0666,1.622669981,
312,0,0.075,0.075,17.2725,2.849115641,,0.096,0.096,22.1088,3.095975719,,0.036,0.036,8.2908,2.115146466,,0.022,0.022,5.0666,1.622669981,
313,0,0.074,0.074,17.0422,2.835692621,,0.094,0.094,21.6482,3.07492231,,0.035,0.035,8.0605,2.086975589,,0.021,0.021,4.8363,1.576149966,
314,0,0.073,0.073,16.8119,2.822086969,,0.093,0.093,21.4179,3.064227021,,0.035,0.035,8.0605,2.086975589,,0.021,0.021,4.8363,1.576149966,
315,0,0.072,0.072,16.5816,2.808293647,,0.091,0.091,20.9573,3.042487034,,0.034,0.034,7.8302,2.057988052,,0.021,0.021,4.8363,1.576149966,
316,0,0.071,0.071,16.3513,2.794307405,,0.09,0.09,20.727,3.031437198,,0.034,0.034,7.8302,2.057988052,,0.021,0.021,4.8363,1.576149966,
317,0,0.07,0.07,16.121,2.78012277,,0.088,0.088,20.2664,3.008964342,,0.034,0.034,7.8302,2.057988052,,0.021,0.021,4.8363,1.576149966,
318,0,0.068,0.068,15.6604,2.751135233,,0.087,0.087,20.0361,2.997535646,,0.033,0.033,7.5999,2.028135089,,0.02,0.02,4.606,1.527359801,
319,0,0.068,0.068,15.6604,2.751135233,,0.086,0.086,19.8058,2.985974824,,0.032,0.032,7.3696,1.997363431,,0.02,0.02,4.606,1.527359801,
320,0,0.067,0.067,15.4301,2.736320147,,0.085,0.085,19.5755,2.974278784,,0.032,0.032,7.3696,1.997363431,,0.02,0.02,4.606,1.527359801,
321,0,0.066,0.066,15.1998,2.72128227,,0.084,0.084,19.3452,2.962444327,,0.032,0.032,7.3696,1.997363431,,0.02,0.02,4.606,1.527359801,
322,0,0.065,0.065,14.9695,2.706014798,,0.083,0.083,19.1149,2.950468136,,0.031,0.031,7.1393,1.965614732,,0.02,0.02,4.606,1.527359801,
323,0,0.064,0.064,14.7392,2.690510611,,0.081,0.081,18.6543,2.926076683,,0.031,0.031,7.1393,1.965614732,,0.019,0.019,4.3757,1.476066507,
324,0,0.063,0.063,14.5089,2.674762254,,0.08,0.08,18.424,2.913654163,,0.031,0.031,7.1393,1.965614732,,0.019,0.019,4.3757,1.476066507,
325,0,0.062,0.062,14.2786,2.658761913,,0.079,0.079,18.1937,2.90107538,,0.031,0.031,7.1393,1.965614732,,0.019,0.019,4.3757,1.476066507,
326,0,0.061,0.061,14.0483,2.642501392,,0.078,0.078,17.9634,2.888336355,,0.03,0.03,6.909,1.93282491,,0.019,0.019,4.3757,1.476066507,
327,0,0.06,0.06,13.818,2.62597209,,0.077,0.077,17.7331,2.87543295,,0.03,0.03,6.909,1.93282491,,0.019,0.019,4.3757,1.476066507,
328,0,0.059,0.059,13.5877,2.609164972,,0.076,0.076,17.5028,2.862360868,,0.03,0.03,6.909,1.93282491,,0.019,0.019,4.3757,1.476066507,
329,0,0.059,0.059,13.5877,2.609164972,,0.075,0.075,17.2725,2.849115641,,0.029,0.029,6.6787,1.898923358,,0.019,0.019,4.3757,1.476066507,
330,0,0.057,0.057,13.1271,2.574678796,,0.074,0.074,17.0422,2.835692621,,0.029,0.029,6.6787,1.898923358,,0.019,0.019,4.3757,1.476066507,
331,0,0.057,0.057,13.1271,2.574678796,,0.073,0.073,16.8119,2.822086969,,0.029,0.029,6.6787,1.898923358,,0.018,0.018,4.1454,1.421999286,
332,0,0.056,0.056,12.8968,2.556979219,,0.072,0.072,16.5816,2.808293647,,0.028,0.028,6.4484,1.863832038,,0.018,0.018,4.1454,1.421999286,
333,0,0.055,0.055,12.6665,2.538960713,,0.071,0.071,16.3513,2.794307405,,0.028,0.028,6.4484,1.863832038,,0.018,0.018,4.1454,1.421999286,
334,0,0.054,0.054,12.4362,2.520611574,,0.07,0.07,16.121,2.78012277,,0.028,0.028,6.4484,1.863832038,,0.018,0.018,4.1454,1.421999286,
335,0,0.053,0.053,12.2059,2.501919441,,0.069,0.069,15.8907,2.765734032,,0.028,0.028,6.4484,1.863832038,,0.018,0.018,4.1454,1.421999286,
336,0,0.052,0.052,11.9756,2.482871246,,0.068,0.068,15.6604,2.751135233,,0.028,0.028,6.4484,1.863832038,,0.017,0.017,3.9151,1.364840872,
337,0,0.052,0.052,11.9756,2.482871246,,0.066,0.066,15.1998,2.72128227,,0.027,0.027,6.2181,1.827464394,,0.017,0.017,3.9151,1.364840872,
338,0,0.051,0.051,11.7453,2.463453161,,0.065,0.065,14.9695,2.706014798,,0.027,0.027,6.2181,1.827464394,,0.017,0.017,3.9151,1.364840872,
339,0,0.05,0.05,11.515,2.443650533,,0.065,0.065,14.9695,2.706014798,,0.027,0.027,6.2181,1.827464394,,0.017,0.017,3.9151,1.364840872,
340,0.002,0.051,0.049,11.2847,2.423447826,,0.065,0.063,14.5089,2.674762254,,0.028,0.026,5.9878,1.789724066,,0.018,0.016,3.6848,1.30421625,
341,0,0.049,0.049,11.2847,2.423447826,,0.063,0.063,14.5089,2.674762254,,0.027,0.027,6.2181,1.827464394,,0.017,0.017,3.9151,1.364840872,
342,0,0.048,0.048,11.0544,2.402828539,,0.061,0.061,14.0483,2.642501392,,0.026,0.026,5.9878,1.789724066,,0.016,0.016,3.6848,1.30421625,
343,0,0.047,0.047,10.8241,2.38177513,,0.06,0.06,13.818,2.62597209,,0.026,0.026,5.9878,1.789724066,,0.016,0.016,3.6848,1.30421625,
344,0,0.047,0.047,10.8241,2.38177513,,0.059,0.059,13.5877,2.609164972,,0.026,0.026,5.9878,1.789724066,,0.016,0.016,3.6848,1.30421625,
345,0,0.046,0.046,10.5938,2.360268924,,0.059,0.059,13.5877,2.609164972,,0.025,0.025,5.7575,1.750503353,,0.016,0.016,3.6848,1.30421625,
346,0,0.045,0.045,10.3635,2.338290018,,0.057,0.057,13.1271,2.574678796,,0.025,0.025,5.7575,1.750503353,,0.016,0.016,3.6848,1.30421625,
347,0,0.044,0.044,10.1332,2.315817162,,0.056,0.056,12.8968,2.556979219,,0.024,0.024,5.5272,1.709681358,,0.016,0.016,3.6848,1.30421625,
348,0,0.043,0.043,9.9029,2.292827644,,0.055,0.055,12.6665,2.538960713,,0.024,0.024,5.5272,1.709681358,,0.015,0.015,3.4545,1.239677729,
349,0,0.043,0.043,9.9029,2.292827644,,0.054,0.054,12.4362,2.520611574,,0.024,0.024,5.5272,1.709681358,,0.016,0.016,3.6848,1.30421625,
350,0,0.042,0.042,9.6726,2.269297146,,0.054,0.054,12.4362,2.520611574,,0.024,0.024,5.5272,1.709681358,,0.016,0.016,3.6848,1.30421625,
351,0,0.042,0.042,9.6726,2.269297146,,0.053,0.053,12.2059,2.501919441,,0.024,0.024,5.5272,1.709681358,,0.015,0.015,3.4545,1.239677729,
352,0,0.041,0.041,9.4423,2.245199595,,0.052,0.052,11.9756,2.482871246,,0.024,0.024,5.5272,1.709681358,,0.015,0.015,3.4545,1.239677729,
353,0,0.04,0.04,9.212,2.220506982,,0.051,0.051,11.7453,2.463453161,,0.023,0.023,5.2969,1.667121744,,0.015,0.015,3.4545,1.239677729,
354,0,0.04,0.04,9.212,2.220506982,,0.05,0.05,11.515,2.443650533,,0.023,0.023,5.2969,1.667121744,,0.015,0.015,3.4545,1.239677729,
355,0,0.039,0.039,8.9817,2.195189174,,0.049,0.049,11.2847,2.423447826,,0.023,0.023,5.2969,1.667121744,,0.015,0.015,3.4545,1.239677729,
356,0,0.038,0.038,8.7514,2.169213688,,0.048,0.048,11.0544,2.402828539,,0.023,0.023,5.2969,1.667121744,,0.015,0.015,3.4545,1.239677729,
357,0,0.038,0.038,8.7514,2.169213688,,0.047,0.047,10.8241,2.38177513,,0.022,0.022,5.0666,1.622669981,,0.015,0.015,3.4545,1.239677729,
358,0,0.037,0.037,8.5211,2.14254544,,0.046,0.046,10.5938,2.360268924,,0.022,0.022,5.0666,1.622669981,,0.015,0.015,3.4545,1.239677729,
359,0,0.037,0.037,8.5211,2.14254544,,0.045,0.045,10.3635,2.338290018,,0.022,0.022,5.0666,1.622669981,,0.015,0.015,3.4545,1.239677729,
360,0,0.036,0.036,8.2908,2.115146466,,0.045,0.045,10.3635,2.338290018,,0.022,0.022,5.0666,1.622669981,,0.014,0.014,3.2242,1.170684857,
361,0,0.036,0.036,8.2908,2.115146466,,0.044,0.044,10.1332,2.315817162,,0.021,0.021,4.8363,1.576149966,,0.014,0.014,3.2242,1.170684857,
362,0,0.035,0.035,8.0605,2.086975589,,0.043,0.043,9.9029,2.292827644,,0.021,0.021,4.8363,1.576149966,,0.014,0.014,3.2242,1.170684857,
363,0,0.035,0.035,8.0605,2.086975589,,0.042,0.042,9.6726,2.269297146,,0.021,0.021,4.8363,1.576149966,,0.014,0.014,3.2242,1.170684857,
364,0,0.034,0.034,7.8302,2.057988052,,0.041,0.041,9.4423,2.245199595,,0.021,0.021,4.8363,1.576149966,,0.014,0.014,3.2242,1.170684857,
365,0,0.033,0.033,7.5999,2.028135089,,0.04,0.04,9.212,2.220506982,,0.021,0.021,4.8363,1.576149966,,0.014,0.014,3.2242,1.170684857,
366,0,0.033,0.033,7.5999,2.028135089,,0.04,0.04,9.212,2.220506982,,0.021,0.021,4.8363,1.576149966,,0.014,0.014,3.2242,1.170684857,
367,0,0.032,0.032,7.3696,1.997363431,,0.039,0.039,8.9817,2.195189174,,0.02,0.02,4.606,1.527359801,,0.014,0.014,3.2242,1.170684857,
368,0,0.032,0.032,7.3696,1.997363431,,0.038,0.038,8.7514,2.169213688,,0.02,0.02,4.606,1.527359801,,0.014,0.014,3.2242,1.170684857,
369,0,0.031,0.031,7.1393,1.965614732,,0.037,0.037,8.5211,2.14254544,,0.02,0.02,4.606,1.527359801,,0.013,0.013,2.9939,1.096576885,
370,0,0.031,0.031,7.1393,1.965614732,,0.037,0.037,8.5211,2.14254544,,0.02,0.02,4.606,1.527359801,,0.014,0.014,3.2242,1.170684857,
371,0,0.03,0.03,6.909,1.93282491,,0.036,0.036,8.2908,2.115146466,,0.019,0.019,4.3757,1.476066507,,0.013,0.013,2.9939,1.096576885,
372,0,0.03,0.03,6.909,1.93282491,,0.035,0.035,8.0605,2.086975589,,0.019,0.019,4.3757,1.476066507,,0.013,0.013,2.9939,1.096576885,
373,0,0.03,0.03,6.909,1.93282491,,0.035,0.035,8.0605,2.086975589,,0.019,0.019,4.3757,1.476066507,,0.013,0.013,2.9939,1.096576885,
374,0,0.029,0.029,6.6787,1.898923358,,0.034,0.034,7.8302,2.057988052,,0.019,0.019,4.3757,1.476066507,,0.013,0.013,2.9939,1.096576885,
375,0,0.028,0.028,6.4484,1.863832038,,0.033,0.033,7.5999,2.028135089,,0.018,0.018,4.1454,1.421999286,,0.013,0.013,2.9939,1.096576885,
376,0,0.028,0.028,6.4484,1.863832038,,0.032,0.032,7.3696,1.997363431,,0.018,0.018,4.1454,1.421999286,,0.012,0.012,2.7636,1.016534178,
377,0,0.027,0.027,6.2181,1.827464394,,0.032,0.032,7.3696,1.997363431,,0.018,0.018,4.1454,1.421999286,,0.012,0.012,2.7636,1.016534178,
378,0,0.027,0.027,6.2181,1.827464394,,0.031,0.031,7.1393,1.965614732,,0.018,0.018,4.1454,1.421999286,,0.013,0.013,2.9939,1.096576885,
379,0,0.027,0.027,6.2181,1.827464394,,0.03,0.03,6.909,1.93282491,,0.018,0.018,4.1454,1.421999286,,0.012,0.012,2.7636,1.016534178,
380,0,0.026,0.026,5.9878,1.789724066,,0.03,0.03,6.909,1.93282491,,0.017,0.017,3.9151,1.364840872,,0.012,0.012,2.7636,1.016534178,
381,0,0.026,0.026,5.9878,1.789724066,,0.029,0.029,6.6787,1.898923358,,0.017,0.017,3.9151,1.364840872,,0.012,0.012,2.7636,1.016534178,
382,0,0.025,0.025,5.7575,1.750503353,,0.029,0.029,6.6787,1.898923358,,0.017,0.017,3.9151,1.364840872,,0.012,0.012,2.7636,1.016534178,
383,0,0.025,0.025,5.7575,1.750503353,,0.028,0.028,6.4484,1.863832038,,0.017,0.017,3.9151,1.364840872,,0.012,0.012,2.7636,1.016534178,
384,0,0.024,0.024,5.5272,1.709681358,,0.027,0.027,6.2181,1.827464394,,0.017,0.017,3.9151,1.364840872,,0.012,0.012,2.7636,1.016534178,
385,0,0.024,0.024,5.5272,1.709681358,,0.027,0.027,6.2181,1.827464394,,0.017,0.017,3.9151,1.364840872,,0.012,0.012,2.7636,1.016534178,
386,0,0.023,0.023,5.2969,1.667121744,,0.026,0.026,5.9878,1.789724066,,0.016,0.016,3.6848,1.30421625,,0.012,0.012,2.7636,1.016534178,
387,0,0.023,0.023,5.2969,1.667121744,,0.026,0.026,5.9878,1.789724066,,0.016,0.016,3.6848,1.30421625,,0.011,0.011,2.5333,0.929522801,
388,0,0.023,0.023,5.2969,1.667121744,,0.025,0.025,5.7575,1.750503353,,0.016,0.016,3.6848,1.30421625,,0.011,0.011,2.5333,0.929522801,
389,0,0.022,0.022,5.0666,1.622669981,,0.025,0.025,5.7575,1.750503353,,0.016,0.016,3.6848,1.30421625,,0.011,0.011,2.5333,0.929522801,
390,0,0.022,0.022,5.0666,1.622669981,,0.024,0.024,5.5272,1.709681358,,0.016,0.016,3.6848,1.30421625,,0.011,0.011,2.5333,0.929522801,
391,0,0.022,0.022,5.0666,1.622669981,,0.024,0.024,5.5272,1.709681358,,0.015,0.015,3.4545,1.239677729,,0.011,0.011,2.5333,0.929522801,
392,0,0.021,0.021,4.8363,1.576149966,,0.023,0.023,5.2969,1.667121744,,0.015,0.015,3.4545,1.239677729,,0.011,0.011,2.5333,0.929522801,
393,0,0.021,0.021,4.8363,1.576149966,,0.023,0.023,5.2969,1.667121744,,0.015,0.015,3.4545,1.239677729,,0.011,0.011,2.5333,0.929522801,
394,0,0.02,0.02,4.606,1.527359801,,0.022,0.022,5.0666,1.622669981,,0.015,0.015,3.4545,1.239677729,,0.011,0.011,2.5333,0.929522801,
395,0,0.02,0.02,4.606,1.527359801,,0.022,0.022,5.0666,1.622669981,,0.015,0.015,3.4545,1.239677729,,0.011,0.011,2.5333,0.929522801,
396,0,0.02,0.02,4.606,1.527359801,,0.021,0.021,4.8363,1.576149966,,0.015,0.015,3.4545,1.239677729,,0.011,0.011,2.5333,0.929522801,
397,0,0.019,0.019,4.3757,1.476066507,,0.021,0.021,4.8363,1.576149966,,0.015,0.015,3.4545,1.239677729,,0.011,0.011,2.5333,0.929522801,
398,0,0.019,0.019,4.3757,1.476066507,,0.02,0.02,4.606,1.527359801,,0.014,0.014,3.2242,1.170684857,,0.011,0.011,2.5333,0.929522801,
399,0,0.019,0.019,4.3757,1.476066507,,0.02,0.02,4.606,1.527359801,,0.014,0.014,3.2242,1.170684857,,0.01,0.01,2.303,0.834212621,
400,0,0.019,0.019,4.3757,1.476066507,,0.019,0.019,4.3757,1.476066507,,0.014,0.014,3.2242,1.170684857,,0.01,0.01,2.303,0.834212621,
401,0,0.018,0.018,4.1454,1.421999286,,0.019,0.019,4.3757,1.476066507,,0.014,0.014,3.2242,1.170684857,,0.01,0.01,2.303,0.834212621,
402,0,0.018,0.018,4.1454,1.421999286,,0.018,0.018,4.1454,1.421999286,,0.014,0.014,3.2242,1.170684857,,0.01,0.01,2.303,0.834212621,
403,0,0.017,0.017,3.9151,1.364840872,,0.018,0.018,4.1454,1.421999286,,0.014,0.014,3.2242,1.170684857,,0.01,0.01,2.303,0.834212621,
404,0,0.017,0.017,3.9151,1.364840872,,0.018,0.018,4.1454,1.421999286,,0.014,0.014,3.2242,1.170684857,,0.01,0.01,2.303,0.834212621,
405,0,0.017,0.017,3.9151,1.364840872,,0.017,0.017,3.9151,1.364840872,,0.013,0.013,2.9939,1.096576885,,0.01,0.01,2.303,0.834212621,
406,0,0.017,0.017,3.9151,1.364840872,,0.017,0.017,3.9151,1.364840872,,0.013,0.013,2.9939,1.096576885,,0.01,0.01,2.303,0.834212621,
407,0,0.016,0.016,3.6848,1.30421625,,0.017,0.017,3.9151,1.364840872,,0.013,0.013,2.9939,1.096576885,,0.01,0.01,2.303,0.834212621,
408,0,0.016,0.016,3.6848,1.30421625,,0.016,0.016,3.6848,1.30421625,,0.013,0.013,2.9939,1.096576885,,0.01,0.01,2.303,0.834212621,
409,0,0.016,0.016,3.6848,1.30421625,,0.016,0.016,3.6848,1.30421625,,0.013,0.013,2.9939,1.096576885,,0.01,0.01,2.303,0.834212621,
410,0,0.015,0.015,3.4545,1.239677729,,0.016,0.016,3.6848,1.30421625,,0.013,0.013,2.9939,1.096576885,,0.01,0.01,2.303,0.834212621,
411,0,0.015,0.015,3.4545,1.239677729,,0.015,0.015,3.4545,1.239677729,,0.013,0.013,2.9939,1.096576885,,0.01,0.01,2.303,0.834212621,
412,0,0.015,0.015,3.4545,1.239677729,,0.015,0.015,3.4545,1.239677729,,0.013,0.013,2.9939,1.096576885,,0.01,0.01,2.303,0.834212621,
413,0,0.015,0.015,3.4545,1.239677729,,0.015,0.015,3.4545,1.239677729,,0.013,0.013,2.9939,1.096576885,,0.01,0.01,2.303,0.834212621,
414,0,0.015,0.015,3.4545,1.239677729,,0.014,0.014,3.2242,1.170684857,,0.013,0.013,2.9939,1.096576885,,0.01,0.01,2.303,0.834212621,
415,0,0.014,0.014,3.2242,1.170684857,,0.014,0.014,3.2242,1.170684857,,0.012,0.012,2.7636,1.016534178,,0.01,0.01,2.303,0.834212621,
416,0,0.014,0.014,3.2242,1.170684857,,0.014,0.014,3.2242,1.170684857,,0.012,0.012,2.7636,1.016534178,,0.01,0.01,2.303,0.834212621,
417,0,0.014,0.014,3.2242,1.170684857,,0.014,0.014,3.2242,1.170684857,,0.012,0.012,2.7636,1.016534178,,0.009,0.009,2.0727,0.728852105,
418,0,0.013,0.013,2.9939,1.096576885,,0.013,0.013,2.9939,1.096576885,,0.012,0.012,2.7636,1.016534178,,0.009,0.009,2.0727,0.728852105,
419,0,0.013,0.013,2.9939,1.096576885,,0.013,0.013,2.9939,1.096576885,,0.012,0.012,2.7636,1.016534178,,0.009,0.009,2.0727,0.728852105,
420,0,0.013,0.013,2.9939,1.096576885,,0.013,0.013,2.9939,1.096576885,,0.012,0.012,2.7636,1.016534178,,0.009,0.009,2.0727,0.728852105,
421,0,0.013,0.013,2.9939,1.096576885,,0.012,0.012,2.7636,1.016534178,,0.012,0.012,2.7636,1.016534178,,0.009,0.009,2.0727,0.728852105,
422,0,0.013,0.013,2.9939,1.096576885,,0.012,0.012,2.7636,1.016534178,,0.012,0.012,2.7636,1.016534178,,0.009,0.009,2.0727,0.728852105,
423,0,0.012,0.012,2.7636,1.016534178,,0.012,0.012,2.7636,1.016534178,,0.012,0.012,2.7636,1.016534178,,0.009,0.009,2.0727,0.728852105,
424,0,0.012,0.012,2.7636,1.016534178,,0.012,0.012,2.7636,1.016534178,,0.011,0.011,2.5333,0.929522801,,0.009,0.009,2.0727,0.728852105,
425,0,0.012,0.012,2.7636,1.016534178,,0.012,0.012,2.7636,1.016534178,,0.011,0.011,2.5333,0.929522801,,0.009,0.009,2.0727,0.728852105,
426,0,0.012,0.012,2.7636,1.016534178,,0.011,0.011,2.5333,0.929522801,,0.011,0.011,2.5333,0.929522801,,0.009,0.009,2.0727,0.728852105,
427,0,0.011,0.011,2.5333,0.929522801,,0.011,0.011,2.5333,0.929522801,,0.011,0.011,2.5333,0.929522801,,0.009,0.009,2.0727,0.728852105,
428,0,0.011,0.011,2.5333,0.929522801,,0.011,0.011,2.5333,0.929522801,,0.011,0.011,2.5333,0.929522801,,0.009,0.009,2.0727,0.728852105,
429,0,0.011,0.011,2.5333,0.929522801,,0.011,0.011,2.5333,0.929522801,,0.011,0.011,2.5333,0.929522801,,0.009,0.009,2.0727,0.728852105,
430,0,0.011,0.011,2.5333,0.929522801,,0.01,0.01,2.303,0.834212621,,0.011,0.011,2.5333,0.929522801,,0.009,0.009,2.0727,0.728852105,
431,0,0.011,0.011,2.5333,0.929522801,,0.01,0.01,2.303,0.834212621,,0.011,0.011,2.5333,0.929522801,,0.009,0.009,2.0727,0.728852105,
432,0,0.011,0.011,2.5333,0.929522801,,0.01,0.01,2.303,0.834212621,,0.011,0.011,2.5333,0.929522801,,0.009,0.009,2.0727,0.728852105,
433,0,0.01,0.01,2.303,0.834212621,,0.01,0.01,2.303,0.834212621,,0.01,0.01,2.303,0.834212621,,0.009,0.009,2.0727,0.728852105,
434,0,0.01,0.01,2.303,0.834212621,,0.01,0.01,2.303,0.834212621,,0.01,0.01,2.303,0.834212621,,0.009,0.009,2.0727,0.728852105,
435,0,0.01,0.01,2.303,0.834212621,,0.01,0.01,2.303,0.834212621,,0.01,0.01,2.303,0.834212621,,0.008,0.008,1.8424,0.61106907,
436,0,0.01,0.01,2.303,0.834212621,,0.009,0.009,2.0727,0.728852105,,0.01,0.01,2.303,0.834212621,,0.008,0.008,1.8424,0.61106907,
437,0,0.01,0.01,2.303,0.834212621,,0.009,0.009,2.0727,0.728852105,,0.01,0.01,2.303,0.834212621,,0.008,0.008,1.8424,0.61106907,
438,0,0.01,0.01,2.303,0.834212621,,0.009,0.009,2.0727,0.728852105,,0.01,0.01,2.303,0.834212621,,0.008,0.008,1.8424,0.61106907,
439,0,0.009,0.009,2.0727,0.728852105,,0.009,0.009,2.0727,0.728852105,,0.01,0.01,2.303,0.834212621,,0.008,0.008,1.8424,0.61106907,
440,0,0.009,0.009,2.0727,0.728852105,,0.009,0.009,2.0727,0.728852105,,0.01,0.01,2.303,0.834212621,,0.008,0.008,1.8424,0.61106907,
441,0,0.009,0.009,2.0727,0.728852105,,0.008,0.008,1.8424,0.61106907,,0.01,0.01,2.303,0.834212621,,0.008,0.008,1.8424,0.61106907,
442,0,0.009,0.009,2.0727,0.728852105,,0.008,0.008,1.8424,0.61106907,,0.01,0.01,2.303,0.834212621,,0.008,0.008,1.8424,0.61106907,
443,0,0.009,0.009,2.0727,0.728852105,,0.008,0.008,1.8424,0.61106907,,0.01,0.01,2.303,0.834212621,,0.008,0.008,1.8424,0.61106907,
444,0,0.009,0.009,2.0727,0.728852105,,0.008,0.008,1.8424,0.61106907,,0.01,0.01,2.303,0.834212621,,0.008,0.008,1.8424,0.61106907,
445,0,0.008,0.008,1.8424,0.61106907,,0.008,0.008,1.8424,0.61106907,,0.009,0.009,2.0727,0.728852105,,0.008,0.008,1.8424,0.61106907,
446,0,0.008,0.008,1.8424,0.61106907,,0.008,0.008,1.8424,0.61106907,,0.009,0.009,2.0727,0.728852105,,0.008,0.008,1.8424,0.61106907,
447,0,0.008,0.008,1.8424,0.61106907,,0.008,0.008,1.8424,0.61106907,,0.009,0.009,2.0727,0.728852105,,0.008,0.008,1.8424,0.61106907,
448,0,0.008,0.008,1.8424,0.61106907,,0.008,0.008,1.8424,0.61106907,,0.009,0.009,2.0727,0.728852105,,0.008,0.008,1.8424,0.61106907,
449,0,0.008,0.008,1.8424,0.61106907,,0.008,0.008,1.8424,0.61106907,,0.009,0.009,2.0727,0.728852105,,0.008,0.008,1.8424,0.61106907,
450,0,0.008,0.008,1.8424,0.61106907,,0.007,0.007,1.6121,0.477537677,,0.009,0.009,2.0727,0.728852105,,0.008,0.008,1.8424,0.61106907,
451,0,0.008,0.008,1.8424,0.61106907,,0.007,0.007,1.6121,0.477537677,,0.009,0.009,2.0727,0.728852105,,0.008,0.008,1.8424,0.61106907,
452,0,0.007,0.007,1.6121,0.477537677,,0.007,0.007,1.6121,0.477537677,,0.009,0.009,2.0727,0.728852105,,0.008,0.008,1.8424,0.61106907,
453,0,0.007,0.007,1.6121,0.477537677,,0.007,0.007,1.6121,0.477537677,,0.009,0.009,2.0727,0.728852105,,0.007,0.007,1.6121,0.477537677,
454,0,0.007,0.007,1.6121,0.477537677,,0.007,0.007,1.6121,0.477537677,,0.009,0.009,2.0727,0.728852105,,0.008,0.008,1.8424,0.61106907,
455,0,0.007,0.007,1.6121,0.477537677,,0.007,0.007,1.6121,0.477537677,,0.009,0.009,2.0727,0.728852105,,0.007,0.007,1.6121,0.477537677,
456,0,0.007,0.007,1.6121,0.477537677,,0.007,0.007,1.6121,0.477537677,,0.009,0.009,2.0727,0.728852105,,0.007,0.007,1.6121,0.477537677,
457,0,0.007,0.007,1.6121,0.477537677,,0.007,0.007,1.6121,0.477537677,,0.009,0.009,2.0727,0.728852105,,0.007,0.007,1.6121,0.477537677,
458,0,0.007,0.007,1.6121,0.477537677,,0.006,0.006,1.3818,0.323386997,,0.009,0.009,2.0727,0.728852105,,0.007,0.007,1.6121,0.477537677,
459,0,0.007,0.007,1.6121,0.477537677,,0.006,0.006,1.3818,0.323386997,,0.008,0.008,1.8424,0.61106907,,0.007,0.007,1.6121,0.477537677,
460,0,0.006,0.006,1.3818,0.323386997,,0.006,0.006,1.3818,0.323386997,,0.008,0.008,1.8424,0.61106907,,0.007,0.007,1.6121,0.477537677,
461,0,0.006,0.006,1.3818,0.323386997,,0.006,0.006,1.3818,0.323386997,,0.008,0.008,1.8424,0.61106907,,0.007,0.007,1.6121,0.477537677,
462,0,0.006,0.006,1.3818,0.323386997,,0.006,0.006,1.3818,0.323386997,,0.008,0.008,1.8424,0.61106907,,0.007,0.007,1.6121,0.477537677,
463,0,0.006,0.006,1.3818,0.323386997,,0.006,0.006,1.3818,0.323386997,,0.008,0.008,1.8424,0.61106907,,0.007,0.007,1.6121,0.477537677,
464,0,0.006,0.006,1.3818,0.323386997,,0.006,0.006,1.3818,0.323386997,,0.008,0.008,1.8424,0.61106907,,0.007,0.007,1.6121,0.477537677,
465,0,0.006,0.006,1.3818,0.323386997,,0.006,0.006,1.3818,0.323386997,,0.008,0.008,1.8424,0.61106907,,0.007,0.007,1.6121,0.477537677,
466,0,0.006,0.006,1.3818,0.323386997,,0.006,0.006,1.3818,0.323386997,,0.008,0.008,1.8424,0.61106907,,0.007,0.007,1.6121,0.477537677,
467,0,0.006,0.006,1.3818,0.323386997,,0.005,0.005,1.1515,0.14106544,,0.008,0.008,1.8424,0.61106907,,0.007,0.007,1.6121,0.477537677,
468,0,0.006,0.006,1.3818,0.323386997,,0.005,0.005,1.1515,0.14106544,,0.008,0.008,1.8424,0.61106907,,0.007,0.007,1.6121,0.477537677,
469,0,0.006,0.006,1.3818,0.323386997,,0.005,0.005,1.1515,0.14106544,,0.008,0.008,1.8424,0.61106907,,0.007,0.007,1.6121,0.477537677,
470,0,0.005,0.005,1.1515,0.14106544,,0.005,0.005,1.1515,0.14106544,,0.008,0.008,1.8424,0.61106907,,0.007,0.007,1.6121,0.477537677,
471,0,0.005,0.005,1.1515,0.14106544,,0.005,0.005,1.1515,0.14106544,,0.008,0.008,1.8424,0.61106907,,0.007,0.007,1.6121,0.477537677,
472,0,0.005,0.005,1.1515,0.14106544,,0.005,0.005,1.1515,0.14106544,,0.008,0.008,1.8424,0.61106907,,0.007,0.007,1.6121,0.477537677,
473,0,0.005,0.005,1.1515,0.14106544,,0.005,0.005,1.1515,0.14106544,,0.008,0.008,1.8424,0.61106907,,0.007,0.007,1.6121,0.477537677,
474,0,0.005,0.005,1.1515,0.14106544,,0.005,0.005,1.1515,0.14106544,,0.007,0.007,1.6121,0.477537677,,0.007,0.007,1.6121,0.477537677,
475,0,0.005,0.005,1.1515,0.14106544,,0.005,0.005,1.1515,0.14106544,,0.007,0.007,1.6121,0.477537677,,0.007,0.007,1.6121,0.477537677,
476,0,0.005,0.005,1.1515,0.14106544,,0.005,0.005,1.1515,0.14106544,,0.007,0.007,1.6121,0.477537677,,0.007,0.007,1.6121,0.477537677,
477,0,0.005,0.005,1.1515,0.14106544,,0.005,0.005,1.1515,0.14106544,,0.007,0.007,1.6121,0.477537677,,0.007,0.007,1.6121,0.477537677,
478,0,0.005,0.005,1.1515,0.14106544,,0.005,0.005,1.1515,0.14106544,,0.007,0.007,1.6121,0.477537677,,0.007,0.007,1.6121,0.477537677,
479,0,0.005,0.005,1.1515,0.14106544,,0.004,0.004,0.9212,-0.082078111,,0.007,0.007,1.6121,0.477537677,,0.007,0.007,1.6121,0.477537677,
480,0,0.005,0.005,1.1515,0.14106544,,0.004,0.004,0.9212,-0.082078111,,0.007,0.007,1.6121,0.477537677,,0.007,0.007,1.6121,0.477537677,
481,0,0.004,0.004,0.9212,-0.082078111,,0.004,0.004,0.9212,-0.082078111,,0.007,0.007,1.6121,0.477537677,,0.006,0.006,1.3818,0.323386997,
482,0,0.004,0.004,0.9212,-0.082078111,,0.004,0.004,0.9212,-0.082078111,,0.007,0.007,1.6121,0.477537677,,0.006,0.006,1.3818,0.323386997,
483,0,0.004,0.004,0.9212,-0.082078111,,0.004,0.004,0.9212,-0.082078111,,0.007,0.007,1.6121,0.477537677,,0.006,0.006,1.3818,0.323386997,
484,0,0.004,0.004,0.9212,-0.082078111,,0.004,0.004,0.9212,-0.082078111,,0.007,0.007,1.6121,0.477537677,,0.006,0.006,1.3818,0.323386997,
485,0,0.004,0.004,0.9212,-0.082078111,,0.004,0.004,0.9212,-0.082078111,,0.007,0.007,1.6121,0.477537677,,0.007,0.007,1.6121,0.477537677,
486,0,0.004,0.004,0.9212,-0.082078111,,0.004,0.004,0.9212,-0.082078111,,0.007,0.007,1.6121,0.477537677,,0.007,0.007,1.6121,0.477537677,
487,0,0.004,0.004,0.9212,-0.082078111,,0.004,0.004,0.9212,-0.082078111,,0.007,0.007,1.6121,0.477537677,,0.006,0.006,1.3818,0.323386997,
488,0,0.004,0.004,0.9212,-0.082078111,,0.004,0.004,0.9212,-0.082078111,,0.007,0.007,1.6121,0.477537677,,0.006,0.006,1.3818,0.323386997,
489,0,0.004,0.004,0.9212,-0.082078111,,0.004,0.004,0.9212,-0.082078111,,0.007,0.007,1.6121,0.477537677,,0.006,0.006,1.3818,0.323386997,
490,0,0.004,0.004,0.9212,-0.082078111,,0.004,0.004,0.9212,-0.082078111,,0.007,0.007,1.6121,0.477537677,,0.006,0.006,1.3818,0.323386997,
491,0,0.004,0.004,0.9212,-0.082078111,,0.004,0.004,0.9212,-0.082078111,,0.007,0.007,1.6121,0.477537677,,0.006,0.006,1.3818,0.323386997,
492,0,0.004,0.004,0.9212,-0.082078111,,0.003,0.003,0.6909,-0.369760183,,0.007,0.007,1.6121,0.477537677,,0.006,0.006,1.3818,0.323386997,
493,0,0.004,0.004,0.9212,-0.082078111,,0.004,0.004,0.9212,-0.082078111,,0.007,0.007,1.6121,0.477537677,,0.006,0.006,1.3818,0.323386997,
494,0,0.004,0.004,0.9212,-0.082078111,,0.003,0.003,0.6909,-0.369760183,,0.007,0.007,1.6121,0.477537677,,0.006,0.006,1.3818,0.323386997,
495,0,0.004,0.004,0.9212,-0.082078111,,0.003,0.003,0.6909,-0.369760183,,0.007,0.007,1.6121,0.477537677,,0.006,0.006,1.3818,0.323386997,
496,0,0.003,0.003,0.6909,-0.369760183,,0.003,0.003,0.6909,-0.369760183,,0.007,0.007,1.6121,0.477537677,,0.006,0.006,1.3818,0.323386997,
497,0,0.004,0.004,0.9212,-0.082078111,,0.003,0.003,0.6909,-0.369760183,,0.007,0.007,1.6121,0.477537677,,0.006,0.006,1.3818,0.323386997,
498,0,0.003,0.003,0.6909,-0.369760183,,0.003,0.003,0.6909,-0.369760183,,0.006,0.006,1.3818,0.323386997,,0.006,0.006,1.3818,0.323386997,
499,0,0.003,0.003,0.6909,-0.369760183,,0.003,0.003,0.6909,-0.369760183,,0.006,0.006,1.3818,0.323386997,,0.006,0.006,1.3818,0.323386997,
500,0,0.003,0.003,0.6909,-0.369760183,,0.003,0.003,0.6909,-0.369760183,,0.006,0.006,1.3818,0.323386997,,0.006,0.006,1.3818,0.323386997,
501,0,0.003,0.003,0.6909,-0.369760183,,0.003,0.003,0.6909,-0.369760183,,0.006,0.006,1.3818,0.323386997,,0.006,0.006,1.3818,0.323386997,
502,0,0.003,0.003,0.6909,-0.369760183,,0.003,0.003,0.6909,-0.369760183,,0.006,0.006,1.3818,0.323386997,,0.006,0.006,1.3818,0.323386997,
503,0,0.003,0.003,0.6909,-0.369760183,,0.003,0.003,0.6909,-0.369760183,,0.006,0.006,1.3818,0.323386997,,0.006,0.006,1.3818,0.323386997,
504,0,0.003,0.003,0.6909,-0.369760183,,0.003,0.003,0.6909,-0.369760183,,0.006,0.006,1.3818,0.323386997,,0.006,0.006,1.3818,0.323386997,
505,0,0.003,0.003,0.6909,-0.369760183,,0.003,0.003,0.6909,-0.369760183,,0.006,0.006,1.3818,0.323386997,,0.006,0.006,1.3818,0.323386997,
506,0,0.003,0.003,0.6909,-0.369760183,,0.003,0.003,0.6909,-0.369760183,,0.006,0.006,1.3818,0.323386997,,0.006,0.006,1.3818,0.323386997,
507,0,0.003,0.003,0.6909,-0.369760183,,0.003,0.003,0.6909,-0.369760183,,0.006,0.006,1.3818,0.323386997,,0.006,0.006,1.3818,0.323386997,
508,0,0.003,0.003,0.6909,-0.369760183,,0.003,0.003,0.6909,-0.369760183,,0.006,0.006,1.3818,0.323386997,,0.006,0.006,1.3818,0.323386997,
509,0,0.003,0.003,0.6909,-0.369760183,,0.003,0.003,0.6909,-0.369760183,,0.006,0.006,1.3818,0.323386997,,0.006,0.006,1.3818,0.323386997,
510,0,0.003,0.003,0.6909,-0.369760183,,0.003,0.003,0.6909,-0.369760183,,0.006,0.006,1.3818,0.323386997,,0.006,0.006,1.3818,0.323386997,
511,0,0.003,0.003,0.6909,-0.369760183,,0.003,0.003,0.6909,-0.369760183,,0.006,0.006,1.3818,0.323386997,,0.006,0.006,1.3818,0.323386997,
512,0,0.003,0.003,0.6909,-0.369760183,,0.003,0.003,0.6909,-0.369760183,,0.006,0.006,1.3818,0.323386997,,0.006,0.006,1.3818,0.323386997,
513,0,0.003,0.003,0.6909,-0.369760183,,0.003,0.003,0.6909,-0.369760183,,0.006,0.006,1.3818,0.323386997,,0.006,0.006,1.3818,0.323386997,
514,0,0.003,0.003,0.6909,-0.369760183,,0.002,0.002,0.4606,-0.775225292,,0.006,0.006,1.3818,0.323386997,,0.006,0.006,1.3818,0.323386997,
515,0,0.003,0.003,0.6909,-0.369760183,,0.002,0.002,0.4606,-0.775225292,,0.006,0.006,1.3818,0.323386997,,0.006,0.006,1.3818,0.323386997,
516,0,0.003,0.003,0.6909,-0.369760183,,0.002,0.002,0.4606,-0.775225292,,0.006,0.006,1.3818,0.323386997,,0.006,0.006,1.3818,0.323386997,
517,0,0.002,0.002,0.4606,-0.775225292,,0.002,0.002,0.4606,-0.775225292,,0.006,0.006,1.3818,0.323386997,,0.006,0.006,1.3818,0.323386997,
518,0,0.002,0.002,0.4606,-0.775225292,,0.002,0.002,0.4606,-0.775225292,,0.006,0.006,1.3818,0.323386997,,0.006,0.006,1.3818,0.323386997,
519,0,0.002,0.002,0.4606,-0.775225292,,0.002,0.002,0.4606,-0.775225292,,0.006,0.006,1.3818,0.323386997,,0.006,0.006,1.3818,0.323386997,
520,0,0.002,0.002,0.4606,-0.775225292,,0.002,0.002,0.4606,-0.775225292,,0.006,0.006,1.3818,0.323386997,,0.006,0.006,1.3818,0.323386997,
521,0,0.002,0.002,0.4606,-0.775225292,,0.002,0.002,0.4606,-0.775225292,,0.006,0.006,1.3818,0.323386997,,0.006,0.006,1.3818,0.323386997,
522,0,0.002,0.002,0.4606,-0.775225292,,0.002,0.002,0.4606,-0.775225292,,0.006,0.006,1.3818,0.323386997,,0.006,0.006,1.3818,0.323386997,
523,0,0.002,0.002,0.4606,-0.775225292,,0.002,0.002,0.4606,-0.775225292,,0.005,0.005,1.1515,0.14106544,,0.006,0.006,1.3818,0.323386997,
524,0,0.002,0.002,0.4606,-0.775225292,,0.002,0.002,0.4606,-0.775225292,,0.005,0.005,1.1515,0.14106544,,0.006,0.006,1.3818,0.323386997,
525,0,0.002,0.002,0.4606,-0.775225292,,0.002,0.002,0.4606,-0.775225292,,0.005,0.005,1.1515,0.14106544,,0.006,0.006,1.3818,0.323386997,
526,0,0.002,0.002,0.4606,-0.775225292,,0.002,0.002,0.4606,-0.775225292,,0.005,0.005,1.1515,0.14106544,,0.006,0.006,1.3818,0.323386997,
527,0,0.002,0.002,0.4606,-0.775225292,,0.002,0.002,0.4606,-0.775225292,,0.005,0.005,1.1515,0.14106544,,0.006,0.006,1.3818,0.323386997,
528,0,0.002,0.002,0.4606,-0.775225292,,0.002,0.002,0.4606,-0.775225292,,0.005,0.005,1.1515,0.14106544,,0.006,0.006,1.3818,0.323386997,
529,0,0.002,0.002,0.4606,-0.775225292,,0.002,0.002,0.4606,-0.775225292,,0.005,0.005,1.1515,0.14106544,,0.006,0.006,1.3818,0.323386997,
530,0,0.002,0.002,0.4606,-0.775225292,,0.002,0.002,0.4606,-0.775225292,,0.005,0.005,1.1515,0.14106544,,0.006,0.006,1.3818,0.323386997,
531,0,0.002,0.002,0.4606,-0.775225292,,0.002,0.002,0.4606,-0.775225292,,0.005,0.005,1.1515,0.14106544,,0.006,0.006,1.3818,0.323386997,
532,0,0.002,0.002,0.4606,-0.775225292,,0.002,0.002,0.4606,-0.775225292,,0.005,0.005,1.1515,0.14106544,,0.006,0.006,1.3818,0.323386997,
533,0,0.002,0.002,0.4606,-0.775225292,,0.002,0.002,0.4606,-0.775225292,,0.005,0.005,1.1515,0.14106544,,0.006,0.006,1.3818,0.323386997,
534,0,0.002,0.002,0.4606,-0.775225292,,0.002,0.002,0.4606,-0.775225292,,0.005,0.005,1.1515,0.14106544,,0.005,0.005,1.1515,0.14106544,
535,0,0.002,0.002,0.4606,-0.775225292,,0.002,0.002,0.4606,-0.775225292,,0.005,0.005,1.1515,0.14106544,,0.006,0.006,1.3818,0.323386997,
536,0.001,0.003,0.002,0.4606,-0.775225292,,0.003,0.002,0.4606,-0.775225292,,0.006,0.005,1.1515,0.14106544,,0.007,0.006,1.3818,0.323386997,
537,0,0.002,0.002,0.4606,-0.775225292,,0.002,0.002,0.4606,-0.775225292,,0.005,0.005,1.1515,0.14106544,,0.006,0.006,1.3818,0.323386997,
538,0,0.002,0.002,0.4606,-0.775225292,,0.002,0.002,0.4606,-0.775225292,,0.005,0.005,1.1515,0.14106544,,0.005,0.005,1.1515,0.14106544,
539,0,0.002,0.002,0.4606,-0.775225292,,0.002,0.002,0.4606,-0.775225292,,0.005,0.005,1.1515,0.14106544,,0.005,0.005,1.1515,0.14106544,
540,0,0.002,0.002,0.4606,-0.775225292,,0.002,0.002,0.4606,-0.775225292,,0.005,0.005,1.1515,0.14106544,,0.005,0.005,1.1515,0.14106544,
541,0,0.002,0.002,0.4606,-0.775225292,,0.002,0.002,0.4606,-0.775225292,,0.005,0.005,1.1515,0.14106544,,0.005,0.005,1.1515,0.14106544,
542,0,0.002,0.002,0.4606,-0.775225292,,0.002,0.002,0.4606,-0.775225292,,0.005,0.005,1.1515,0.14106544,,0.005,0.005,1.1515,0.14106544,
543,0,0.002,0.002,0.4606,-0.775225292,,0.002,0.002,0.4606,-0.775225292,,0.005,0.005,1.1515,0.14106544,,0.005,0.005,1.1515,0.14106544,
544,0,0.002,0.002,0.4606,-0.775225292,,0.001,0.001,0.2303,-1.468372472,,0.005,0.005,1.1515,0.14106544,,0.005,0.005,1.1515,0.14106544,
545,0,0.002,0.002,0.4606,-0.775225292,,0.002,0.002,0.4606,-0.775225292,,0.005,0.005,1.1515,0.14106544,,0.005,0.005,1.1515,0.14106544,
546,0,0.002,0.002,0.4606,-0.775225292,,0.001,0.001,0.2303,-1.468372472,,0.005,0.005,1.1515,0.14106544,,0.005,0.005,1.1515,0.14106544,
547,0,0.002,0.002,0.4606,-0.775225292,,0.001,0.001,0.2303,-1.468372472,,0.005,0.005,1.1515,0.14106544,,0.005,0.005,1.1515,0.14106544,
548,0,0.001,0.001,0.2303,-1.468372472,,0.001,0.001,0.2303,-1.468372472,,0.005,0.005,1.1515,0.14106544,,0.005,0.005,1.1515,0.14106544,
549,0,0.002,0.002,0.4606,-0.775225292,,0.001,0.001,0.2303,-1.468372472,,0.005,0.005,1.1515,0.14106544,,0.005,0.005,1.1515,0.14106544,
550,0,0.002,0.002,0.4606,-0.775225292,,0.001,0.001,0.2303,-1.468372472,,0.005,0.005,1.1515,0.14106544,,0.005,0.005,1.1515,0.14106544,
551,0,0.002,0.002,0.4606,-0.775225292,,0.001,0.001,0.2303,-1.468372472,,0.005,0.005,1.1515,0.14106544,,0.005,0.005,1.1515,0.14106544,
552,0,0.002,0.002,0.4606,-0.775225292,,0.001,0.001,0.2303,-1.468372472,,0.005,0.005,1.1515,0.14106544,,0.005,0.005,1.1515,0.14106544,
553,0,0.002,0.002,0.4606,-0.775225292,,0.001,0.001,0.2303,-1.468372472,,0.005,0.005,1.1515,0.14106544,,0.005,0.005,1.1515,0.14106544,
554,0,0.002,0.002,0.4606,-0.775225292,,0.001,0.001,0.2303,-1.468372472,,0.005,0.005,1.1515,0.14106544,,0.005,0.005,1.1515,0.14106544,
555,0,0.001,0.001,0.2303,-1.468372472,,0.001,0.001,0.2303,-1.468372472,,0.005,0.005,1.1515,0.14106544,,0.005,0.005,1.1515,0.14106544,
556,0,0.001,0.001,0.2303,-1.468372472,,0.001,0.001,0.2303,-1.468372472,,0.005,0.005,1.1515,0.14106544,,0.005,0.005,1.1515,0.14106544,
557,0,0.001,0.001,0.2303,-1.468372472,,0.001,0.001,0.2303,-1.468372472,,0.005,0.005,1.1515,0.14106544,,0.005,0.005,1.1515,0.14106544,
558,0,0.001,0.001,0.2303,-1.468372472,,0.001,0.001,0.2303,-1.468372472,,0.005,0.005,1.1515,0.14106544,,0.005,0.005,1.1515,0.14106544,
559,0,0.001,0.001,0.2303,-1.468372472,,0.001,0.001,0.2303,-1.468372472,,0.004,0.004,0.9212,-0.082078111,,0.005,0.005,1.1515,0.14106544,
560,0,0.001,0.001,0.2303,-1.468372472,,0.001,0.001,0.2303,-1.468372472,,0.004,0.004,0.9212,-0.082078111,,0.005,0.005,1.1515,0.14106544,
561,0,0.001,0.001,0.2303,-1.468372472,,0.001,0.001,0.2303,-1.468372472,,0.005,0.005,1.1515,0.14106544,,0.005,0.005,1.1515,0.14106544,
562,0,0.001,0.001,0.2303,-1.468372472,,0.001,0.001,0.2303,-1.468372472,,0.004,0.004,0.9212,-0.082078111,,0.005,0.005,1.1515,0.14106544,
563,0,0.001,0.001,0.2303,-1.468372472,,0.001,0.001,0.2303,-1.468372472,,0.004,0.004,0.9212,-0.082078111,,0.005,0.005,1.1515,0.14106544,
564,0,0.001,0.001,0.2303,-1.468372472,,0.001,0.001,0.2303,-1.468372472,,0.004,0.004,0.9212,-0.082078111,,0.005,0.005,1.1515,0.14106544,
565,0,0.001,0.001,0.2303,-1.468372472,,0.001,0.001,0.2303,-1.468372472,,0.004,0.004,0.9212,-0.082078111,,0.005,0.005,1.1515,0.14106544,
566,0,0.001,0.001,0.2303,-1.468372472,,0.001,0.001,0.2303,-1.468372472,,0.004,0.004,0.9212,-0.082078111,,0.005,0.005,1.1515,0.14106544,
567,0,0.001,0.001,0.2303,-1.468372472,,0.001,0.001,0.2303,-1.468372472,,0.004,0.004,0.9212,-0.082078111,,0.005,0.005,1.1515,0.14106544,
568,0,0.001,0.001,0.2303,-1.468372472,,0.001,0.001,0.2303,-1.468372472,,0.004,0.004,0.9212,-0.082078111,,0.005,0.005,1.1515,0.14106544,
569,0,0.001,0.001,0.2303,-1.468372472,,0.001,0.001,0.2303,-1.468372472,,0.004,0.004,0.9212,-0.082078111,,0.005,0.005,1.1515,0.14106544,
570,0,0.001,0.001,0.2303,-1.468372472,,0.001,0.001,0.2303,-1.468372472,,0.004,0.004,0.9212,-0.082078111,,0.005,0.005,1.1515,0.14106544,
571,0,0.001,0.001,0.2303,-1.468372472,,0.001,0.001,0.2303,-1.468372472,,0.004,0.004,0.9212,-0.082078111,,0.005,0.005,1.1515,0.14106544,
572,0,0.001,0.001,0.2303,-1.468372472,,0.001,0.001,0.2303,-1.468372472,,0.004,0.004,0.9212,-0.082078111,,0.005,0.005,1.1515,0.14106544,
573,0,0.001,0.001,0.2303,-1.468372472,,0.001,0.001,0.2303,-1.468372472,,0.004,0.004,0.9212,-0.082078111,,0.005,0.005,1.1515,0.14106544,
574,0,0.001,0.001,0.2303,-1.468372472,,0.001,0.001,0.2303,-1.468372472,,0.004,0.004,0.9212,-0.082078111,,0.005,0.005,1.1515,0.14106544,
575,0,0.001,0.001,0.2303,-1.468372472,,0.001,0.001,0.2303,-1.468372472,,0.004,0.004,0.9212,-0.082078111,,0.005,0.005,1.1515,0.14106544,
576,0,0.001,0.001,0.2303,-1.468372472,,0.001,0.001,0.2303,-1.468372472,,0.004,0.004,0.9212,-0.082078111,,0.005,0.005,1.1515,0.14106544,
577,0,0.001,0.001,0.2303,-1.468372472,,0.001,0.001,0.2303,-1.468372472,,0.004,0.004,0.9212,-0.082078111,,0.005,0.005,1.1515,0.14106544,
578,0,0.001,0.001,0.2303,-1.468372472,,0.001,0.001,0.2303,-1.468372472,,0.004,0.004,0.9212,-0.082078111,,0.005,0.005,1.1515,0.14106544,
579,0,0.001,0.001,0.2303,-1.468372472,,0.001,0.001,0.2303,-1.468372472,,0.004,0.004,0.9212,-0.082078111,,0.005,0.005,1.1515,0.14106544,
580,0,0.001,0.001,0.2303,-1.468372472,,0.001,0.001,0.2303,-1.468372472,,0.004,0.004,0.9212,-0.082078111,,0.005,0.005,1.1515,0.14106544,
581,0,0.001,0.001,0.2303,-1.468372472,,0.001,0.001,0.2303,-1.468372472,,0.004,0.004,0.9212,-0.082078111,,0.005,0.005,1.1515,0.14106544,
582,0,0.001,0.001,0.2303,-1.468372472,,0.001,0.001,0.2303,-1.468372472,,0.004,0.004,0.9212,-0.082078111,,0.005,0.005,1.1515,0.14106544,
583,0,0.001,0.001,0.2303,-1.468372472,,0.001,0.001,0.2303,-1.468372472,,0.004,0.004,0.9212,-0.082078111,,0.005,0.005,1.1515,0.14106544,
584,0,0.001,0.001,0.2303,-1.468372472,,0.001,0.001,0.2303,-1.468372472,,0.004,0.004,0.9212,-0.082078111,,0.005,0.005,1.1515,0.14106544,
585,0,0.001,0.001,0.2303,-1.468372472,,0.001,0.001,0.2303,-1.468372472,,0.004,0.004,0.9212,-0.082078111,,0.005,0.005,1.1515,0.14106544,
586,0,0.001,0.001,0.2303,-1.468372472,,0.001,0.001,0.2303,-1.468372472,,0.004,0.004,0.9212,-0.082078111,,0.005,0.005,1.1515,0.14106544,
587,0,0.001,0.001,0.2303,-1.468372472,,0.001,0.001,0.2303,-1.468372472,,0.004,0.004,0.9212,-0.082078111,,0.005,0.005,1.1515,0.14106544,
588,0,0.001,0.001,0.2303,-1.468372472,,0.001,0.001,0.2303,-1.468372472,,0.004,0.004,0.9212,-0.082078111,,0.005,0.005,1.1515,0.14106544,
589,0,0.001,0.001,0.2303,-1.468372472,,0.001,0.001,0.2303,-1.468372472,,0.004,0.004,0.9212,-0.082078111,,0.005,0.005,1.1515,0.14106544,
590,0,0.001,0.001,0.2303,-1.468372472,,0.001,0.001,0.2303,-1.468372472,,0.004,0.004,0.9212,-0.082078111,,0.005,0.005,1.1515,0.14106544,
591,0,0.001,0.001,0.2303,-1.468372472,,0.001,0.001,0.2303,-1.468372472,,0.004,0.004,0.9212,-0.082078111,,0.005,0.005,1.1515,0.14106544,
592,0,0.001,0.001,0.2303,-1.468372472,,0.001,0.001,0.2303,-1.468372472,,0.004,0.004,0.9212,-0.082078111,,0.005,0.005,1.1515,0.14106544,
593,0,0.001,0.001,0.2303,-1.468372472,,0.001,0.001,0.2303,-1.468372472,,0.004,0.004,0.9212,-0.082078111,,0.005,0.005,1.1515,0.14106544,
594,0,0.001,0.001,0.2303,-1.468372472,,0.001,0.001,0.2303,-1.468372472,,0.004,0.004,0.9212,-0.082078111,,0.004,0.004,0.9212,-0.082078111,
595,0,0.001,0.001,0.2303,-1.468372472,,0.001,0.001,0.2303,-1.468372472,,0.004,0.004,0.9212,-0.082078111,,0.004,0.004,0.9212,-0.082078111,
596,0,0.001,0.001,0.2303,-1.468372472,,0.001,0.001,0.2303,-1.468372472,,0.004,0.004,0.9212,-0.082078111,,0.005,0.005,1.1515,0.14106544,
597,0,0.001,0.001,0.2303,-1.468372472,,0.001,0.001,0.2303,-1.468372472,,0.004,0.004,0.9212,-0.082078111,,0.005,0.005,1.1515,0.14106544,
598,0,0.001,0.001,0.2303,-1.468372472,,0.001,0.001,0.2303,-1.468372472,,0.004,0.004,0.9212,-0.082078111,,0.004,0.004,0.9212,-0.082078111,
599,0,0.001,0.001,0.2303,-1.468372472,,0.001,0.001,0.2303,-1.468372472,,0.004,0.004,0.9212,-0.082078111,,0.004,0.004,0.9212,-0.082078111,
600,0,0.001,0.001,0.2303,-1.468372472,,0.001,0.001,0.2303,-1.468372472,,0.004,0.004,0.9212,-0.082078111,,0.004,0.004,0.9212,-0.082078111,
601,0,0.001,0.001,0.2303,-1.468372472,,0.001,0.001,0.2303,-1.468372472,,0.004,0.004,0.9212,-0.082078111,,0.004,0.004,0.9212,-0.082078111,
602,0,0.001,0.001,0.2303,-1.468372472,,0.001,0.001,0.2303,-1.468372472,,0.004,0.004,0.9212,-0.082078111,,0.005,0.005,1.1515,0.14106544,
603,0,0.001,0.001,0.2303,-1.468372472,,0.001,0.001,0.2303,-1.468372472,,0.004,0.004,0.9212,-0.082078111,,0.004,0.004,0.9212,-0.082078111,
604,0,0.001,0.001,0.2303,-1.468372472,,0.001,0.001,0.2303,-1.468372472,,0.004,0.004,0.9212,-0.082078111,,0.004,0.004,0.9212,-0.082078111,
605,0,0.001,0.001,0.2303,-1.468372472,,0.001,0.001,0.2303,-1.468372472,,0.004,0.004,0.9212,-0.082078111,,0.004,0.004,0.9212,-0.082078111,
606,0,0.001,0.001,0.2303,-1.468372472,,0.001,0.001,0.2303,-1.468372472,,0.004,0.004,0.9212,-0.082078111,,0.004,0.004,0.9212,-0.082078111,
607,0,0.001,0.001,0.2303,-1.468372472,,0.001,0.001,0.2303,-1.468372472,,0.004,0.004,0.9212,-0.082078111,,0.004,0.004,0.9212,-0.082078111,
608,0,0.001,0.001,0.2303,-1.468372472,,0.001,0.001,0.2303,-1.468372472,,0.004,0.004,0.9212,-0.082078111,,0.004,0.004,0.9212,-0.082078111,
609,0,0.001,0.001,0.2303,-1.468372472,,0,0,0,#NUM!,,0.004,0.004,0.9212,-0.082078111,,0.004,0.004,0.9212,-0.082078111,
610,0,0.001,0.001,0.2303,-1.468372472,,0.001,0.001,0.2303,-1.468372472,,0.004,0.004,0.9212,-0.082078111,,0.004,0.004,0.9212,-0.082078111,
611,0,0.001,0.001,0.2303,-1.468372472,,0,0,0,#NUM!,,0.004,0.004,0.9212,-0.082078111,,0.004,0.004,0.9212,-0.082078111,
612,0,0.001,0.001,0.2303,-1.468372472,,0.001,0.001,0.2303,-1.468372472,,0.004,0.004,0.9212,-0.082078111,,0.004,0.004,0.9212,-0.082078111,
613,0,0.001,0.001,0.2303,-1.468372472,,0,0,0,#NUM!,,0.004,0.004,0.9212,-0.082078111,,0.004,0.004,0.9212,-0.082078111,
614,0,0.001,0.001,0.2303,-1.468372472,,0,0,0,#NUM!,,0.004,0.004,0.9212,-0.082078111,,0.004,0.004,0.9212,-0.082078111,
615,0,0.001,0.001,0.2303,-1.468372472,,0,0,0,#NUM!,,0.004,0.004,0.9212,-0.082078111,,0.004,0.004,0.9212,-0.082078111,
616,0,0.001,0.001,0.2303,-1.468372472,,0,0,0,#NUM!,,0.004,0.004,0.9212,-0.082078111,,0.004,0.004,0.9212,-0.082078111,
617,0,0.001,0.001,0.2303,-1.468372472,,0,0,0,#NUM!,,0.004,0.004,0.9212,-0.082078111,,0.004,0.004,0.9212,-0.082078111,
618,0,0.001,0.001,0.2303,-1.468372472,,0.001,0.001,0.2303,-1.468372472,,0.004,0.004,0.9212,-0.082078111,,0.004,0.004,0.9212,-0.082078111,
619,0,0.001,0.001,0.2303,-1.468372472,,0,0,0,#NUM!,,0.004,0.004,0.9212,-0.082078111,,0.004,0.004,0.9212,-0.082078111,
620,0,0.001,0.001,0.2303,-1.468372472,,0,0,0,#NUM!,,0.004,0.004,0.9212,-0.082078111,,0.004,0.004,0.9212,-0.082078111,
621,0,0.001,0.001,0.2303,-1.468372472,,0,0,0,#NUM!,,0.004,0.004,0.9212,-0.082078111,,0.004,0.004,0.9212,-0.082078111,
622,0,0.001,0.001,0.2303,-1.468372472,,0,0,0,#NUM!,,0.004,0.004,0.9212,-0.082078111,,0.004,0.004,0.9212,-0.082078111,
623,0,0.001,0.001,0.2303,-1.468372472,,0.001,0.001,0.2303,-1.468372472,,0.004,0.004,0.9212,-0.082078111,,0.004,0.004,0.9212,-0.082078111,
624,0,0.001,0.001,0.2303,-1.468372472,,0.001,0.001,0.2303,-1.468372472,,0.004,0.004,0.9212,-0.082078111,,0.004,0.004,0.9212,-0.082078111,
625,0,0.001,0.001,0.2303,-1.468372472,,0,0,0,#NUM!,,0.004,0.004,0.9212,-0.082078111,,0.004,0.004,0.9212,-0.082078111,
626,0,0.001,0.001,0.2303,-1.468372472,,0,0,0,#NUM!,,0.003,0.003,0.6909,-0.369760183,,0.004,0.004,0.9212,-0.082078111,
627,0,0.001,0.001,0.2303,-1.468372472,,0.001,0.001,0.2303,-1.468372472,,0.004,0.004,0.9212,-0.082078111,,0.004,0.004,0.9212,-0.082078111,
628,0,0.001,0.001,0.2303,-1.468372472,,0.001,0.001,0.2303,-1.468372472,,0.004,0.004,0.9212,-0.082078111,,0.004,0.004,0.9212,-0.082078111,
629,0,0.001,0.001,0.2303,-1.468372472,,0.001,0.001,0.2303,-1.468372472,,0.004,0.004,0.9212,-0.082078111,,0.004,0.004,0.9212,-0.082078111,
630,0,0.001,0.001,0.2303,-1.468372472,,0.001,0.001,0.2303,-1.468372472,,0.004,0.004,0.9212,-0.082078111,,0.004,0.004,0.9212,-0.082078111,
631,0,0.001,0.001,0.2303,-1.468372472,,0.001,0.001,0.2303,-1.468372472,,0.004,0.004,0.9212,-0.082078111,,0.004,0.004,0.9212,-0.082078111,
632,0,0.001,0.001,0.2303,-1.468372472,,0.001,0.001,0.2303,-1.468372472,,0.004,0.004,0.9212,-0.082078111,,0.004,0.004,0.9212,-0.082078111,
633,0,0.001,0.001,0.2303,-1.468372472,,0.001,0.001,0.2303,-1.468372472,,0.004,0.004,0.9212,-0.082078111,,0.004,0.004,0.9212,-0.082078111,
634,0,0.001,0.001,0.2303,-1.468372472,,0.001,0.001,0.2303,-1.468372472,,0.004,0.004,0.9212,-0.082078111,,0.004,0.004,0.9212,-0.082078111,
635,0,0.001,0.001,0.2303,-1.468372472,,0.001,0.001,0.2303,-1.468372472,,0.003,0.003,0.6909,-0.369760183,,0.004,0.004,0.9212,-0.082078111,
636,0,0,0,0,#NUM!,,0.001,0.001,0.2303,-1.468372472,,0.003,0.003,0.6909,-0.369760183,,0.004,0.004,0.9212,-0.082078111,
637,0,0,0,0,#NUM!,,0.001,0.001,0.2303,-1.468372472,,0.003,0.003,0.6909,-0.369760183,,0.004,0.004,0.9212,-0.082078111,
638,0,0,0,0,#NUM!,,0.001,0.001,0.2303,-1.468372472,,0.003,0.003,0.6909,-0.369760183,,0.004,0.004,0.9212,-0.082078111,
639,0,0,0,0,#NUM!,,0.001,0.001,0.2303,-1.468372472,,0.003,0.003,0.6909,-0.369760183,,0.004,0.004,0.9212,-0.082078111,
640,0,0,0,0,#NUM!,,0.001,0.001,0.2303,-1.468372472,,0.003,0.003,0.6909,-0.369760183,,0.004,0.004,0.9212,-0.082078111,
641,0,0,0,0,#NUM!,,0.001,0.001,0.2303,-1.468372472,,0.003,0.003,0.6909,-0.369760183,,0.004,0.004,0.9212,-0.082078111,
642,0,0,0,0,#NUM!,,0.001,0.001,0.2303,-1.468372472,,0.003,0.003,0.6909,-0.369760183,,0.004,0.004,0.9212,-0.082078111,
643,0,0,0,0,#NUM!,,0.001,0.001,0.2303,-1.468372472,,0.003,0.003,0.6909,-0.369760183,,0.004,0.004,0.9212,-0.082078111,
644,0,0.001,0.001,0.2303,-1.468372472,,0.001,0.001,0.2303,-1.468372472,,0.003,0.003,0.6909,-0.369760183,,0.004,0.004,0.9212,-0.082078111,
645,0,0,0,0,#NUM!,,0.001,0.001,0.2303,-1.468372472,,0.003,0.003,0.6909,-0.369760183,,0.004,0.004,0.9212,-0.082078111,
646,0,0,0,0,#NUM!,,0.001,0.001,0.2303,-1.468372472,,0.003,0.003,0.6909,-0.369760183,,0.004,0.004,0.9212,-0.082078111,
647,0,0,0,0,#NUM!,,0.001,0.001,0.2303,-1.468372472,,0.003,0.003,0.6909,-0.369760183,,0.004,0.004,0.9212,-0.082078111,
648,0,0,0,0,#NUM!,,0.001,0.001,0.2303,-1.468372472,,0.003,0.003,0.6909,-0.369760183,,0.004,0.004,0.9212,-0.082078111,
649,0,0,0,0,#NUM!,,0.001,0.001,0.2303,-1.468372472,,0.003,0.003,0.6909,-0.369760183,,0.004,0.004,0.9212,-0.082078111,
650,0,0,0,0,#NUM!,,0.001,0.001,0.2303,-1.468372472,,0.003,0.003,0.6909,-0.369760183,,0.004,0.004,0.9212,-0.082078111,
651,0,0,0,0,#NUM!,,0.001,0.001,0.2303,-1.468372472,,0.003,0.003,0.6909,-0.369760183,,0.004,0.004,0.9212,-0.082078111,
652,0,0,0,0,#NUM!,,0.001,0.001,0.2303,-1.468372472,,0.003,0.003,0.6909,-0.369760183,,0.004,0.004,0.9212,-0.082078111,
653,0,0,0,0,#NUM!,,0.001,0.001,0.2303,-1.468372472,,0.003,0.003,0.6909,-0.369760183,,0.004,0.004,0.9212,-0.082078111,
654,0,0,0,0,#NUM!,,0.001,0.001,0.2303,-1.468372472,,0.003,0.003,0.6909,-0.369760183,,0.004,0.004,0.9212,-0.082078111,
655,0,0,0,0,#NUM!,,0.001,0.001,0.2303,-1.468372472,,0.004,0.004,0.9212,-0.082078111,,0.004,0.004,0.9212,-0.082078111,
656,0,0,0,0,#NUM!,,0.001,0.001,0.2303,-1.468372472,,0.003,0.003,0.6909,-0.369760183,,0.004,0.004,0.9212,-0.082078111,
657,0,0.001,0.001,0.2303,-1.468372472,,0.001,0.001,0.2303,-1.468372472,,0.003,0.003,0.6909,-0.369760183,,0.004,0.004,0.9212,-0.082078111,
658,0,0.001,0.001,0.2303,-1.468372472,,0.001,0.001,0.2303,-1.468372472,,0.003,0.003,0.6909,-0.369760183,,0.004,0.004,0.9212,-0.082078111,
659,0,0,0,0,#NUM!,,0,0,0,#NUM!,,0.003,0.003,0.6909,-0.369760183,,0.004,0.004,0.9212,-0.082078111,
660,0,0,0,0,#NUM!,,0,0,0,#NUM!,,0.003,0.003,0.6909,-0.369760183,,0.004,0.004,0.9212,-0.082078111,
661,0,0.001,0.001,0.2303,-1.468372472,,0,0,0,#NUM!,,0.003,0.003,0.6909,-0.369760183,,0.004,0.004,0.9212,-0.082078111,
662,0,0,0,0,#NUM!,,0,0,0,#NUM!,,0.003,0.003,0.6909,-0.369760183,,0.004,0.004,0.9212,-0.082078111,
663,0,0,0,0,#NUM!,,0,0,0,#NUM!,,0.003,0.003,0.6909,-0.369760183,,0.004,0.004,0.9212,-0.082078111,
664,0,0,0,0,#NUM!,,0,0,0,#NUM!,,0.003,0.003,0.6909,-0.369760183,,0.004,0.004,0.9212,-0.082078111,
665,0,0,0,0,#NUM!,,0,0,0,#NUM!,,0.003,0.003,0.6909,-0.369760183,,0.004,0.004,0.9212,-0.082078111,
666,0,0,0,0,#NUM!,,0,0,0,#NUM!,,0.003,0.003,0.6909,-0.369760183,,0.004,0.004,0.9212,-0.082078111,
667,0,0,0,0,#NUM!,,0,0,0,#NUM!,,0.003,0.003,0.6909,-0.369760183,,0.004,0.004,0.9212,-0.082078111,
668,0,0,0,0,#NUM!,,0,0,0,#NUM!,,0.003,0.003,0.6909,-0.369760183,,0.004,0.004,0.9212,-0.082078111,
669,0,0,0,0,#NUM!,,0,0,0,#NUM!,,0.003,0.003,0.6909,-0.369760183,,0.004,0.004,0.9212,-0.082078111,
670,0,0,0,0,#NUM!,,0,0,0,#NUM!,,0.003,0.003,0.6909,-0.369760183,,0.004,0.004,0.9212,-0.082078111,
671,0,0,0,0,#NUM!,,0,0,0,#NUM!,,0.003,0.003,0.6909,-0.369760183,,0.004,0.004,0.9212,-0.082078111,
672,0,0.001,0.001,0.2303,-1.468372472,,0,0,0,#NUM!,,0.003,0.003,0.6909,-0.369760183,,0.004,0.004,0.9212,-0.082078111,
673,0,0.001,0.001,0.2303,-1.468372472,,0,0,0,#NUM!,,0.003,0.003,0.6909,-0.369760183,,0.004,0.004,0.9212,-0.082078111,
674,0,0,0,0,#NUM!,,0,0,0,#NUM!,,0.003,0.003,0.6909,-0.369760183,,0.004,0.004,0.9212,-0.082078111,
675,0,0,0,0,#NUM!,,0,0,0,#NUM!,,0.003,0.003,0.6909,-0.369760183,,0.004,0.004,0.9212,-0.082078111,
676,0,0,0,0,#NUM!,,0,0,0,#NUM!,,0.003,0.003,0.6909,-0.369760183,,0.004,0.004,0.9212,-0.082078111,
677,0,0,0,0,#NUM!,,0,0,0,#NUM!,,0.003,0.003,0.6909,-0.369760183,,0.004,0.004,0.9212,-0.082078111,
678,0,0,0,0,#NUM!,,0,0,0,#NUM!,,0.003,0.003,0.6909,-0.369760183,,0.004,0.004,0.9212,-0.082078111,
679,0,0,0,0,#NUM!,,0,0,0,#NUM!,,0.003,0.003,0.6909,-0.369760183,,0.004,0.004,0.9212,-0.082078111,
680,0,0,0,0,#NUM!,,0,0,0,#NUM!,,0.003,0.003,0.6909,-0.369760183,,0.004,0.004,0.9212,-0.082078111,
681,0,0,0,0,#NUM!,,0,0,0,#NUM!,,0.003,0.003,0.6909,-0.369760183,,0.004,0.004,0.9212,-0.082078111,
682,0,0,0,0,#NUM!,,0,0,0,#NUM!,,0.003,0.003,0.6909,-0.369760183,,0.004,0.004,0.9212,-0.082078111,
683,0,0,0,0,#NUM!,,0,0,0,#NUM!,,0.003,0.003,0.6909,-0.369760183,,0.004,0.004,0.9212,-0.082078111,
684,0,0,0,0,#NUM!,,0,0,0,#NUM!,,0.003,0.003,0.6909,-0.369760183,,0.004,0.004,0.9212,-0.082078111,
685,0,0,0,0,#NUM!,,0,0,0,#NUM!,,0.003,0.003,0.6909,-0.369760183,,0.004,0.004,0.9212,-0.082078111,
686,0,0,0,0,#NUM!,,0,0,0,#NUM!,,0.003,0.003,0.6909,-0.369760183,,0.004,0.004,0.9212,-0.082078111,
687,0,0,0,0,#NUM!,,0,0,0,#NUM!,,0.003,0.003,0.6909,-0.369760183,,0.004,0.004,0.9212,-0.082078111,
688,0,0,0,0,#NUM!,,0,0,0,#NUM!,,0.003,0.003,0.6909,-0.369760183,,0.004,0.004,0.9212,-0.082078111,
689,0,0,0,0,#NUM!,,0,0,0,#NUM!,,0.003,0.003,0.6909,-0.369760183,,0.004,0.004,0.9212,-0.082078111,
690,0,0,0,0,#NUM!,,0,0,0,#NUM!,,0.003,0.003,0.6909,-0.369760183,,0.004,0.004,0.9212,-0.082078111,
691,0,0,0,0,#NUM!,,0,0,0,#NUM!,,0.003,0.003,0.6909,-0.369760183,,0.004,0.004,0.9212,-0.082078111,
692,0,0,0,0,#NUM!,,0,0,0,#NUM!,,0.003,0.003,0.6909,-0.369760183,,0.004,0.004,0.9212,-0.082078111,
693,0,0,0,0,#NUM!,,0,0,0,#NUM!,,0.003,0.003,0.6909,-0.369760183,,0.004,0.004,0.9212,-0.082078111,
694,0,0,0,0,#NUM!,,0,0,0,#NUM!,,0.003,0.003,0.6909,-0.369760183,,0.004,0.004,0.9212,-0.082078111,
695,0,0,0,0,#NUM!,,0,0,0,#NUM!,,0.003,0.003,0.6909,-0.369760183,,0.004,0.004,0.9212,-0.082078111,
696,0,0,0,0,#NUM!,,0,0,0,#NUM!,,0.003,0.003,0.6909,-0.369760183,,0.004,0.004,0.9212,-0.082078111,
697,0,0,0,0,#NUM!,,0,0,0,#NUM!,,0.003,0.003,0.6909,-0.369760183,,0.004,0.004,0.9212,-0.082078111,
698,0,0,0,0,#NUM!,,0,0,0,#NUM!,,0.003,0.003,0.6909,-0.369760183,,0.004,0.004,0.9212,-0.082078111,
699,0,0,0,0,#NUM!,,0,0,0,#NUM!,,0.003,0.003,0.6909,-0.369760183,,0.004,0.004,0.9212,-0.082078111,
700,0,0,0,0,#NUM!,,0,0,0,#NUM!,,0.003,0.003,0.6909,-0.369760183,,0.004,0.004,0.9212,-0.082078111,
701,0,0,0,0,#NUM!,,0,0,0,#NUM!,,0.003,0.003,0.6909,-0.369760183,,0.004,0.004,0.9212,-0.082078111,
702,0,0.001,0.001,0.2303,-1.468372472,,0,0,0,#NUM!,,0.003,0.003,0.6909,-0.369760183,,0.004,0.004,0.9212,-0.082078111,
703,0,0,0,0,#NUM!,,0,0,0,#NUM!,,0.003,0.003,0.6909,-0.369760183,,0.004,0.004,0.9212,-0.082078111,
704,0,0,0,0,#NUM!,,0,0,0,#NUM!,,0.003,0.003,0.6909,-0.369760183,,0.004,0.004,0.9212,-0.082078111,
705,0,0,0,0,#NUM!,,0,0,0,#NUM!,,0.003,0.003,0.6909,-0.369760183,,0.004,0.004,0.9212,-0.082078111,
706,0,0,0,0,#NUM!,,0,0,0,#NUM!,,0.003,0.003,0.6909,-0.369760183,,0.004,0.004,0.9212,-0.082078111,
707,0,0,0,0,#NUM!,,0,0,0,#NUM!,,0.003,0.003,0.6909,-0.369760183,,0.004,0.004,0.9212,-0.082078111,
708,0,0,0,0,#NUM!,,0,0,0,#NUM!,,0.003,0.003,0.6909,-0.369760183,,0.004,0.004,0.9212,-0.082078111,
709,0,0,0,0,#NUM!,,0,0,0,#NUM!,,0.003,0.003,0.6909,-0.369760183,,0.004,0.004,0.9212,-0.082078111,
710,0,0,0,0,#NUM!,,0,0,0,#NUM!,,0.003,0.003,0.6909,-0.369760183,,0.004,0.004,0.9212,-0.082078111,
711,0,0,0,0,#NUM!,,0,0,0,#NUM!,,0.003,0.003,0.6909,-0.369760183,,0.004,0.004,0.9212,-0.082078111,
712,0,0,0,0,#NUM!,,0,0,0,#NUM!,,0.003,0.003,0.6909,-0.369760183,,0.004,0.004,0.9212,-0.082078111,
713,0,0,0,0,#NUM!,,0,0,0,#NUM!,,0.003,0.003,0.6909,-0.369760183,,0.004,0.004,0.9212,-0.082078111,
714,0,0,0,0,#NUM!,,0,0,0,#NUM!,,0.003,0.003,0.6909,-0.369760183,,0.004,0.004,0.9212,-0.082078111,
715,0,0,0,0,#NUM!,,0,0,0,#NUM!,,0.003,0.003,0.6909,-0.369760183,,0.004,0.004,0.9212,-0.082078111,
716,0,0,0,0,#NUM!,,0,0,0,#NUM!,,0.003,0.003,0.6909,-0.369760183,,0.004,0.004,0.9212,-0.082078111,
717,0,0,0,0,#NUM!,,0,0,0,#NUM!,,0.003,0.003,0.6909,-0.369760183,,0.004,0.004,0.9212,-0.082078111,
718,0,0,0,0,#NUM!,,0,0,0,#NUM!,,0.003,0.003,0.6909,-0.369760183,,0.004,0.004,0.9212,-0.082078111,
719,0,0,0,0,#NUM!,,0,0,0,#NUM!,,0.003,0.003,0.6909,-0.369760183,,0.004,0.004,0.9212,-0.082078111,
720,0,0,0,0,#NUM!,,0,0,0,#NUM!,,0.003,0.003,0.6909,-0.369760183,,0.004,0.004,0.9212,-0.082078111,
721,0,0,0,0,#NUM!,,0,0,0,#NUM!,,0.003,0.003,0.6909,-0.369760183,,0.004,0.004,0.9212,-0.082078111,
722,0,0,0,0,#NUM!,,0,0,0,#NUM!,,0.003,0.003,0.6909,-0.369760183,,0.004,0.004,0.9212,-0.082078111,
723,0,0,0,0,#NUM!,,0,0,0,#NUM!,,0.003,0.003,0.6909,-0.369760183,,0.004,0.004,0.9212,-0.082078111,
724,0,0,0,0,#NUM!,,0,0,0,#NUM!,,0.003,0.003,0.6909,-0.369760183,,0.004,0.004,0.9212,-0.082078111,
725,0,0,0,0,#NUM!,,0,0,0,#NUM!,,0.003,0.003,0.6909,-0.369760183,,0.004,0.004,0.9212,-0.082078111,
726,0,0,0,0,#NUM!,,0,0,0,#NUM!,,0.003,0.003,0.6909,-0.369760183,,0.004,0.004,0.9212,-0.082078111,
727,0,0,0,0,#NUM!,,0,0,0,#NUM!,,0.003,0.003,0.6909,-0.369760183,,0.004,0.004,0.9212,-0.082078111,
728,0,0,0,0,#NUM!,,0,0,0,#NUM!,,0.003,0.003,0.6909,-0.369760183,,0.004,0.004,0.9212,-0.082078111,
729,0,0,0,0,#NUM!,,0,0,0,#NUM!,,0.003,0.003,0.6909,-0.369760183,,0.004,0.004,0.9212,-0.082078111,
730,0,0,0,0,#NUM!,,0,0,0,#NUM!,,0.003,0.003,0.6909,-0.369760183,,0.003,0.003,0.6909,-0.369760183,
731,0,0,0,0,#NUM!,,0,0,0,#NUM!,,0.003,0.003,0.6909,-0.369760183,,0.003,0.003,0.6909,-0.369760183,
732,0,0,0,0,#NUM!,,0,0,0,#NUM!,,0.003,0.003,0.6909,-0.369760183,,0.003,0.003,0.6909,-0.369760183,
733,0,0,0,0,#NUM!,,0,0,0,#NUM!,,0.003,0.003,0.6909,-0.369760183,,0.003,0.003,0.6909,-0.369760183,
734,0,0,0,0,#NUM!,,0,0,0,#NUM!,,0.003,0.003,0.6909,-0.369760183,,0.003,0.003,0.6909,-0.369760183,
735,0,0,0,0,#NUM!,,0,0,0,#NUM!,,0.003,0.003,0.6909,-0.369760183,,0.003,0.003,0.6909,-0.369760183,
736,0,0,0,0,#NUM!,,0,0,0,#NUM!,,0.003,0.003,0.6909,-0.369760183,,0.003,0.003,0.6909,-0.369760183,
737,0,0,0,0,#NUM!,,0,0,0,#NUM!,,0.003,0.003,0.6909,-0.369760183,,0.003,0.003,0.6909,-0.369760183,
738,0,0,0,0,#NUM!,,0,0,0,#NUM!,,0.003,0.003,0.6909,-0.369760183,,0.003,0.003,0.6909,-0.369760183,
739,0,0,0,0,#NUM!,,0,0,0,#NUM!,,0.003,0.003,0.6909,-0.369760183,,0.003,0.003,0.6909,-0.369760183,
740,0,0,0,0,#NUM!,,0,0,0,#NUM!,,0.003,0.003,0.6909,-0.369760183,,0.003,0.003,0.6909,-0.369760183,
741,0,0,0,0,#NUM!,,0,0,0,#NUM!,,0.003,0.003,0.6909,-0.369760183,,0.003,0.003,0.6909,-0.369760183,
742,0,0,0,0,#NUM!,,0,0,0,#NUM!,,0.003,0.003,0.6909,-0.369760183,,0.003,0.003,0.6909,-0.369760183,
743,0,0,0,0,#NUM!,,0,0,0,#NUM!,,0.003,0.003,0.6909,-0.369760183,,0.003,0.003,0.6909,-0.369760183,
744,0,0,0,0,#NUM!,,0,0,0,#NUM!,,0.003,0.003,0.6909,-0.369760183,,0.003,0.003,0.6909,-0.369760183,
745,0,0,0,0,#NUM!,,0,0,0,#NUM!,,0.003,0.003,0.6909,-0.369760183,,0.003,0.003,0.6909,-0.369760183,
746,0,0,0,0,#NUM!,,0,0,0,#NUM!,,0.003,0.003,0.6909,-0.369760183,,0.003,0.003,0.6909,-0.369760183,
747,0,0,0,0,#NUM!,,0,0,0,#NUM!,,0.003,0.003,0.6909,-0.369760183,,0.003,0.003,0.6909,-0.369760183,
748,0,0,0,0,#NUM!,,0,0,0,#NUM!,,0.003,0.003,0.6909,-0.369760183,,0.003,0.003,0.6909,-0.369760183,
749,0,0,0,0,#NUM!,,0,0,0,#NUM!,,0.003,0.003,0.6909,-0.369760183,,0.003,0.003,0.6909,-0.369760183,
750,0,0,0,0,#NUM!,,0,0,0,#NUM!,,0.003,0.003,0.6909,-0.369760183,,0.003,0.003,0.6909,-0.369760183,
751,0,0,0,0,#NUM!,,0,0,0,#NUM!,,0.003,0.003,0.6909,-0.369760183,,0.003,0.003,0.6909,-0.369760183,
752,0,0,0,0,#NUM!,,0,0,0,#NUM!,,0.003,0.003,0.6909,-0.369760183,,0.003,0.003,0.6909,-0.369760183,
753,0,0,0,0,#NUM!,,0,0,0,#NUM!,,0.003,0.003,0.6909,-0.369760183,,0.003,0.003,0.6909,-0.369760183,
754,0,0,0,0,#NUM!,,0,0,0,#NUM!,,0.003,0.003,0.6909,-0.369760183,,0.003,0.003,0.6909,-0.369760183,
755,0,0,0,0,#NUM!,,0,0,0,#NUM!,,0.003,0.003,0.6909,-0.369760183,,0.003,0.003,0.6909,-0.369760183,
756,0,0,0,0,#NUM!,,0,0,0,#NUM!,,0.003,0.003,0.6909,-0.369760183,,0.003,0.003,0.6909,-0.369760183,
757,0,0,0,0,#NUM!,,0,0,0,#NUM!,,0.003,0.003,0.6909,-0.369760183,,0.003,0.003,0.6909,-0.369760183,
758,0,0,0,0,#NUM!,,0,0,0,#NUM!,,0.003,0.003,0.6909,-0.369760183,,0.003,0.003,0.6909,-0.369760183,
759,0,0.001,0.001,0.2303,-1.468372472,,0,0,0,#NUM!,,0.003,0.003,0.6909,-0.369760183,,0.003,0.003,0.6909,-0.369760183,
760,0.001,0.001,0,0,#NUM!,,0.001,0,0,#NUM!,,0.004,0.003,0.6909,-0.369760183,,0.004,0.003,0.6909,-0.369760183,
761,0,0.001,0.001,0.2303,-1.468372472,,0,0,0,#NUM!,,0.003,0.003,0.6909,-0.369760183,,0.004,0.004,0.9212,-0.082078111,
762,0,0,0,0,#NUM!,,0,0,0,#NUM!,,0.003,0.003,0.6909,-0.369760183,,0.003,0.003,0.6909,-0.369760183,
763,0,0,0,0,#NUM!,,0,0,0,#NUM!,,0.003,0.003,0.6909,-0.369760183,,0.003,0.003,0.6909,-0.369760183,
764,0,0,0,0,#NUM!,,0,0,0,#NUM!,,0.003,0.003,0.6909,-0.369760183,,0.003,0.003,0.6909,-0.369760183,
765,0,0,0,0,#NUM!,,0,0,0,#NUM!,,0.003,0.003,0.6909,-0.369760183,,0.003,0.003,0.6909,-0.369760183,
766,0,0,0,0,#NUM!,,0,0,0,#NUM!,,0.003,0.003,0.6909,-0.369760183,,0.003,0.003,0.6909,-0.369760183,
767,0,0,0,0,#NUM!,,0,0,0,#NUM!,,0.003,0.003,0.6909,-0.369760183,,0.003,0.003,0.6909,-0.369760183,
768,0,0,0,0,#NUM!,,0,0,0,#NUM!,,0.003,0.003,0.6909,-0.369760183,,0.003,0.003,0.6909,-0.369760183,
769,0,0.001,0.001,0.2303,-1.468372472,,0,0,0,#NUM!,,0.003,0.003,0.6909,-0.369760183,,0.003,0.003,0.6909,-0.369760183,
770,0,0.001,0.001,0.2303,-1.468372472,,0,0,0,#NUM!,,0.003,0.003,0.6909,-0.369760183,,0.003,0.003,0.6909,-0.369760183,
771,0,0.001,0.001,0.2303,-1.468372472,,0,0,0,#NUM!,,0.003,0.003,0.6909,-0.369760183,,0.003,0.003,0.6909,-0.369760183,
772,0,0.001,0.001,0.2303,-1.468372472,,0,0,0,#NUM!,,0.003,0.003,0.6909,-0.369760183,,0.003,0.003,0.6909,-0.369760183,
773,0,0.001,0.001,0.2303,-1.468372472,,0,0,0,#NUM!,,0.003,0.003,0.6909,-0.369760183,,0.003,0.003,0.6909,-0.369760183,
774,0,0.001,0.001,0.2303,-1.468372472,,0,0,0,#NUM!,,0.003,0.003,0.6909,-0.369760183,,0.003,0.003,0.6909,-0.369760183,
775,0,0.001,0.001,0.2303,-1.468372472,,0,0,0,#NUM!,,0.003,0.003,0.6909,-0.369760183,,0.003,0.003,0.6909,-0.369760183,
776,0,0.001,0.001,0.2303,-1.468372472,,0,0,0,#NUM!,,0.003,0.003,0.6909,-0.369760183,,0.003,0.003,0.6909,-0.369760183,
777,0,0.001,0.001,0.2303,-1.468372472,,0,0,0,#NUM!,,0.003,0.003,0.6909,-0.369760183,,0.003,0.003,0.6909,-0.369760183,
778,0,0.001,0.001,0.2303,-1.468372472,,0,0,0,#NUM!,,0.003,0.003,0.6909,-0.369760183,,0.003,0.003,0.6909,-0.369760183,
779,0,0.001,0.001,0.2303,-1.468372472,,0,0,0,#NUM!,,0.003,0.003,0.6909,-0.369760183,,0.003,0.003,0.6909,-0.369760183,
780,0,0.001,0.001,0.2303,-1.468372472,,0,0,0,#NUM!,,0.003,0.003,0.6909,-0.369760183,,0.003,0.003,0.6909,-0.369760183,
781,0,0.001,0.001,0.2303,-1.468372472,,0,0,0,#NUM!,,0.003,0.003,0.6909,-0.369760183,,0.003,0.003,0.6909,-0.369760183,
782,0,0.001,0.001,0.2303,-1.468372472,,0,0,0,#NUM!,,0.003,0.003,0.6909,-0.369760183,,0.003,0.003,0.6909,-0.369760183,
783,0,0.001,0.001,0.2303,-1.468372472,,0,0,0,#NUM!,,0.003,0.003,0.6909,-0.369760183,,0.003,0.003,0.6909,-0.369760183,
784,0,0.001,0.001,0.2303,-1.468372472,,0,0,0,#NUM!,,0.003,0.003,0.6909,-0.369760183,,0.003,0.003,0.6909,-0.369760183,
785,0,0.001,0.001,0.2303,-1.468372472,,0,0,0,#NUM!,,0.003,0.003,0.6909,-0.369760183,,0.003,0.003,0.6909,-0.369760183,
786,0,0.001,0.001,0.2303,-1.468372472,,0,0,0,#NUM!,,0.003,0.003,0.6909,-0.369760183,,0.003,0.003,0.6909,-0.369760183,
787,0,0.001,0.001,0.2303,-1.468372472,,0,0,0,#NUM!,,0.003,0.003,0.6909,-0.369760183,,0.003,0.003,0.6909,-0.369760183,
788,0,0.001,0.001,0.2303,-1.468372472,,0,0,0,#NUM!,,0.003,0.003,0.6909,-0.369760183,,0.003,0.003,0.6909,-0.369760183,
789,0,0.001,0.001,0.2303,-1.468372472,,0,0,0,#NUM!,,0.003,0.003,0.6909,-0.369760183,,0.003,0.003,0.6909,-0.369760183,
790,0,0.001,0.001,0.2303,-1.468372472,,0,0,0,#NUM!,,0.003,0.003,0.6909,-0.369760183,,0.003,0.003,0.6909,-0.369760183,
791,0,0.001,0.001,0.2303,-1.468372472,,0,0,0,#NUM!,,0.003,0.003,0.6909,-0.369760183,,0.003,0.003,0.6909,-0.369760183,
792,0,0.001,0.001,0.2303,-1.468372472,,0,0,0,#NUM!,,0.003,0.003,0.6909,-0.369760183,,0.003,0.003,0.6909,-0.369760183,
793,0,0.001,0.001,0.2303,-1.468372472,,0,0,0,#NUM!,,0.003,0.003,0.6909,-0.369760183,,0.003,0.003,0.6909,-0.369760183,
794,0,0.001,0.001,0.2303,-1.468372472,,0,0,0,#NUM!,,0.003,0.003,0.6909,-0.369760183,,0.003,0.003,0.6909,-0.369760183,
795,0,0.001,0.001,0.2303,-1.468372472,,0,0,0,#NUM!,,0.003,0.003,0.6909,-0.369760183,,0.003,0.003,0.6909,-0.369760183,
796,0,0.001,0.001,0.2303,-1.468372472,,0,0,0,#NUM!,,0.003,0.003,0.6909,-0.369760183,,0.003,0.003,0.6909,-0.369760183,
797,0,0.001,0.001,0.2303,-1.468372472,,0,0,0,#NUM!,,0.003,0.003,0.6909,-0.369760183,,0.003,0.003,0.6909,-0.369760183,
798,0,0.001,0.001,0.2303,-1.468372472,,0,0,0,#NUM!,,0.003,0.003,0.6909,-0.369760183,,0.003,0.003,0.6909,-0.369760183,
799,0,0.001,0.001,0.2303,-1.468372472,,0,0,0,#NUM!,,0.003,0.003,0.6909,-0.369760183,,0.003,0.003,0.6909,-0.369760183,
800,0,0.001,0.001,0.2303,-1.468372472,,0,0,0,#NUM!,,0.003,0.003,0.6909,-0.369760183,,0.003,0.003,0.6909,-0.369760183,
801,0,0.001,0.001,0.2303,-1.468372472,,0,0,0,#NUM!,,0.003,0.003,0.6909,-0.369760183,,0.003,0.003,0.6909,-0.369760183,
802,0,0.001,0.001,0.2303,-1.468372472,,0,0,0,#NUM!,,0.003,0.003,0.6909,-0.369760183,,0.003,0.003,0.6909,-0.369760183,
803,0,0.001,0.001,0.2303,-1.468372472,,0,0,0,#NUM!,,0.003,0.003,0.6909,-0.369760183,,0.003,0.003,0.6909,-0.369760183,
804,0,0.001,0.001,0.2303,-1.468372472,,0,0,0,#NUM!,,0.003,0.003,0.6909,-0.369760183,,0.003,0.003,0.6909,-0.369760183,
805,0,0.001,0.001,0.2303,-1.468372472,,0,0,0,#NUM!,,0.003,0.003,0.6909,-0.369760183,,0.003,0.003,0.6909,-0.369760183,
806,0,0.001,0.001,0.2303,-1.468372472,,0,0,0,#NUM!,,0.003,0.003,0.6909,-0.369760183,,0.003,0.003,0.6909,-0.369760183,
807,0,0.001,0.001,0.2303,-1.468372472,,0,0,0,#NUM!,,0.003,0.003,0.6909,-0.369760183,,0.003,0.003,0.6909,-0.369760183,
808,0,0.001,0.001,0.2303,-1.468372472,,0,0,0,#NUM!,,0.003,0.003,0.6909,-0.369760183,,0.003,0.003,0.6909,-0.369760183,
809,0,0.001,0.001,0.2303,-1.468372472,,0,0,0,#NUM!,,0.003,0.003,0.6909,-0.369760183,,0.003,0.003,0.6909,-0.369760183,
810,0,0.001,0.001,0.2303,-1.468372472,,0,0,0,#NUM!,,0.003,0.003,0.6909,-0.369760183,,0.003,0.003,0.6909,-0.369760183,
811,0,0.001,0.001,0.2303,-1.468372472,,0,0,0,#NUM!,,0.003,0.003,0.6909,-0.369760183,,0.003,0.003,0.6909,-0.369760183,
812,0,0.001,0.001,0.2303,-1.468372472,,0,0,0,#NUM!,,0.003,0.003,0.6909,-0.369760183,,0.003,0.003,0.6909,-0.369760183,
813,0,0.001,0.001,0.2303,-1.468372472,,0,0,0,#NUM!,,0.003,0.003,0.6909,-0.369760183,,0.003,0.003,0.6909,-0.369760183,
814,0,0.001,0.001,0.2303,-1.468372472,,0,0,0,#NUM!,,0.003,0.003,0.6909,-0.369760183,,0.003,0.003,0.6909,-0.369760183,
815,0,0.001,0.001,0.2303,-1.468372472,,0,0,0,#NUM!,,0.003,0.003,0.6909,-0.369760183,,0.003,0.003,0.6909,-0.369760183,
816,0,0.001,0.001,0.2303,-1.468372472,,0,0,0,#NUM!,,0.003,0.003,0.6909,-0.369760183,,0.003,0.003,0.6909,-0.369760183,
817,0,0.001,0.001,0.2303,-1.468372472,,0,0,0,#NUM!,,0.003,0.003,0.6909,-0.369760183,,0.003,0.003,0.6909,-0.369760183,
818,0,0.001,0.001,0.2303,-1.468372472,,0,0,0,#NUM!,,0.003,0.003,0.6909,-0.369760183,,0.003,0.003,0.6909,-0.369760183,
819,0,0.001,0.001,0.2303,-1.468372472,,0.001,0.001,0.2303,-1.468372472,,0.003,0.003,0.6909,-0.369760183,,0.003,0.003,0.6909,-0.369760183,
820,0,0.001,0.001,0.2303,-1.468372472,,0.001,0.001,0.2303,-1.468372472,,0.003,0.003,0.6909,-0.369760183,,0.003,0.003,0.6909,-0.369760183,
821,0,0.001,0.001,0.2303,-1.468372472,,0.001,0.001,0.2303,-1.468372472,,0.003,0.003,0.6909,-0.369760183,,0.003,0.003,0.6909,-0.369760183,
822,0,0.001,0.001,0.2303,-1.468372472,,0.001,0.001,0.2303,-1.468372472,,0.003,0.003,0.6909,-0.369760183,,0.003,0.003,0.6909,-0.369760183,
823,0,0.001,0.001,0.2303,-1.468372472,,0.001,0.001,0.2303,-1.468372472,,0.003,0.003,0.6909,-0.369760183,,0.003,0.003,0.6909,-0.369760183,
824,0,0.001,0.001,0.2303,-1.468372472,,0.001,0.001,0.2303,-1.468372472,,0.003,0.003,0.6909,-0.369760183,,0.003,0.003,0.6909,-0.369760183,
825,0,0.001,0.001,0.2303,-1.468372472,,0.001,0.001,0.2303,-1.468372472,,0.003,0.003,0.6909,-0.369760183,,0.003,0.003,0.6909,-0.369760183,
826,0,0.001,0.001,0.2303,-1.468372472,,0.001,0.001,0.2303,-1.468372472,,0.003,0.003,0.6909,-0.369760183,,0.003,0.003,0.6909,-0.369760183,
827,0,0.001,0.001,0.2303,-1.468372472,,0.001,0.001,0.2303,-1.468372472,,0.003,0.003,0.6909,-0.369760183,,0.003,0.003,0.6909,-0.369760183,
828,0,0.001,0.001,0.2303,-1.468372472,,0.001,0.001,0.2303,-1.468372472,,0.003,0.003,0.6909,-0.369760183,,0.003,0.003,0.6909,-0.369760183,
829,0,0,0,0,#NUM!,,0,0,0,#NUM!,,0.003,0.003,0.6909,-0.369760183,,0.003,0.003,0.6909,-0.369760183,
830,0,0,0,0,#NUM!,,0,0,0,#NUM!,,0.003,0.003,0.6909,-0.369760183,,0.003,0.003,0.6909,-0.369760183,
831,0,0,0,0,#NUM!,,0,0,0,#NUM!,,0.003,0.003,0.6909,-0.369760183,,0.003,0.003,0.6909,-0.369760183,
832,0,0,0,0,#NUM!,,0,0,0,#NUM!,,0.003,0.003,0.6909,-0.369760183,,0.003,0.003,0.6909,-0.369760183,
833,0,0,0,0,#NUM!,,0,0,0,#NUM!,,0.003,0.003,0.6909,-0.369760183,,0.003,0.003,0.6909,-0.369760183,
834,0,0,0,0,#NUM!,,0,0,0,#NUM!,,0.003,0.003,0.6909,-0.369760183,,0.003,0.003,0.6909,-0.369760183,
835,0,0,0,0,#NUM!,,0,0,0,#NUM!,,0.003,0.003,0.6909,-0.369760183,,0.003,0.003,0.6909,-0.369760183,
836,0,0,0,0,#NUM!,,0,0,0,#NUM!,,0.003,0.003,0.6909,-0.369760183,,0.003,0.003,0.6909,-0.369760183,
837,0,0,0,0,#NUM!,,0,0,0,#NUM!,,0.003,0.003,0.6909,-0.369760183,,0.003,0.003,0.6909,-0.369760183,
838,0,0,0,0,#NUM!,,0,0,0,#NUM!,,0.003,0.003,0.6909,-0.369760183,,0.003,0.003,0.6909,-0.369760183,
839,0,0,0,0,#NUM!,,0,0,0,#NUM!,,0.003,0.003,0.6909,-0.369760183,,0.003,0.003,0.6909,-0.369760183,
840,0,0,0,0,#NUM!,,0,0,0,#NUM!,,0.003,0.003,0.6909,-0.369760183,,0.003,0.003,0.6909,-0.369760183,
841,0,0,0,0,#NUM!,,0,0,0,#NUM!,,0.003,0.003,0.6909,-0.369760183,,0.003,0.003,0.6909,-0.369760183,
842,0,0,0,0,#NUM!,,0,0,0,#NUM!,,0.003,0.003,0.6909,-0.369760183,,0.003,0.003,0.6909,-0.369760183,
843,0,0,0,0,#NUM!,,0,0,0,#NUM!,,0.003,0.003,0.6909,-0.369760183,,0.003,0.003,0.6909,-0.369760183,
844,0,0,0,0,#NUM!,,0,0,0,#NUM!,,0.003,0.003,0.6909,-0.369760183,,0.003,0.003,0.6909,-0.369760183,
845,0,0,0,0,#NUM!,,0,0,0,#NUM!,,0.003,0.003,0.6909,-0.369760183,,0.003,0.003,0.6909,-0.369760183,
846,0,0,0,0,#NUM!,,0,0,0,#NUM!,,0.003,0.003,0.6909,-0.369760183,,0.003,0.003,0.6909,-0.369760183,
847,0,0.001,0.001,0.2303,-1.468372472,,0.001,0.001,0.2303,-1.468372472,,0.003,0.003,0.6909,-0.369760183,,0.003,0.003,0.6909,-0.369760183,
848,0,0.001,0.001,0.2303,-1.468372472,,0.001,0.001,0.2303,-1.468372472,,0.003,0.003,0.6909,-0.369760183,,0.003,0.003,0.6909,-0.369760183,
849,0,0.001,0.001,0.2303,-1.468372472,,0.001,0.001,0.2303,-1.468372472,,0.003,0.003,0.6909,-0.369760183,,0.003,0.003,0.6909,-0.369760183,
850,0,0,0,0,#NUM!,,0.001,0.001,0.2303,-1.468372472,,0.003,0.003,0.6909,-0.369760183,,0.003,0.003,0.6909,-0.369760183,
